# name	kind	size	fingerprint	levels	places (level:address)
func_L00_001EAD88	shared	96	f50a790db181b5ba	19	00:001EAD88,01:0020C908,02:001FBB88,03:001E4608,04:001DD608,05:00219988,06:00202908,07:00212A88,08:001FD708,09:00209F88,10:001DE308,11:0021C508,12:0020D708,13:001F6688,14:001FDF08,15:001E4388,16:001E9508,17:001E7E08,18:001F3988
func_001EE6D0	exe	4	c4b1ca43324f455f	19	00:001EADE8,00:001EDBF8,00:001EE2D8,01:0020C968,01:0020F778,01:0020FE58,02:001FBBE8,02:001FEA60,02:001FF140,03:001E4668,03:001E74E0,03:001E7BC0,04:001DD668,04:001E04E0,04:001E0BC0,05:002199E8,05:0021C860,05:0021CF40,06:00202968,06:002057E0,06:00205EC0,07:00212AE8,07:00215960,07:00216040,08:001FD768,08:00200578,08:00200C58,09:00209FE8,09:0020CE60,09:0020D540,10:001DE368,10:001E11E0,10:001E18C0,11:0021C568,11:0021F3E0,11:0021FAC0,12:0020D768,12:002105E0,12:00210CC0,13:001F66E8,13:001F9560,13:001F9C40,14:001FDF68,14:00200DE0,14:002014C0,15:001E43E8,15:001E7260,15:001E7940,16:001E9568,16:001EC3E0,16:001ECAC0,17:001E7E68,17:001EACE0,17:001EB3C0,18:001F39E8,18:001F6860,18:001F6F40
func_L00_001EADEC	shared	692	6083a3a09eb29bb0	19	00:001EADEC,01:0020C96C,02:001FBBEC,03:001E466C,04:001DD66C,05:002199EC,06:0020296C,07:00212AEC,08:001FD76C,09:00209FEC,10:001DE36C,11:0021C56C,12:0020D76C,13:001F66EC,14:001FDF6C,15:001E43EC,16:001E956C,17:001E7E6C,18:001F39EC
func_001FBC78	exe	4	cb8b2cf45a7fa7be	19	00:001EB0A0,01:0020CC20,02:001FBEA0,03:001E4920,04:001DD920,05:00219CA0,06:00202C20,07:00212DA0,08:001FDA20,09:0020A2A0,10:001DE620,11:0021C820,12:0020DA20,13:001F69A0,14:001FE220,15:001E46A0,16:001E9820,17:001E8120,18:001F3CA0
func_L00_001EB0A4	shared	240	8383eecee47adb1a	19	00:001EB0A4,01:0020CC24,02:001FBEA4,03:001E4924,04:001DD924,05:00219CA4,06:00202C24,07:00212DA4,08:001FDA24,09:0020A2A4,10:001DE624,11:0021C824,12:0020DA24,13:001F69A4,14:001FE224,15:001E46A4,16:001E9824,17:001E8124,18:001F3CA4
func_L00_001EB194	shared	8	62ba7f3edd0a1add	19	00:001EB194,01:0020CD14,02:001FBF94,03:001E4A14,04:001DDA14,05:00219D94,06:00202D14,07:00212E94,08:001FDB14,09:0020A394,10:001DE714,11:0021C914,12:0020DB14,13:001F6A94,14:001FE314,15:001E4794,16:001E9914,17:001E8214,18:001F3D94
func_001E94A0	exe	4	af11b5c4f5dea574	19	00:001EB1A0,00:0023D748,00:0025C6F8,00:00265398,00:002F1C38,01:0020CD20,01:002522C8,01:00271570,01:00271620,01:0031E098,02:001FBFA0,02:0023FDC8,02:0025ED00,02:0025EDB0,02:00268CA8,02:002A59D0,02:00300820,03:001E4A20,03:0022C3F0,03:0024B0E8,03:0024B198,03:002F18C0,04:001DDA20,04:00230CA8,04:0024F6A8,04:002F5900,05:00219DA0,05:00263488,05:002869A8,05:00286A58,05:0028F2A0,05:0032FD20,06:00202D20,06:0024CFC8,06:0026B4D8,06:00274100,06:0031A890,07:00212EA0,07:002658B8,07:002850D8,07:00285188,07:0028DA10,07:0028F9D8,07:0032D808,08:001FDB20,08:00247EA0,08:00266BA0,08:00266C50,08:0031B288,09:0020A3A0,09:0025D328,09:0027C0F0,09:0027C1A0,09:00319C88,10:001DE720,10:00230D30,10:0024F168,10:0025A4A0,10:002FADD8,11:0021C920,11:00263658,11:00282548,11:002825F8,11:00304228,11:00310768,11:0032CE70,12:0020DB20,12:002564A8,12:00275568,12:0031ABA8,13:001F6AA0,13:00249538,13:002686E0,13:00268790,13:00270CB0,13:0031C6B8,14:001FE320,14:00245720,14:00264A78,14:0026CCB0,14:0031B138,15:001E47A0,15:0022D840,15:0024BF70,15:0024C020,15:002548C0,15:002DF468,15:002FD2F0,16:001E9920,16:00235B08,16:00257F98,16:00258048,16:002606F0,16:002F9DB0,17:001E8220,17:00238AA8,17:00257060,17:00257110,17:00261168,17:002DD8C8,17:003054C0,18:001F3DA0,18:002405B0,18:0025E9C8,18:00267758,18:0030B038
func_L00_001EB1A4	shared	8	bcb738dd2b9b07d0	19	00:001EB1A4,01:0020CD24,02:001FBFA4,03:001E4A24,04:001DDA24,05:00219DA4,06:00202D24,07:00212EA4,08:001FDB24,09:0020A3A4,10:001DE724,11:0021C924,12:0020DB24,13:001F6AA4,14:001FE324,15:001E47A4,16:001E9924,17:001E8224,18:001F3DA4
func_001E94E8	exe	464	2e477619ce30bc35	19	00:001EB1B0,01:0020CD30,02:001FBFB0,03:001E4A30,04:001DDA30,05:00219DB0,06:00202D30,07:00212EB0,08:001FDB30,09:0020A3B0,10:001DE730,11:0021C930,12:0020DB30,13:001F6AB0,14:001FE330,15:001E47B0,16:001E9930,17:001E8230,18:001F3DB0
func_L00_001EB380	shared	104	358c53a9e6e360b0	19	00:001EB380,01:0020CF00,02:001FC180,03:001E4C00,04:001DDC00,05:00219F80,06:00202F00,07:00213080,08:001FDD00,09:0020A580,10:001DE900,11:0021CB00,12:0020DD00,13:001F6C80,14:001FE500,15:001E4980,16:001E9B00,17:001E8400,18:001F3F80
func_001FFD98	exe	4	47e636e54155cbc8	19	00:001EB3E8,00:00236380,00:00236BF0,00:00267D10,00:00270730,00:00270898,00:0028EBE0,01:0020CF68,01:0024B990,01:0024C200,01:00279390,01:0027C818,01:002856B8,01:00285820,01:002A2538,01:002E4578,01:00318258,01:003182C8,02:001FC1E8,02:00239878,02:00265620,02:00265D38,02:002692D8,02:00271CF8,02:00271E60,02:0028E210,02:002CD288,03:001E4C68,03:00225AB8,03:00226328,03:00251AC0,03:00252960,03:00255DE0,03:0025E920,03:0025EA88,03:0027B340,04:001DDC68,04:002298E0,04:0022A150,04:0025A4B0,04:00262FF0,04:00263158,04:0027FA70,04:002971A0,04:002C8488,04:002EFB70,04:002EFBE0,05:00219FE8,05:0025F710,05:0025FF80,05:0028E9C8,05:00291C18,05:0029A638,05:0029A7A0,05:002B7248,06:00202F68,06:00246110,06:00272F98,06:002736B0,06:00276A78,06:0027F5F0,06:0027F758,06:0029BC50,07:002130E8,07:0025E168,07:0025E9D8,07:00282EA8,07:0028FF38,07:00298958,07:00298AC0,07:002B57D0,08:001FDD68,08:00241568,08:00241DD8,08:0026E750,08:00271BA8,08:0027A920,08:0027AA88,08:00296E00,08:00314D38,08:00314DA8,09:0020A5E8,09:00255F60,09:002567D0,09:002865D0,09:0028F148,09:0028F2B0,09:002AB3A0,10:001DE968,10:00229968,10:0022A1D8,10:00256A80,10:0025AA00,10:00263420,10:00263588,10:0027F580,11:0021CB68,11:0025CD20,11:0025D590,11:00289E78,11:0028D000,11:00295A20,11:00295B88,11:002B19D8,12:0020DD68,12:0024FB70,12:002503E0,12:0027CE98,12:00280318,12:00288F38,12:002890A0,12:002A5308,13:001F6CE8,13:00241DE8,13:00242658,13:00273628,13:0027C048,13:0027C1B0,13:00298EA8,14:001FE568,14:0023F680,14:0026C400,14:0026F628,14:00278368,14:002784D0,14:00294DE8,15:001E49E8,15:00226F08,15:00227778,15:00252D00,15:00257238,15:0025FEB0,15:00260018,15:0027C9F8,16:001E9B68,16:00231D90,16:00232600,16:0025F920,16:00263068,16:0026BA88,16:0026BBF0,16:00287940,17:001E8468,17:002316E0,17:00231F50,17:002616C8,17:0026A240,17:0026A3A8,17:00286E68,18:001F3FE8,18:002398F0,18:0023A160,18:00267098,18:00269BC0,18:002726E0,18:00272848,18:0028E5C8
func_001E9728	exe	4	487fe6575c7d42f6	19	00:001EB3F0,00:00233B00,00:00284610,00:0028CB18,00:00290298,00:002B4910,00:002EFBE8,00:002F1B00,01:0020CF70,01:00249110,01:0029A2F8,01:002A0860,01:002A3CB0,01:002CA4A0,01:0031C048,01:0031DF60,02:001FC1F0,02:00236F98,02:00285A78,02:0028C148,02:0028F958,02:002B4270,02:002FE7D0,02:003006E8,03:001E4C70,03:00223238,03:00273198,03:00279668,03:0027CAF8,03:002923B8,03:002A6290,03:002EF870,03:002F1788,04:001DDC70,04:00227060,04:00277870,04:0027DD98,04:002810C0,04:002A72C0,04:002F38B0,04:002F57C8,05:00219FF0,05:0025CE90,05:002AE8C0,05:002B5180,05:002B8990,05:002CDEA0,05:002E0540,05:0032DCD0,05:0032FBE8,06:00202F70,06:00243890,06:00293370,06:00299B88,06:0029D310,06:002C1A98,06:00318840,06:0031A758,07:002130F0,07:0025B8E8,07:002ACF60,07:002B3708,07:002B6E70,07:002DD950,07:0032B7B8,07:0032D6D0,08:001FDD70,08:0023ECE8,08:0028EC88,08:00295128,08:00298548,08:002BD840,08:002DCD00,08:00319238,08:0031B150,09:0020A5F0,09:002536E0,09:002A3330,09:002A96C8,09:002ACAE8,09:002C23A8,09:002D3CD0,09:00317C38,09:00319B50,10:001DE970,10:002270E8,10:00277440,10:0027D8A8,10:00280CA8,10:002A60E0,10:002F8D88,10:002FACA0,11:0021CB70,11:0025A4A0,11:002A98B8,11:002AFD00,11:002B30B0,11:002C85C0,11:002DA618,11:0032AE20,11:0032CD38,12:0020DD70,12:0024D2F0,12:0029D1E8,12:002A3630,12:002A6A50,12:002BBF60,12:002CC5D8,12:00318B58,12:0031AA70,13:001F6CF0,13:0023F568,13:002906A0,13:00296DE0,13:0029A5B8,13:002CD8B0,13:0031A668,13:0031C580,14:001FE570,14:0023CE00,14:0028CD50,14:00293110,14:002965F0,14:002ABEB0,14:002C34E0,14:003190E8,14:0031B000,15:001E49F0,15:00224688,15:0023F488,15:002741F8,15:0027A930,15:0027E120,15:002ADB40,15:002FB2A0,15:002FD1B8,16:001E9B70,16:0022F510,16:0027F820,16:00285C68,16:00289088,16:002AF138,16:002F7D60,16:002F9C78,17:001E8470,17:0022EE60,17:0027E6E8,17:00284DA0,17:00288520,17:002B2678,17:00303470,17:00305388,18:001F3FF0,18:00237070,18:00286508,18:0028C8F0,18:0028FD80,18:002B70B8,18:00308FE8,18:0030AF00
func_001E9730	exe	56	e021138472a567e6	19	00:001EB3F8,01:0020CF78,02:001FC1F8,03:001E4C78,04:001DDC78,05:00219FF8,06:00202F78,07:002130F8,08:001FDD78,09:0020A5F8,10:001DE978,11:0021CB78,12:0020DD78,13:001F6CF8,14:001FE578,15:001E49F8,16:001E9B78,17:001E8478,18:001F3FF8
func_L00_001EB430	shared	8	73583fd0d6cea4d0	19	00:001EB430,00:001EB438,01:0020CFB0,01:0020CFB8,02:001FC230,02:001FC238,03:001E4CB0,03:001E4CB8,04:001DDCB0,04:001DDCB8,05:0021A030,05:0021A038,06:00202FB0,06:00202FB8,07:00213130,07:00213138,08:001FDDB0,08:001FDDB8,09:0020A630,09:0020A638,10:001DE9B0,10:001DE9B8,11:0021CBB0,11:0021CBB8,12:0020DDB0,12:0020DDB8,13:001F6D30,13:001F6D38,14:001FE5B0,14:001FE5B8,15:001E4A30,15:001E4A38,16:001E9BB0,16:001E9BB8,17:001E84B0,17:001E84B8,18:001F4030,18:001F4038
func_0023E000	exe	8	309e6f3f66f9ddab	19	00:001EB440,00:002F1B68,01:0020CFC0,01:0031DFC8,02:001FC240,02:00300750,03:001E4CC0,03:002F17F0,04:001DDCC0,04:002F5830,05:0021A040,05:0032FC50,06:00202FC0,06:0031A7C0,07:00213140,07:0032D738,08:001FDDC0,08:0031B1B8,09:0020A640,09:00319BB8,10:001DE9C0,10:002FAD08,11:0021CBC0,11:0032CDA0,12:0020DDC0,12:0031AAD8,13:001F6D40,13:0031C5E8,14:001FE5C0,14:0031B068,15:001E4A40,15:002FD220,16:001E9BC0,16:002F9CE0,17:001E84C0,17:003053F0,18:001F4040,18:0030AF68
func_L00_001EB448	shared	88	a96b9d61289f911f	19	00:001EB448,01:0020CFC8,02:001FC248,03:001E4CC8,04:001DDCC8,05:0021A048,06:00202FC8,07:00213148,08:001FDDC8,09:0020A648,10:001DE9C8,11:0021CBC8,12:0020DDC8,13:001F6D48,14:001FE5C8,15:001E4A48,16:001E9BC8,17:001E84C8,18:001F4048
func_001EC030	exe	4	3aee475766339b3a	19	00:001EB4A0,00:0025A770,00:0028F0A8,00:002A2018,00:002D9660,01:0020D020,01:0026F668,01:002A2A00,01:002B5CB0,01:00301978,02:001FC2A0,02:0025CDF8,02:0028E6D8,02:002A1770,02:002E4058,03:001E4D20,03:00249310,03:0028E878,03:002D2888,04:001DDD20,04:0024D4A0,04:00292E40,04:002DB720,05:0021A0A0,05:00284AA0,05:002B7710,05:002CA710,05:0030B618,06:00203020,06:00269550,06:0029C1B0,06:002AF090,06:002E7E90,07:002131A0,07:002831F0,07:002C8BF0,07:00303F00,08:001FDE20,08:00264CB8,08:002972C8,08:002AA360,08:002FB1F0,09:0020A6A0,09:0027A208,09:002AB868,09:002BE868,09:002E39D8,09:002FA810,10:001DEA20,10:0024D1E0,10:0027FA48,10:00292A28,10:002CB960,10:002E1560,11:0021CC20,11:00280660,11:002B1EA0,11:002C4E30,11:00301CC8,11:00319658,12:0020DE20,12:00273660,12:002A57D0,12:002B87D0,12:002F97F0,13:001F6DA0,13:002667F8,13:00299370,13:002AC5B8,13:002FC488,14:001FE620,14:00262D68,14:002A8370,14:002F5998,15:001E4AA0,15:0024A068,15:0027CEC0,15:0028FEA0,15:002BD848,15:002DCDD8,16:001E9C20,16:00256010,16:00287E08,16:0029AEA0,16:002C8AE8,16:002D8128,17:001E8520,17:00255178,17:00287330,17:0029A2A0,17:002DB368,18:001F40A0,18:0025CA40,18:002A1B00
func_001EC038	exe	92	f1434037a93d7796	19	00:001EB4A8,01:0020D028,02:001FC2A8,03:001E4D28,04:001DDD28,05:0021A0A8,06:00203028,07:002131A8,08:001FDE28,09:0020A6A8,10:001DEA28,11:0021CC28,12:0020DE28,13:001F6DA8,14:001FE628,15:001E4AA8,16:001E9C28,17:001E8528,18:001F40A8
func_L00_001EB508	shared	92	361cb5d183a08541	19	00:001EB508,01:0020D088,02:001FC370,03:001E4DF0,04:001DDDF0,05:0021A170,06:002030F0,07:00213270,08:001FDE88,09:0020A770,10:001DEAF0,11:0021CCF0,12:0020DEF0,13:001F6E70,14:001FE6F0,15:001E4B70,16:001E9CF0,17:001E85F0,18:001F4170
func_L00_001EB564	shared	16	aef912f8aad466da	19	00:001EB564,01:0020D0E4,02:001FC3CC,03:001E4E4C,04:001DDE4C,05:0021A1CC,06:0020314C,07:002132CC,08:001FDEE4,09:0020A7CC,10:001DEB4C,11:0021CD4C,12:0020DF4C,13:001F6ECC,14:001FE74C,15:001E4BCC,16:001E9D4C,17:001E864C,18:001F41CC
func_L00_001EB578	shared	32	2dc9e1dc77b671c1	19	00:001EB578,01:0020D0F8,02:001FC3E0,03:001E4E60,04:001DDE60,05:0021A1E0,06:00203160,07:002132E0,08:001FDEF8,09:0020A7E0,10:001DEB60,11:0021CD60,12:0020DF60,13:001F6EE0,14:001FE760,15:001E4BE0,16:001E9D60,17:001E8660,18:001F41E0
func_L00_001EB598	shared	12	abb1bdd0d02dd3b7	19	00:001EB598,01:0020D118,02:001FC400,03:001E4E80,04:001DDE80,05:0021A200,06:00203180,07:00213300,08:001FDF18,09:0020A800,10:001DEB80,11:0021CD80,12:0020DF80,13:001F6F00,14:001FE780,15:001E4C00,16:001E9D80,17:001E8680,18:001F4200
func_001E9768	exe	4	bc6e15da5a72ab85	19	00:001EB5A4,00:001F6F78,00:001F6F80,00:001F6F88,00:001F6F90,00:001F6F98,00:001F6FA0,00:001F6FA8,00:001F6FB0,00:001F7110,00:001F7118,00:001F7120,00:0020DB24,00:0020DB5C,00:0020E0F8,00:002347F8,00:002422D0,00:0024B608,00:0025B4C8,00:0026D268,00:002839F8,00:00283A00,00:00284B50,00:00299100,00:002CD7A8,00:002D4CE0,00:002D6CD4,00:002E0E48,00:002E1848,00:002E5610,00:002E58D8,00:002E72E0,00:002EB168,00:002EC720,00:002ED080,00:002EE7E0,00:002EE7E8,00:002EE7F0,00:002EEDE8,00:002EEDF0,00:002EEDF8,00:002F0890,00:002F2118,01:0020D124,01:00218AF8,01:00218B00,01:00218B08,01:00218B10,01:00218B18,01:00218B20,01:00218B28,01:00218B30,01:00218C90,01:00218C98,01:00218CA0,01:0022E3C4,01:0022E3FC,01:0022E998,01:00249E08,01:00252F00,01:00256260,01:0025F598,01:00263704,01:00270340,01:002821F0,01:002996E0,01:002996E8,01:0029A838,01:002ACB18,01:002E4428,01:002EE268,01:002F0FC4,01:002F31F4,01:002F4940,01:0030BAA0,01:0030E5D8,01:00310710,01:003109D8,01:003123E0,01:00316268,01:00317484,01:00318AA0,01:00319400,01:0031AB60,01:0031AB68,01:0031AB70,01:0031CCF0,01:0031E578,02:001FC40C,02:00207DE0,02:00207DE8,02:00207DF0,02:00207DF8,02:00207E00,02:00207E08,02:00207E10,02:00207E18,02:00207F78,02:00207F80,02:00207F88,02:0021CDDC,02:0021CE14,02:0021D3B0,02:00237C90,02:00243DC0,02:0024D0F8,02:00250FBC,02:0025DAD0,02:0026E830,02:00284E60,02:00284E68,02:00285FB8,02:002987C0,02:002CD138,02:002D776C,02:002DC390,02:002DE908,02:002E3658,02:002EF6D8,02:002F3490,02:002F3498,02:002F3760,02:002F5168,02:002F9070,02:002FA6D8,02:002FB038,02:002FCA68,02:002FCA70,02:002FCA78,02:002FD738,02:002FD740,02:002FD748,02:002FF478,02:00300D00,03:001E4E8C,03:001F0860,03:001F0868,03:001F0870,03:001F0878,03:001F0880,03:001F0888,03:001F0890,03:001F0898,03:001F09F8,03:001F0A00,03:001F0A08,03:002061BC,03:002061F4,03:00206790,03:00223F30,03:00230510,03:00239848,03:0023D70C,03:00249EB8,03:0025B458,03:00272580,03:00272588,03:002736D8,03:00285960,03:00296338,03:002BF380,03:002CD268,03:002E02F8,03:002E3E08,03:002E3E10,03:002E40D8,03:002E5AE0,03:002E99E8,03:002EB360,03:002EBCC0,03:002ECEB8,03:002EDD58,03:002EDD60,03:002EDD68,03:002EEA28,03:002EEA30,03:002EEA38,03:002F0518,03:002F1DA0,04:001DDE8C,04:001E9860,04:001E9868,04:001E9870,04:001E9878,04:001E9880,04:001E9888,04:001E9890,04:001E9898,04:001E99F8,04:001E9A00,04:001E9A08,04:00201084,04:002010BC,04:00201658,04:00227D58,04:002318E0,04:00234C40,04:0023DF78,04:0024E478,04:0025FB28,04:00276C58,04:00276C60,04:00277DB0,04:00289F28,04:0029FCE8,04:002C5554,04:002C7F30,04:002CF4F8,04:002D4950,04:002D8490,04:002E5208,04:002E8E80,04:002E8E88,04:002E9150,04:002EAB58,04:002EE9E0,04:002F03B8,04:002F0D18,04:002F2748,04:002F2750,04:002F2758,04:002F2D50,04:002F2D58,04:002F2D60,04:002F4558,04:002F5DE0,05:0021A20C,05:00225BE0,05:00225BE8,05:00225BF0,05:00225BF8,05:00225C00,05:00225C08,05:00225C10,05:00225C18,05:00225D78,05:00225D80,05:00225D88,05:0023B8D4,05:0023B90C,05:0023BEE8,05:0025DB88,05:00267F30,05:0026B290,05:002745C8,05:00278E94,05:00285778,05:00297170,05:002ADCA8,05:002ADCB0,05:002AEE00,05:002C17F8,05:002F9B08,05:00302094,05:00303398,05:0031C1F8,05:0031CE60,05:0031E668,05:00320CF0,05:00320FB8,05:003229C0,05:00326848,05:00327A64,05:00329020,05:00329980,05:0032BC98,05:0032C7E8,05:0032C7F0,05:0032C7F8,05:0032E978,05:00330200,06:0020318C,06:0020EB60,06:0020EB68,06:0020EB70,06:0020EB78,06:0020EB80,06:0020EB88,06:0020EB90,06:0020EB98,06:0020ECF8,06:0020ED00,06:0020ED08,06:00224CEC,06:00224D24,06:002252C0,06:00244588,06:0024DC00,06:00250F60,06:0025A298,06:0026A2A8,06:0027C128,06:00292758,06:00292760,06:002938B0,06:002A6178,06:002BA898,06:002DB6A0,06:002E51F8,06:002EBC54,06:003083C8,06:0030B588,06:0030D5C0,06:0030D888,06:0030F290,06:00313198,06:00314780,06:003150E0,06:00316B10,06:00316B18,06:00316B20,06:00317810,06:00317818,06:00317820,06:00317E18,06:00317E20,06:00317E28,06:003194E8,06:0031AD70,07:0021330C,07:0021ECE0,07:0021ECE8,07:0021ECF0,07:0021ECF8,07:0021ED00,07:0021ED08,07:0021ED10,07:0021ED18,07:0021EE78,07:0021EE80,07:0021EE88,07:0023590C,07:00235944,07:00235EE0,07:0025C5E0,07:002698A8,07:00272D10,07:002775DC,07:00283EA8,07:00295490,07:002AC348,07:002AC350,07:002AD4A0,07:002BFCD8,07:002F6F18,07:002FD1D0,07:002FECE0,07:00313290,07:0031F988,07:00320978,07:00320EB0,07:00321178,07:00322B80,07:00326A38,07:00327FF0,07:00328950,07:0032A4F0,07:0032A4F8,07:0032A500,07:0032AAF8,07:0032AB00,07:0032AB08,07:0032C460,07:0032DCE8,08:001FDF24,08:00209908,08:00209910,08:00209918,08:00209920,08:00209928,08:00209930,08:00209938,08:00209940,08:00209AA0,08:00209AA8,08:00209AB0,08:0021F644,08:0021F67C,08:0021FC18,08:0023F9E0,08:00248AD8,08:0024BE38,08:00255170,08:00259034,08:00265970,08:00277458,08:0028E070,08:0028E078,08:0028F1C8,08:002A13B0,08:002D5404,08:002DE730,08:002F1010,08:002F5978,08:00308060,08:0030D1B8,08:0030D1C0,08:0030D488,08:0030EE90,08:00312D48,08:00313F64,08:00315590,08:00315EF0,08:003177C0,08:003177C8,08:003177D0,08:00317DC8,08:00317DD0,08:00317DD8,08:00319EE0,08:0031B768,09:0020A80C,09:002161E0,09:002161E8,09:002161F0,09:002161F8,09:00216200,09:00216208,09:00216210,09:00216218,09:00216378,09:00216380,09:00216388,09:0022D704,09:0022D73C,09:0022DCD8,09:002543D8,09:0025DF60,09:002612C0,09:0026A5F8,09:0026E4BC,09:0027AEC0,09:0028BC80,09:002A2718,09:002A2720,09:002A3870,09:002B5950,09:002E39CC,09:002EF778,09:002F1190,09:002F1808,09:002F8C70,09:00309BC0,09:0030ABD8,09:0030BB20,09:0030D0D0,09:0030D398,09:0030EDA0,09:00312C28,09:003141F0,09:00314B50,09:00316580,09:00316588,09:00316590,09:00316B88,09:00316B90,09:00316B98,09:003188E0,09:0031A168,10:001DEB8C,10:001EA560,10:001EA568,10:001EA570,10:001EA578,10:001EA580,10:001EA588,10:001EA590,10:001EA598,10:001EA6F8,10:001EA700,10:001EA708,10:0020110C,10:00201144,10:002016E0,10:00227DE0,10:00231968,10:00234CC8,10:0023E000,10:0024DF38,10:0025FF58,10:00276828,10:00276830,10:00277980,10:00289B10,10:0029F378,10:002C08D0,10:002C5F88,10:002C7A98,10:002CFC1C,10:002DEC98,10:002E82F0,10:002ECC78,10:002ECD10,10:002ED958,10:002EDC20,10:002EF628,10:002F34B0,10:002F4A68,10:002F53C8,10:002F6DF8,10:002F6E00,10:002F6E08,10:002F7A80,10:002F8078,10:002F8080,10:002F8088,10:002F9A30,10:002FB2B8,11:0021CD8C,11:00228760,11:00228768,11:00228770,11:00228778,11:00228780,11:00228788,11:00228790,11:00228798,11:002288F8,11:00228900,11:00228908,11:0023DDCC,11:0023DE04,11:0023E3A0,11:0025B198,11:00264290,11:002675F0,11:00270928,11:0027495C,11:00281318,11:00292558,11:002A8CA0,11:002A8CA8,11:002A9DF8,11:002BBF18,11:002F4B50,11:002FCCB4,11:00300600,11:00317784,11:003199B0,11:0031ED40,11:00320980,11:00320C48,11:00322650,11:003264D8,11:00327A90,11:003283F0,11:00329E20,11:00329E28,11:00329E30,11:0032BAC8,11:0032D350,12:0020DF8C,12:00219968,12:00219970,12:00219978,12:00219980,12:00219988,12:00219990,12:00219998,12:002199A0,12:00219B00,12:00219B08,12:00219B10,12:0022F3FC,12:0022F434,12:0022F9D0,12:0024DFE8,12:002570E0,12:0025A440,12:00263778,12:002677AC,12:00274338,12:00285A70,12:0029C5D0,12:0029C5D8,12:0029D728,12:002AF8B8,12:002CC408,12:002D4330,12:002E2B7C,12:002EDA98,12:002EED00,12:002F2590,12:002F6B88,12:00308AB0,12:00308AB8,12:00308F98,12:00309588,12:0030CBA0,12:0030D6C0,12:0030D988,12:0030F390,12:00313298,12:00314860,12:003151C0,12:00316BF0,12:00316BF8,12:00316C00,12:003178C0,12:003178C8,12:003178D0,12:00319800,12:0031B088,13:001F6F0C,13:002028E0,13:002028E8,13:002028F0,13:002028F8,13:00202900,13:00202908,13:00202910,13:00202918,13:00202A78,13:00202A80,13:00202A88,13:0021958C,13:002195C4,13:00219B60,13:00240260,13:0024A170,13:0024D4D0,13:00256808,13:0025A83C,13:002674B0,13:00278B80,13:0028FA88,13:0028FA90,13:00290BE0,13:002A3420,13:002B8D94,13:002EEF20,13:002F8F38,13:003038B0,13:0030C4F0,13:0030FBB8,13:0030FE80,13:00311888,13:00315678,13:00316C30,13:00317590,13:00319120,13:00319718,13:00319720,13:00319728,13:0031B310,13:0031CB98,14:001FE78C,14:0020A168,14:0020A170,14:0020A178,14:0020A180,14:0020A188,14:0020A190,14:0020A198,14:0020A1A0,14:0020A300,14:0020A308,14:0020A310,14:0021F96C,14:0021F9A4,14:0021FF40,14:0023DAF8,14:00249E60,14:00253198,14:0025705C,14:002638F0,14:00274EA0,14:0028C138,14:0028C140,14:0028D290,14:0029F458,14:002DC28C,14:002E1FD0,14:002E85F0,14:002ECE90,14:002F5378,14:002FE030,14:00304878,14:003075D8,14:003097D8,14:0030C0E8,14:0030C3B0,14:0030DDB8,14:00311C40,14:003131F8,14:00313B58,14:003155D8,14:003155E0,14:003155E8,14:00316298,14:00316E58,14:00319D90,14:0031B618,15:001E4C0C,15:001F05E0,15:001F05E8,15:001F05F0,15:001F05F8,15:001F0600,15:001F0608,15:001F0610,15:001F0618,15:001F0778,15:001F0780,15:001F0788,15:00200E68,15:00205C1C,15:00205C54,15:002061F0,15:00225380,15:00231860,15:0023AB98,15:0024AD40,15:0025C8E8,15:002735E0,15:002735E8,15:00274738,15:00286F88,15:002BD83C,15:002CA5D0,15:002CD1E8,15:002CD5E0,15:002D4FC8,15:002D6D80,15:002E9710,15:002EF7F0,15:002EFAB8,15:002F14C0,15:002F53A8,15:002F6960,15:002F72C0,15:002F8CF0,15:002F8CF8,15:002F8D00,15:002F99F0,15:002FA060,15:002FA068,15:002FA070,15:002FA668,15:002FA670,15:002FA678,15:002FBF48,15:002FD7D0,16:001E9D8C,16:001F5760,16:001F5768,16:001F5770,16:001F5778,16:001F5780,16:001F5788,16:001F5790,16:001F5798,16:001F58F8,16:001F5900,16:001F5908,16:0020B454,16:0020B48C,16:0020BA68,16:00230208,16:0023A5B0,16:0023D910,16:00246C48,16:00256D68,16:002685C0,16:0027EC08,16:0027EC10,16:0027FD60,16:00291EF0,16:002C8AE0,16:002D40B0,16:002DF1A0,16:002E24E8,16:002E3150,16:002E4C00,16:002E7B7C,16:002EB7F8,16:002EBAC0,16:002ED4C8,16:002F12B8,16:002F24D4,16:002F3A90,16:002F43F0,16:002F6708,16:002F6D00,16:002F6D08,16:002F6D10,16:002F8A08,16:002FA290,17:001E868C,17:001F4060,17:001F4068,17:001F4070,17:001F4078,17:001F4080,17:001F4088,17:001F4090,17:001F4098,17:001F41F8,17:001F4200,17:001F4208,17:0020AAFC,17:0020AB34,17:0020B0D0,17:0022FB58,17:002396E0,17:0023CA40,17:00245D78,17:00255E30,17:00266D78,17:0027DAD0,17:0027DAD8,17:0027EC28,17:00291388,17:002CE078,17:002D54E0,17:002E92D8,17:002E9CD8,17:002F1BA4,17:002F6EC8,17:002F7010,17:002F82A8,17:002F8570,17:002F9F78,17:002FDE00,17:002FF01C,17:00300608,17:00300F68,17:00302998,17:003029A0,17:003029A8,17:00304118,17:003059A0,18:001F420C,18:001FFBE0,18:001FFBE8,18:001FFBF0,18:001FFBF8,18:001FFC00,18:001FFC08,18:001FFC10,18:001FFC18,18:001FFD78,18:001FFD80,18:001FFD88,18:002104E0,18:0021589C,18:002158D4,18:00215E70,18:00237D68,18:002411E8,18:00244548,18:0024D880,18:0025D798,18:0026F118,18:002858F0,18:002858F8,18:00286A48,18:00298BE8,18:002CFE30,18:002D0228,18:002D7664,18:002DC848,18:002E28EC,18:002EFF88,18:002F0988,18:002FE1B4,18:002FE228,18:002FE4F0,18:002FFEF8,18:00303DB0,18:00305368,18:00305CC8,18:00307898,18:003078A0,18:003078A8,18:00307EA0,18:00307EA8,18:00307EB0,18:00309C90,18:0030B518
func_L00_001EB5A8	shared	4	dc2834da92d18696	19	00:001EB5A8,01:0020D128,02:001FC410,03:001E4E90,04:001DDE90,05:0021A210,06:00203190,07:00213310,08:001FDF28,09:0020A810,10:001DEB90,11:0021CD90,12:0020DF90,13:001F6F10,14:001FE790,15:001E4C10,15:0029FDD8,15:002CCE48,16:001E9D90,17:001E8690,17:002CD8E8,18:001F4210,18:002ACAC8
func_L00_001EB5B0	shared	12	651cda4290692f7b	19	00:001EB5B0,01:0020D130,02:001FC418,03:001E4E98,04:001DDE98,05:0021A218,06:00203198,07:00213318,08:001FDF30,09:0020A818,10:001DEB98,11:0021CD98,12:0020DF98,13:001F6F18,14:001FE798,15:001E4C18,16:001E9D98,17:001E8698,18:001F4218
func_001EC120	exe	228	241f4978c833ce21	19	00:001EB5C0,01:0020D140,02:001FC428,03:001E4EA8,04:001DDEA8,05:0021A228,06:002031A8,07:00213328,08:001FDF40,09:0020A828,10:001DEBA8,11:0021CDA8,12:0020DFA8,13:001F6F28,14:001FE7A8,15:001E4C28,16:001E9DA8,17:001E86A8,18:001F4228
func_L00_001EB6A8	shared	280	411e10bcda87c45c	19	00:001EB6A8,01:0020D228,02:001FC510,03:001E4F90,04:001DDF90,05:0021A310,06:00203290,07:00213410,08:001FE028,09:0020A910,10:001DEC90,11:0021CE90,12:0020E090,13:001F7010,14:001FE890,15:001E4D10,16:001E9E90,17:001E8790,18:001F4310
func_001EC208	exe	4	fea1e04fd7a76911	19	00:001EB7C0,00:001FC4C8,00:0024FDF8,00:00259860,00:00273780,00:002766F8,00:002E9820,01:0020D340,01:0021E048,01:002648C8,01:0026E5B8,01:0028BA18,01:00309EF8,01:00314920,02:001FC628,02:0020D480,02:00252180,02:0025BE70,02:00273F98,02:00274C98,02:00277B60,02:002ECFF0,02:002F76A8,03:001E50A8,03:001F5DB0,03:0023E8D0,03:00248338,03:00261B88,03:00264A50,03:002DF3D0,03:002E8020,04:001DE0A8,04:001EEEB0,04:00242768,04:0024C518,04:00266178,04:00269128,04:002D4958,04:002E4198,04:002ED098,05:0021A428,05:0022B180,05:0027A058,05:00283AC0,05:0029DA18,05:002A08E0,05:0031BFF0,05:00324F00,06:002033A8,06:002141B0,06:0025EA88,06:002684F0,06:00281890,06:00282590,06:00285458,06:00307668,06:003117D0,07:00213528,07:00224280,07:002787A0,07:00282208,07:0029BB40,07:0029EC18,07:0031D840,07:003250C0,08:001FE140,08:0020EF58,08:0025A270,08:00263CD8,08:0027DB88,08:00280BC0,08:002F5F10,08:003056B0,08:003113D0,09:0020AA28,09:0021B780,09:0026F680,09:002791B0,09:00292198,09:00294FE8,09:00304520,09:003112E0,10:001DEDA8,10:001EFAB0,10:002427F0,10:0024C258,10:002666D8,10:00269528,10:002DFB20,10:002F1B68,11:0021CFA8,11:0022DDB0,11:00275B98,11:0027F600,11:00297CA8,11:00298AD8,11:0029B9A0,11:0030DA20,11:00324B90,12:0020E1A8,12:0021F008,12:00268AB8,12:00272520,12:0028B1C0,12:0028BFF0,12:0028F110,12:00302010,12:003118D0,13:001F7128,13:00207F30,13:0025BA00,13:00265530,13:0027F280,13:00282358,13:002BB3E0,13:00305C68,13:00313DC8,14:001FE9A8,14:0020F758,14:002582F8,14:00261D60,14:0027A608,14:0027B3C0,14:0027E608,14:00301F20,14:003102F8,15:001E4E28,15:001F5B80,15:0023F388,15:00248FB8,15:00262FE0,15:00266148,15:0029C1C8,15:002E69E0,15:002F3A00,16:001E9FA8,16:001FACB0,16:0024B438,16:00254EA0,16:0026EAD8,16:00271840,16:002E14D0,16:002EFA08,17:001E88A8,17:001F95B0,17:0024A568,17:00254090,17:0026D290,17:00270518,17:002A41B0,17:002E6960,17:002EDE48,17:002F2F90,17:002FC4B8,18:001F4428,18:00205230,18:00252070,18:0025BAD8,18:00275730,18:002785C0,18:002EEEB0,18:00302438
func_L00_001EB7C8	shared	32	89e13b262c2d24ce	19	00:001EB7C8,01:0020D348,02:001FC630,03:001E50B0,04:001DE0B0,05:0021A430,06:002033B0,07:00213530,08:001FE148,09:0020AA30,10:001DEDB0,11:0021CFB0,12:0020E1B0,13:001F7130,14:001FE9B0,15:001E4E30,16:001E9FB0,17:001E88B0,18:001F4430
func_001EC210	exe	96	883c45d82be03237	19	00:001EB7E8,01:0020D368,02:001FC650,03:001E50D0,04:001DE0D0,05:0021A450,06:002033D0,07:00213550,08:001FE168,09:0020AA50,10:001DEDD0,11:0021CFD0,12:0020E1D0,13:001F7150,14:001FE9D0,15:001E4E50,16:001E9FD0,17:001E88D0,18:001F4450
func_001EC270	exe	68	077555448a045383	19	00:001EB848,00:001EBD58,01:0020D3C8,01:0020D8D8,02:001FC6B0,02:001FCBC0,03:001E5130,03:001E5640,04:001DE130,04:001DE640,05:0021A4B0,05:0021A9C0,06:00203430,06:00203940,07:002135B0,07:00213AC0,08:001FE1C8,08:001FE6D8,09:0020AAB0,09:0020AFC0,10:001DEE30,10:001DF340,11:0021D030,11:0021D540,12:0020E230,12:0020E740,13:001F71B0,13:001F76C0,14:001FEA30,14:001FEF40,15:001E4EB0,15:001E53C0,16:001EA030,16:001EA540,17:001E8930,17:001E8E40,18:001F44B0,18:001F49C0
func_L00_001EB890	shared	764	eff8c970e7a58fa9	19	00:001EB890,01:0020D410,02:001FC6F8,03:001E5178,04:001DE178,05:0021A4F8,06:00203478,07:002135F8,08:001FE210,09:0020AAF8,10:001DEE78,11:0021D078,12:0020E278,13:001F71F8,14:001FEA78,15:001E4EF8,16:001EA078,17:001E8978,18:001F44F8
func_0020E330	exe	4	190325f6c8f05e37	19	00:001EBB8C,00:00260950,00:00261440,00:0026B718,00:002E5A28,01:0020D70C,01:0024EAB8,01:00275788,01:00276278,01:00310B28,02:001FC9F4,02:00219E68,02:0023C108,02:002628B8,02:002633A8,02:0026CCE0,02:002F38B0,03:001E5474,03:00228BE0,03:0024F300,03:002E4228,04:001DE474,04:00253900,04:002E92A0,05:0021A7F4,05:00262838,05:0028AC50,05:0028B4C0,05:00295620,05:00321108,06:00203774,06:002214F0,06:0026F730,06:0026FFA0,06:0027A480,06:0030D9D8,07:002138F4,07:002892F0,07:00293940,07:003212C8,08:001FE50C,08:00244690,08:0026AE48,08:0026BAD0,08:002757B0,08:0030D5D8,09:0020ADF4,09:00280308,09:00280DF8,09:00289FD8,09:0030D4E8,10:001DF174,10:002533C0,10:00253EB0,10:0025E408,10:002EDD70,11:0021D374,11:0025FE48,11:00286100,11:00286970,11:00290A08,11:00320D98,12:0020E574,12:00252C98,12:002797C0,12:00283F20,12:0030DAD8,13:001F74F4,13:0026C8F8,13:0026D3E8,13:00277030,13:0030FFD0,14:001FED74,14:0021C580,14:00241F10,14:00268CD0,14:002697C0,14:0030C500,15:001E51F4,15:0022A030,15:00250188,15:00250C78,15:0025AC40,15:002EFC08,16:001EA374,16:00234EB8,16:0025C1B0,16:0025CCA0,16:00266A70,16:002EBC10,17:001E8C74,17:0025B278,17:0025BD68,17:002650D0,17:002F86C0,18:001F47F4,18:0023CA18,18:00262C20,18:00263710,18:0026D5C8,18:002FE640
func_001EC5B8	exe	452	5a41cf0095260a47	19	00:001EBB90,01:0020D710,02:001FC9F8,03:001E5478,04:001DE478,05:0021A7F8,06:00203778,07:002138F8,08:001FE510,09:0020ADF8,10:001DF178,11:0021D378,12:0020E578,13:001F74F8,14:001FED78,15:001E51F8,16:001EA378,17:001E8C78,18:001F47F8
func_L00_001EBDA0	shared	268	2e6769b360669bc6	19	00:001EBDA0,01:0020D920,02:001FCC08,03:001E5688,04:001DE688,05:0021AA08,06:00203988,07:00213B08,08:001FE720,09:0020B008,10:001DF388,11:0021D588,12:0020E788,13:001F7708,14:001FEF88,15:001E5408,16:001EA588,17:001E8E88,18:001F4A08
func_001F69E8	exe	4	83b480015adac9e5	19	00:001EBEAC,00:0023FFC0,00:0024C180,00:0025A058,00:002D28D0,01:0020DA2C,01:00253F50,01:00260110,01:0026EE28,01:002ED758,02:001FCD14,02:00241AB0,02:0024DC70,02:0025C6E0,02:002D3D60,03:001E5794,03:0022E200,03:0023A3C0,03:00248BA8,03:002C5410,04:001DE794,04:00232930,04:0023EAF0,04:0024CD88,04:002D1708,05:0021AB14,05:00268F80,05:00275140,05:00284330,05:002FF058,06:00203A94,06:0024EC50,06:0025AE10,06:00268D60,06:002E07C8,07:00213C14,07:00267598,07:00273888,07:00282A00,07:002FCC08,08:001FE82C,08:00249B28,08:00255CE8,08:00264548,08:002EF4E0,09:0020B114,09:0025EFB0,09:0026B170,09:00279A20,09:002EF458,09:002F6930,10:001DF494,10:002329B8,10:0023EB78,10:0024CAC8,10:002C59F8,11:0021D694,11:002652E0,11:002714A0,11:0027FE70,11:002F9C78,12:0020E894,12:00258130,12:002642F0,12:002F47A0,13:001F7814,13:0024B1C0,13:00257380,13:00265DA0,13:002F4658,14:001FF094,14:00247B50,14:00253D10,14:002625D0,14:002E8060,15:001E5514,15:0022F550,15:0023B710,15:00249828,15:002D4A38,16:001EA694,16:0023B600,16:002477C0,16:00255710,16:002CEBF0,17:001E8F94,17:0023A730,17:002468F0,17:00254888,17:002D31A0,18:001F4B14,18:00242238,18:0024E3F8,18:0025C2D0,18:002D5350
func_001EC8D8	exe	476	15c17ebbc9090fa9	19	00:001EBEB0,01:0020DA30,02:001FCD18,03:001E5798,04:001DE798,05:0021AB18,06:00203A98,07:00213C18,08:001FE830,09:0020B118,10:001DF498,11:0021D698,12:0020E898,13:001F7818,14:001FF098,15:001E5518,16:001EA698,17:001E8F98,18:001F4B18
func_L00_001EC090	shared	216	4ad306b98dce3b54	19	00:001EC090,01:0020DC10,02:001FCEF8,03:001E5978,04:001DE978,05:0021ACF8,06:00203C78,07:00213DF8,08:001FEA10,09:0020B2F8,10:001DF678,11:0021D878,12:0020EA78,13:001F79F8,14:001FF278,15:001E56F8,16:001EA878,17:001E9178,18:001F4CF8
func_00219778	exe	4	60329c63b0f82f91	19	00:001EC168,00:0023DDF8,00:0026A390,00:00272B20,00:00272C90,00:00274748,00:002756B0,01:0020DCE8,01:00252978,01:0027EE98,01:00287BE0,01:00287D50,01:00289B18,01:0028AA80,01:0028C3A0,02:001FCFD0,02:00240478,02:0026B958,02:00274038,02:002741A8,02:00275C60,02:00276BC8,03:001E5A50,03:0022CAA0,03:00258460,03:00260E48,03:00261098,03:00262B50,03:00263AB8,04:001DEA50,04:00231358,04:0025CB30,04:00265518,04:00265688,04:00267140,04:002680A8,05:0021ADD0,05:002679A8,05:00294298,05:0029E9E0,05:0029F948,05:002B49D8,06:00203D50,06:0024D678,06:002790F8,06:00281930,06:00281AA0,06:00283558,06:002844C0,07:00213ED0,07:00265F68,07:002925B8,07:0029AD48,07:0029AF98,07:0029CC80,07:0029DCF8,08:001FEAE8,08:00248550,08:00274428,08:0027CF28,08:0027D098,08:0027EB50,08:0027FAB8,09:0020B3D0,09:0025D9D8,09:00288C50,09:00291538,09:002916A8,09:00293160,09:002940C8,09:00295878,10:001DF750,10:002313E0,10:0025D080,10:00265948,10:00265AB8,10:002676A0,10:00268608,11:0021D950,11:00263D08,11:0028F680,11:00297D48,11:00297EB8,11:00299AA0,11:0029AA08,12:0020EB50,12:00256B58,12:00282B98,12:0028B260,12:0028B3D0,12:0028CFB8,12:0028DF20,13:001F7AD0,13:00249BE8,13:00275CA8,13:0027E438,13:0027E5A8,13:00280248,13:00282BE8,13:00304DE0,14:001FF350,14:00245DD0,14:00271EA8,14:0027A6A8,14:0027A818,14:0027C388,14:0027D2F0,15:001E57D0,15:0022DEF0,15:002598B8,15:002622A0,15:002624F0,15:00264120,15:00265088,16:001EA950,16:0023A028,16:002656E8,16:0026DE78,16:0026DFE8,16:0026FAA0,16:00270A08,17:001E9250,17:00239158,17:00263D48,17:0026C630,17:0026C7A0,17:0026E3D0,17:0026F338,18:001F4DD0,18:00240C60,18:0026C240,18:00274AD0,18:00274C40,18:002766F8,18:00277660
func_001ECB98	exe	116	392746ac24fa547c	19	00:001EC170,01:0020DCF0,02:001FCFD8,03:001E5A58,04:001DEA58,05:0021ADD8,06:00203D58,07:00213ED8,08:001FEAF0,09:0020B3D8,10:001DF758,11:0021D958,12:0020EB58,13:001F7AD8,14:001FF358,15:001E57D8,16:001EA958,17:001E9258,18:001F4DD8
func_001ECC10	exe	56	947387356341d827	19	00:001EC1E8,01:0020DD68,02:001FD050,03:001E5AD0,04:001DEAD0,05:0021AE50,06:00203DD0,07:00213F50,08:001FEB68,09:0020B450,10:001DF7D0,11:0021D9D0,12:0020EBD0,13:001F7B50,14:001FF3D0,15:001E5850,16:001EA9D0,17:001E92D0,18:001F4E50
func_L00_001EC220	shared	592	375dfe4bddf91c01	19	00:001EC220,01:0020DDA0,02:001FD088,03:001E5B08,04:001DEB08,05:0021AE88,06:00203E08,07:00213F88,08:001FEBA0,09:0020B488,10:001DF808,11:0021DA08,12:0020EC08,13:001F7B88,14:001FF408,15:001E5888,16:001EAA08,17:001E9308,18:001F4E88
func_001F2410	exe	4	af135ced2b085948	19	00:001EC470,00:00265958,00:002715A8,00:0028C710,01:0020DFF0,01:0027A460,01:002A0458,02:001FD2D8,02:00266F60,02:0028BD40,02:002DB808,03:001E5D58,03:00253A28,03:00279260,03:002DF818,04:001DED58,04:002580F8,04:0027D990,04:002D77C0,05:0021B0D8,05:0028F860,05:0029B4B0,05:002B4D78,06:00204058,06:002746C0,06:00299780,06:002E4670,07:002141D8,07:0028DFD0,07:002997D0,07:002B3300,07:0031EEA8,08:001FEDF0,08:0026F7F0,08:0027B880,08:00294D20,08:002F4DF0,09:0020B6D8,09:00284728,09:0028FFC0,09:002A92C0,10:001DFA58,10:00258A98,10:0027D4A0,11:0021DC58,11:0028AC48,11:00296898,11:002AF8F8,11:002FFA78,12:0020EE58,12:0027DF60,12:00289DB0,12:002A3228,12:003031C8,13:001F7DD8,13:00271270,13:0027CEC0,13:002969D8,13:002F83B0,14:001FF658,14:0026D270,14:00292A68,14:00292D08,15:001E5AD8,15:00254E80,15:00260D28,15:0027A288,15:0027A528,15:002E7340,16:001EAC58,16:00260CB0,16:0026C900,16:002855C0,16:00285860,17:001E9558,17:0025F760,17:0026B0B8,17:00284998,18:001F50D8,18:00267D18,18:00273558,18:0028C4E8,18:002DBCC0
func_001ECEA0	exe	480	480379be3e2ca4f5	19	00:001EC478,01:0020DFF8,02:001FD2E0,03:001E5D60,04:001DED60,05:0021B0E0,06:00204060,07:002141E0,08:001FEDF8,09:0020B6E0,10:001DFA60,11:0021DC60,12:0020EE60,13:001F7DE0,14:001FF660,15:001E5AE0,16:001EAC60,17:001E9560,18:001F50E0
func_001ED080	exe	1496	4e56819c407876ff	19	00:001EC658,01:0020E1D8,02:001FD4C0,03:001E5F40,04:001DEF40,05:0021B2C0,06:00204240,07:002143C0,08:001FEFD8,09:0020B8C0,10:001DFC40,11:0021DE40,12:0020F040,13:001F7FC0,14:001FF840,15:001E5CC0,16:001EAE40,17:001E9740,18:001F52C0
func_001ED658	exe	176	0fd0050e400697f9	19	00:001ECC30,01:0020E7B0,02:001FDA98,03:001E6518,04:001DF518,05:0021B898,06:00204818,07:00214998,08:001FF5B0,09:0020BE98,10:001E0218,11:0021E418,12:0020F618,13:001F8598,14:001FFE18,15:001E6298,16:001EB418,17:001E9D18,18:001F5898
func_001ED708	exe	268	bae76dda5af0286d	19	00:001ECCE0,01:0020E860,02:001FDB48,03:001E65C8,04:001DF5C8,05:0021B948,06:002048C8,07:00214A48,08:001FF660,09:0020BF48,10:001E02C8,11:0021E4C8,12:0020F6C8,13:001F8648,14:001FFEC8,15:001E6348,16:001EB4C8,17:001E9DC8,18:001F5948
func_001ED818	exe	892	af06fa9dde06bf48	19	00:001ECDF0,01:0020E970,02:001FDC58,03:001E66D8,04:001DF6D8,05:0021BA58,06:002049D8,07:00214B58,08:001FF770,09:0020C058,10:001E03D8,11:0021E5D8,12:0020F7D8,13:001F8758,14:001FFFD8,15:001E6458,16:001EB5D8,17:001E9ED8,18:001F5A58
func_001EDB98	exe	332	b5fcd6822885c30c	19	00:001ED170,01:0020ECF0,02:001FDFD8,03:001E6A58,04:001DFA58,05:0021BDD8,06:00204D58,07:00214ED8,08:001FFAF0,09:0020C3D8,10:001E0758,11:0021E958,12:0020FB58,13:001F8AD8,14:00200358,15:001E67D8,16:001EB958,17:001EA258,18:001F5DD8
func_L00_001ED2C0	shared	192	89c100c17faa3f07	19	00:001ED2C0,01:0020EE40,02:001FE128,03:001E6BA8,04:001DFBA8,05:0021BF28,06:00204EA8,07:00215028,08:001FFC40,09:0020C528,10:001E08A8,11:0021EAA8,12:0020FCA8,13:001F8C28,14:002004A8,15:001E6928,16:001EBAA8,17:001EA3A8,18:001F5F28
func_L00_001ED380	shared	84	4fa8aee773b014c8	19	00:001ED380,01:0020EF00,02:001FE1E8,03:001E6C68,04:001DFC68,05:0021BFE8,06:00204F68,07:002150E8,08:001FFD00,09:0020C5E8,10:001E0968,11:0021EB68,12:0020FD68,13:001F8CE8,14:00200568,15:001E69E8,16:001EBB68,17:001EA468,18:001F5FE8
func_L00_001ED3D4	shared	8	6fc5137dc6c36752	19	00:001ED3D4,01:0020EF54,02:001FE23C,03:001E6CBC,04:001DFCBC,05:0021C03C,06:00204FBC,07:0021513C,08:001FFD54,09:0020C63C,10:001E09BC,11:0021EBBC,12:0020FDBC,13:001F8D3C,14:002005BC,15:001E6A3C,16:001EBBBC,17:001EA4BC,18:001F603C
func_001F57F8	exe	4	5ce34602649d0dfd	19	00:001ED3DC,00:001FA608,00:001FB0D0,00:002A1D38,00:002A1DE8,00:002A1EF0,00:002A2140,01:0020EF5C,01:0021C188,01:0021CC50,01:002B59D0,01:002B5A80,01:002B5B88,01:002B5DD8,02:001FE244,02:0020B4C0,02:002A1490,02:002A1540,02:002A1648,02:002A1898,03:001E6CC4,03:001F3EF0,03:001F49B8,03:0028E598,03:0028E648,03:0028E750,03:0028E9A0,04:001DFCC4,04:001ECEF0,04:00292B60,04:00292C10,04:00292D18,04:00292F68,05:0021C044,05:002292C0,05:00229D88,05:002CA430,05:002CA4E0,05:002CA5E8,05:002CA838,06:00204FC4,06:002121F0,06:002AEDB0,06:002AEE60,06:002AEF68,06:002AF1B8,07:00215144,07:002223C0,07:00222E88,07:002C8910,07:002C89C0,07:002C8AC8,07:002C8D18,08:001FFD5C,08:0020CF98,08:002AA080,08:002AA130,08:002AA238,08:002AA488,09:0020C644,09:002198C0,09:0021A388,09:002BE588,09:002BE638,09:002BE740,09:002BE990,10:001E09C4,10:001EDBF0,10:001EE6B8,10:00292748,10:002927F8,10:00292900,10:00292B50,11:0021EBC4,11:0022BDF0,11:002C4B50,11:002C4C00,11:002C4D08,11:002C4F58,12:0020FDC4,12:0021D048,12:002B84F0,12:002B85A0,12:002B86A8,12:002B88F8,13:001F8D44,13:00205F70,13:002AC2D8,13:002AC388,13:002AC490,13:002AC6E0,14:002005C4,14:0020D898,14:0020E360,14:002A8090,14:002A8140,14:002A8248,14:002A8498,15:001E6A44,15:001F3CC0,15:001F4788,15:0028FBC0,15:0028FC70,15:0028FD78,15:0028FFC8,16:001EBBC4,16:001F8DF0,16:001F98B8,16:0029ABC0,16:0029AC70,16:0029AD78,16:0029AFC8,17:001EA4C4,17:001F76F0,17:001F81B8,17:00299FC0,17:0029A070,17:0029A178,17:0029A3C8,18:001F6044,18:00203270,18:002A1820,18:002A18D0,18:002A19D8,18:002A1C28
func_001EDE08	exe	72	e5e6810dcbcf3e39	19	00:001ED3E0,01:0020EF60,02:001FE248,03:001E6CC8,04:001DFCC8,05:0021C048,06:00204FC8,07:00215148,08:001FFD60,09:0020C648,10:001E09C8,11:0021EBC8,12:0020FDC8,13:001F8D48,14:002005C8,15:001E6A48,16:001EBBC8,17:001EA4C8,18:001F6048
func_L00_001ED428	shared	56	f0244a2a5087b352	19	00:001ED428,01:0020EFA8,02:001FE290,03:001E6D10,04:001DFD10,05:0021C090,06:00205010,07:00215190,08:001FFDA8,09:0020C690,10:001E0A10,11:0021EC10,12:0020FE10,13:001F8D90,14:00200610,15:001E6A90,16:001EBC10,17:001EA510,18:001F6090
func_001FE580	exe	4	b16452689f584ef0	19	00:001ED460,01:0020EFE0,02:001FE2C8,03:001E6D48,04:001DFD48,05:0021C0C8,06:00205048,07:002151C8,08:001FFDE0,09:0020C6C8,10:001E0A48,11:0021EC48,12:0020FE48,13:001F8DC8,14:00200648,15:001E6AC8,16:001EBC48,17:001EA548,18:001F60C8
func_L00_001ED464	shared	332	f9e199e0f16ad036	19	00:001ED464,01:0020EFE4,02:001FE2CC,03:001E6D4C,04:001DFD4C,05:0021C0CC,06:0020504C,07:002151CC,08:001FFDE4,09:0020C6CC,10:001E0A4C,11:0021EC4C,12:0020FE4C,13:001F8DCC,14:0020064C,15:001E6ACC,16:001EBC4C,17:001EA54C,18:001F60CC
func_L00_001ED5B0	shared	76	c20665299c60f5bc	19	00:001ED5B0,01:0020F130,02:001FE418,03:001E6E98,04:001DFE98,05:0021C218,06:00205198,07:00215318,08:001FFF30,09:0020C818,10:001E0B98,11:0021ED98,12:0020FF98,13:001F8F18,14:00200798,15:001E6C18,16:001EBD98,17:001EA698,18:001F6218
func_L00_001ED600	shared	212	f666f1482f841d05	19	00:001ED600,01:0020F180,02:001FE468,03:001E6EE8,04:001DFEE8,05:0021C268,06:002051E8,07:00215368,08:001FFF80,09:0020C868,10:001E0BE8,11:0021EDE8,12:0020FFE8,13:001F8F68,14:002007E8,15:001E6C68,16:001EBDE8,17:001EA6E8,18:001F6268
func_L00_001ED6D8	shared	552	bd620cb8a6748fe8	19	00:001ED6D8,01:0020F258,02:001FE540,03:001E6FC0,04:001DFFC0,05:0021C340,06:002052C0,07:00215440,08:00200058,09:0020C940,10:001E0CC0,11:0021EEC0,12:002100C0,13:001F9040,14:002008C0,15:001E6D40,16:001EBEC0,17:001EA7C0,18:001F6340
func_L00_001ED900	shared	176	5b128ccf4ba7112d	19	00:001ED900,01:0020F480,02:001FE768,03:001E71E8,04:001E01E8,05:0021C568,06:002054E8,07:00215668,08:00200280,09:0020CB68,10:001E0EE8,11:0021F0E8,12:002102E8,13:001F9268,14:00200AE8,15:001E6F68,16:001EC0E8,17:001EA9E8,18:001F6568
func_L00_001ED9B0	shared	120	c98d8bee812c0dbc	19	00:001ED9B0,01:0020F530,02:001FE818,03:001E7298,04:001E0298,05:0021C618,06:00205598,07:00215718,08:00200330,09:0020CC18,10:001E0F98,11:0021F198,12:00210398,13:001F9318,14:00200B98,15:001E7018,16:001EC198,17:001EAA98,18:001F6618
func_L00_001EDA28	shared	456	47da8747486f29c5	19	00:001EDA28,01:0020F5A8,02:001FE890,03:001E7310,04:001E0310,05:0021C690,06:00205610,07:00215790,08:002003A8,09:0020CC90,10:001E1010,11:0021F210,12:00210410,13:001F9390,14:00200C10,15:001E7090,16:001EC210,17:001EAB10,18:001F6690
func_001EDFF8	exe	948	ff4421318976b386	19	00:001EDC00,01:0020F780,02:001FEA68,03:001E74E8,04:001E04E8,05:0021C868,06:002057E8,07:00215968,08:00200580,09:0020CE68,10:001E11E8,11:0021F3E8,12:002105E8,13:001F9568,14:00200DE8,15:001E7268,16:001EC3E8,17:001EACE8,18:001F6868
func_001EE3B0	exe	796	2f79b9ab89839832	19	00:001EDFB8,01:0020FB38,02:001FEE20,03:001E78A0,04:001E08A0,05:0021CC20,06:00205BA0,07:00215D20,08:00200938,09:0020D220,10:001E15A0,11:0021F7A0,12:002109A0,13:001F9920,14:002011A0,15:001E7620,16:001EC7A0,17:001EB0A0,18:001F6C20
func_L00_001EE2E0	shared	220	1b53d8d053fa3e4f	19	00:001EE2E0,01:0020FE60,02:001FF148,03:001E7BC8,04:001E0BC8,05:0021CF48,06:00205EC8,07:00216048,08:00200C60,09:0020D548,10:001E18C8,11:0021FAC8,12:00210CC8,13:001F9C48,14:002014C8,15:001E7948,16:001ECAC8,17:001EB3C8,18:001F6F48
func_001EE6E0	exe	364	04be478beb3618ae	19	00:001EE3C0,01:0020FF40,02:001FF228,03:001E7CA8,04:001E0CA8,05:0021D028,06:00205FA8,07:00216128,08:00200D40,09:0020D628,10:001E19A8,11:0021FBA8,12:00210DA8,13:001F9D28,14:002015A8,15:001E7A28,16:001ECBA8,17:001EB4A8,18:001F7028
func_L00_001EE530	shared	352	1b6c3df9a77b62ea	19	00:001EE530,01:002100B0,02:001FF398,03:001E7E18,04:001E0E18,05:0021D198,06:00206118,07:00216298,08:00200EB0,09:0020D798,10:001E1B18,11:0021FD18,12:00210F18,13:001F9E98,14:00201718,15:001E7B98,16:001ECD18,17:001EB618,18:001F7198
func_001EE850	exe	4	f5d6208c88b7637e	19	00:001EE690,00:00216878,00:0026FA20,01:00210210,01:00236748,01:002849A8,02:001FF4F8,02:00225118,02:00270FE8,03:001E7F78,03:0020E5F0,03:0025DC10,04:001E0F78,04:00209DD8,04:002622E0,05:0021D2F8,05:00243FA0,05:00299928,06:00206278,06:0022D568,06:0027E8E0,07:002163F8,07:0023E660,07:00297C48,08:00201010,08:00227B70,08:00279C10,09:0020D8F8,09:00236458,09:0028E438,10:001E1C78,10:00209E60,10:00262710,10:002D8ED0,11:0021FE78,11:00246200,11:00294D10,12:00211078,12:00237978,12:00288228,13:001F9FF8,13:002222E0,13:0027B338,14:00201878,14:00227E10,14:00277658,15:001E7CF8,15:0020E1F8,16:001ECE78,16:00213C28,16:0026AD78,17:001EB778,17:002136E8,17:00269530,18:001F72F8,18:0021DF70
func_L00_001EE698	shared	928	712c885d3b93a205	19	00:001EE698,01:00210218,02:001FF500,03:001E7F80,04:001E0F80,05:0021D300,06:00206280,07:00216400,08:00201018,09:0020D900,10:001E1C80,11:0021FE80,12:00211080,13:001FA000,14:00201880,15:001E7D00,16:001ECE80,17:001EB780,18:001F7300
func_001EE858	exe	396	28e3d660315e435a	19	00:001EEA38,01:002105B8,02:001FF8A0,03:001E8320,04:001E1320,05:0021D6A0,06:00206620,07:002167A0,08:002013B8,09:0020DCA0,10:001E2020,11:00220220,12:00211420,13:001FA3A0,14:00201C20,15:001E80A0,16:001ED220,17:001EBB20,18:001F76A0
func_001EE9E8	exe	12	5173bebc78ef8f3b	19	00:001EEBC8,01:00210748,02:001FFA30,03:001E84B0,04:001E14B0,05:0021D830,06:002067B0,07:00216930,08:00201548,09:0020DE30,10:001E21B0,11:002203B0,12:002115B0,13:001FA530,14:00201DB0,15:001E8230,16:001ED3B0,17:001EBCB0,18:001F7830
func_L00_001EEBD8	shared	3436	0bb16cf8290a6dc2	19	00:001EEBD8,01:00210758,02:001FFA40,03:001E84C0,04:001E14C0,05:0021D840,06:002067C0,07:00216940,08:00201558,09:0020DE40,10:001E21C0,11:002203C0,12:002115C0,13:001FA540,14:00201DC0,15:001E8240,16:001ED3C0,17:001EBCC0,18:001F7840
func_L00_001EF944	shared	1548	b74ed14c11a67902	19	00:001EF944,01:002114C4,02:002007AC,03:001E922C,04:001E222C,05:0021E5AC,06:0020752C,07:002176AC,08:002022C4,09:0020EBAC,10:001E2F2C,11:0022112C,12:0021232C,13:001FB2AC,14:00202B2C,15:001E8FAC,16:001EE12C,17:001ECA2C,18:001F85AC
func_L00_001EFF50	shared	152	4d11864850362139	19	00:001EFF50,01:00211AD0,02:00200DB8,03:001E9838,04:001E2838,05:0021EBB8,06:00207B38,07:00217CB8,08:002028E0,09:0020F1B8,10:001E3538,11:00221738,12:00212940,13:001FB8B8,14:00203140,15:001E95B8,16:001EE738,17:001ED038,18:001F8BB8
func_L00_001EFFE8	shared	8	9f2e8c20e14c77e0	19	00:001EFFE8,01:00211B68,02:00200E50,03:001E98D0,04:001E28D0,05:0021EC50,06:00207BD0,07:00217D50,08:00202978,09:0020F250,10:001E35D0,11:002217D0,12:002129D8,13:001FB950,14:002031D8,15:001E9650,16:001EE7D0,17:001ED0D0,18:001F8C50
func_L00_001EFFF0	shared	1976	e5e1799f7bd703ff	19	00:001EFFF0,01:00211B70,02:00200E58,03:001E98D8,04:001E28D8,05:0021EC58,06:00207BD8,07:00217D58,08:00202980,09:0020F258,10:001E35D8,11:002217D8,12:002129E0,13:001FB958,14:002031E0,15:001E9658,16:001EE7D8,17:001ED0D8,18:001F8C58
func_00208D30	exe	4	5dfa052ab5ca1438	19	00:001F07A8,00:0024B2F8,01:00212328,01:0025F288,02:00201610,02:0024CDE8,03:001EA090,03:00239538,04:001E3090,04:0023DC68,05:0021F410,05:002742B8,06:00208390,06:00259F88,07:00218510,07:00272A00,08:00203138,08:00254E60,09:0020FA10,09:0026A2E8,10:001E3D90,10:0023DCF0,11:00221F90,11:00270618,12:00213198,12:00263468,13:001FC110,13:002564F8,14:00203998,14:00252E88,15:001E9E10,15:0023A888,16:001EEF90,16:00246938,17:001ED890,17:00245A68,18:001F9410,18:0024D570
func_L00_001F07AC	shared	92	b5228c1dfbf88792	19	00:001F07AC,01:0021232C,02:00201614,03:001EA094,04:001E3094,05:0021F414,06:00208394,07:00218514,08:0020313C,09:0020FA14,10:001E3D94,11:00221F94,12:0021319C,13:001FC114,14:0020399C,15:001E9E14,16:001EEF94,17:001ED894,18:001F9414
func_001F9B48	exe	4	c9c2f6d85c526e21	19	00:001F0808,00:001FF188,01:00212388,01:00221018,02:00201670,02:00210170,03:001EA0F0,03:001F8AA0,04:001E30F0,04:001F1B70,05:0021F470,05:0022DE70,06:002083F0,06:00217220,07:00218570,07:00226F70,08:00203198,08:00211C88,09:0020FA70,09:0021ED68,10:001E3DF0,10:001F2770,11:00221FF0,11:00230A70,12:002131F8,12:00222018,13:001FC170,13:0020ABF0,14:002039F8,14:00212798,15:001E9E70,15:001F8880,16:001EEFF0,16:001FD970,17:001ED8F0,17:001FC2B0,18:001F9470,18:00207EF0
func_L00_001F080C	shared	2212	807ed335160a079b	19	00:001F080C,01:0021238C,02:00201674,03:001EA0F4,04:001E30F4,05:0021F474,06:002083F4,07:00218574,08:0020319C,09:0020FA74,10:001E3DF4,11:00221FF4,12:002131FC,13:001FC174,14:002039FC,15:001E9E74,16:001EEFF4,17:001ED8F4,18:001F9474
func_L00_001F10B0	shared	48	5fbd7fb6d95f1df1	19	00:001F10B0,01:00212C30,02:00201F18,03:001EA998,04:001E3998,05:0021FD18,06:00208C98,07:00218E18,08:00203A40,09:00210318,10:001E4698,11:00222898,12:00213AA0,13:001FCA18,14:002042A0,15:001EA718,16:001EF898,17:001EE198,18:001F9D18
func_L00_001F10E0	shared	3136	76cdb4d8e5e10826	19	00:001F10E0,01:00212C60,02:00201F48,03:001EA9C8,04:001E39C8,05:0021FD48,06:00208CC8,07:00218E48,08:00203A70,09:00210348,10:001E46C8,11:002228C8,12:00213AD0,13:001FCA48,14:002042D0,15:001EA748,16:001EF8C8,17:001EE1C8,18:001F9D48
func_L00_001F1D20	shared	3784	9df66f82489cac5a	19	00:001F1D20,01:002138A0,02:00202B88,03:001EB608,04:001E4608,05:00220988,06:00209908,07:00219A88,08:002046B0,09:00210F88,10:001E5308,11:00223508,12:00214710,13:001FD688,14:00204F10,15:001EB388,16:001F0508,17:001EEE08,18:001FA988
func_L00_001F2BE8	shared	2248	e88779ca8fc12536	19	00:001F2BE8,01:00214768,02:00203A50,03:001EC4D0,04:001E54D0,05:00221850,06:0020A7D0,07:0021A950,08:00205578,09:00211E50,10:001E61D0,11:002243D0,12:002155D8,13:001FE550,14:00205DD8,15:001EC250,16:001F13D0,17:001EFCD0,18:001FB850
func_L00_001F34B0	shared	64	1d53ca23a030c147	19	00:001F34B0,01:00215030,02:00204318,03:001ECD98,04:001E5D98,05:00222118,06:0020B098,07:0021B218,08:00205E40,09:00212718,10:001E6A98,11:00224C98,12:00215EA0,13:001FEE18,14:002066A0,15:001ECB18,16:001F1C98,17:001F0598,18:001FC118
func_L00_001F34F0	shared	1128	91f568c637db284f	19	00:001F34F0,01:00215070,02:00204358,03:001ECDD8,04:001E5DD8,05:00222158,06:0020B0D8,07:0021B258,08:00205E80,09:00212758,10:001E6AD8,11:00224CD8,12:00215EE0,13:001FEE58,14:002066E0,15:001ECB58,16:001F1CD8,17:001F05D8,18:001FC158
func_L00_001F3958	shared	40	4ed3cd5b22555cc3	19	00:001F3958,01:002154D8,02:002047C0,03:001ED240,04:001E6240,05:002225C0,06:0020B540,07:0021B6C0,08:002062E8,09:00212BC0,10:001E6F40,11:00225140,12:00216348,13:001FF2C0,14:00206B48,15:001ECFC0,16:001F2140,17:001F0A40,18:001FC5C0
func_L00_001F3980	shared	8	74a6a7710fbe676a	19	00:001F3980,00:00200380,00:002004B8,01:00215500,01:00222210,01:00222348,02:002047E8,02:00211368,02:002114A0,03:001ED268,03:001F9C98,03:001F9DD0,04:001E6268,04:001F2D68,04:001F2EA0,05:002225E8,05:0022F068,05:0022F1A0,06:0020B568,06:00218420,06:00218558,07:0021B6E8,07:00228168,07:002282A0,08:00206310,08:00212E80,08:00212FB8,09:00212BE8,09:0021FF60,09:00220098,10:001E6F68,10:001F3968,10:001F3AA0,11:00225168,11:00231C68,11:00231DA0,12:00216370,12:00223210,12:00223348,13:001FF2E8,13:0020BDE8,13:0020BF20,14:00206B70,14:00213990,14:00213AC8,15:001ECFE8,15:001F9A78,15:001F9BB0,16:001F2168,16:001FEB68,16:001FECA0,17:001F0A68,17:001FD4A8,17:001FD5E0,18:001FC5E8,18:002090E8,18:00209220
func_L00_001F3988	shared	40	88978e3103632b91	19	00:001F3988,01:00215508,02:002047F0,03:001ED270,04:001E6270,05:002225F0,06:0020B570,07:0021B6F0,08:00206318,09:00212BF0,10:001E6F70,11:00225170,12:00216378,13:001FF2F0,14:00206B78,15:001ECFF0,16:001F2170,17:001F0A70,18:001FC5F0
func_L00_001F39B0	shared	8	54126ce17763036a	19	00:001F39B0,00:001FF4A8,00:001FF5A8,00:001FF608,00:00200378,00:002688A0,01:00215530,01:00221338,01:00221438,01:00221498,01:00222208,01:0027D3A8,02:00204818,02:00210490,02:00210590,02:002105F0,02:00211360,02:00269E68,03:001ED298,03:001F8DC0,03:001F8EC0,03:001F8F20,03:001F9C90,03:00256970,04:001E6298,04:001F1E90,04:001F1F90,04:001F1FF0,04:001F2D60,04:0025B040,05:00222618,05:0022E190,05:0022E290,05:0022E2F0,05:0022F060,05:002927A8,06:0020B598,06:00217548,06:00217648,06:002176A8,06:00218418,06:00277608,07:0021B718,07:00227290,07:00227390,07:002273F0,07:00228160,07:00290AC8,08:002028D0,08:002028D8,08:00206340,08:00211FA8,08:002120A8,08:00212108,08:00212E78,08:00272738,09:00212C18,09:0021F088,09:0021F188,09:0021F1E8,09:0021FF58,09:00287160,10:001E6F98,10:001F2A90,10:001F2B90,10:001F2BF0,10:001F3960,10:0025B590,11:00225198,11:00230D90,11:00230E90,11:00230EF0,11:00231C60,11:0028DB90,12:00212938,12:002163A0,12:00222338,12:00222438,12:00222498,12:00223208,12:00280EA8,13:001FF318,13:0020AF10,13:0020B010,13:0020B070,13:0020BDE0,13:002741B8,14:00203138,14:00206BA0,14:00212AB8,14:00212BB8,14:00212C18,14:00213988,14:002701B8,15:001ED018,15:001F8BA0,15:001F8CA0,15:001F8D00,15:001F9A70,15:00257DC8,16:001F2198,16:001FDC90,16:001FDD90,16:001FDDF0,16:001FEB60,16:00263BF8,17:001F0A98,17:001FC5D0,17:001FC6D0,17:001FC730,17:001FD4A0,17:00262258,18:001FC618,18:00208210,18:00208310,18:00208370,18:002090E0,18:0026A750
func_001F0F30	exe	60	66cc4f4a4328e3a2	19	00:001F39B8,01:00215538,02:00204820,03:001ED2A0,04:001E62A0,05:00222620,06:0020B5A0,07:0021B720,08:00206348,09:00212C20,10:001E6FA0,11:002251A0,12:002163A8,13:001FF320,14:00206BA8,15:001ED020,16:001F21A0,17:001F0AA0,18:001FC620
func_001F0F70	exe	4	5b7f5280b1d77ff6	19	00:001F39F8,01:00215578,02:00204860,03:001ED2E0,04:001E62E0,05:00222660,06:0020B5E0,07:0021B760,08:00206388,09:00212C60,10:001E6FE0,11:002251E0,12:002163E8,13:001FF360,14:00206BE8,15:001ED060,16:001F21E0,17:001F0AE0,18:001FC660
func_001F0F78	exe	116	aae99736a10693a8	19	00:001F3A00,01:00215580,02:00204868,03:001ED2E8,04:001E62E8,05:00222668,06:0020B5E8,07:0021B768,08:00206390,09:00212C68,10:001E6FE8,11:002251E8,12:002163F0,13:001FF368,14:00206BF0,15:001ED068,16:001F21E8,17:001F0AE8,18:001FC668
func_L00_001F3A78	shared	116	d9ca2b98e1b2443c	19	00:001F3A78,01:002155F8,02:002048E0,03:001ED360,04:001E6360,05:002226E0,06:0020B660,07:0021B7E0,08:00206408,09:00212CE0,10:001E7060,11:00225260,12:00216468,13:001FF3E0,14:00206C68,15:001ED0E0,16:001F2260,17:001F0B60,18:001FC6E0
func_L00_001F3AF0	shared	624	e31f542a087c4a61	19	00:001F3AF0,01:00215670,02:00204958,03:001ED3D8,04:001E63D8,05:00222758,06:0020B6D8,07:0021B858,08:00206480,09:00212D58,10:001E70D8,11:002252D8,12:002164E0,13:001FF458,14:00206CE0,15:001ED158,16:001F22D8,17:001F0BD8,18:001FC758
func_001F0FF8	exe	140	0c0ee5634b52addd	19	00:001F3D60,01:002158E0,02:00204BC8,03:001ED648,04:001E6648,05:002229C8,06:0020B948,07:0021BAC8,08:002066F0,09:00212FC8,10:001E7348,11:00225548,12:00216750,13:001FF6C8,14:00206F50,15:001ED3C8,16:001F2548,17:001F0E48,18:001FC9C8
func_L00_001F3DF0	shared	44	3d144493a3a4579d	19	00:001F3DF0,01:00215970,02:00204C58,03:001ED6D8,04:001E66D8,05:00222A58,06:0020B9D8,07:0021BB58,08:00206780,09:00213058,10:001E73D8,11:002255D8,12:002167E0,13:001FF758,14:00206FE0,15:001ED458,16:001F25D8,17:001F0ED8,18:001FCA58
func_L00_001F3E20	shared	2540	774665aee6b8747c	19	00:001F3E20,01:002159A0,02:00204C88,03:001ED708,04:001E6708,05:00222A88,06:0020BA08,07:0021BB88,08:002067B0,09:00213088,10:001E7408,11:00225608,12:00216810,13:001FF788,14:00207010,15:001ED488,16:001F2608,17:001F0F08,18:001FCA88
func_L00_001F4810	shared	260	1ec3a9bd4a4fc9c8	19	00:001F4810,01:00216390,02:00205678,03:001EE0F8,04:001E70F8,05:00223478,06:0020C3F8,07:0021C578,08:002071A0,09:00213A78,10:001E7DF8,11:00225FF8,12:00217200,13:00200178,14:00207A00,15:001EDE78,16:001F2FF8,17:001F18F8,18:001FD478
func_L00_001F4918	shared	4932	cd68011c46f7ba95	19	00:001F4918,01:00216498,02:00205780,03:001EE200,04:001E7200,05:00223580,06:0020C500,07:0021C680,08:002072A8,09:00213B80,10:001E7F00,11:00226100,12:00217308,13:00200280,14:00207B08,15:001EDF80,16:001F3100,17:001F1A00,18:001FD580
func_L00_001F5C60	shared	4884	63dc1fa5324facef	19	00:001F5C60,01:002177E0,02:00206AC8,03:001EF548,04:001E8548,05:002248C8,06:0020D848,07:0021D9C8,08:002085F0,09:00214EC8,10:001E9248,11:00227448,12:00218650,13:002015C8,14:00208E50,15:001EF2C8,16:001F4448,17:001F2D48,18:001FE8C8
func_001F2418	exe	308	69bef35bf29b951a	19	00:001F6FB8,01:00218B38,02:00207E20,03:001F08A0,04:001E98A0,05:00225C20,06:0020EBA0,07:0021ED20,08:00209948,09:00216220,10:001EA5A0,11:002287A0,12:002199A8,13:00202920,14:0020A1A8,15:001F0620,16:001F57A0,17:001F40A0,18:001FFC20
func_L00_001F70F0	shared	28	7188867ea9d6eba4	19	00:001F70F0,01:00218C70,02:00207F58,03:001F09D8,04:001E99D8,05:00225D58,06:0020ECD8,07:0021EE58,08:00209A80,09:00216358,10:001EA6D8,11:002288D8,12:00219AE0,13:00202A58,14:0020A2E0,15:001F0758,16:001F58D8,17:001F41D8,18:001FFD58
func_001F2568	exe	156	57d858cecbb04014	19	00:001F7128,01:00218CA8,02:00207F90,03:001F0A10,04:001E9A10,05:00225D90,06:0020ED10,07:0021EE90,08:00209AB8,09:00216390,10:001EA710,11:00228910,12:00219B18,13:00202A90,14:0020A318,15:001F0790,16:001F5910,17:001F4210,18:001FFD90
func_001F2608	exe	808	6de973d2666bc065	19	00:001F71C8,01:00218D48,02:00208030,03:001F0AB0,04:001E9AB0,05:00225E30,06:0020EDB0,07:0021EF30,08:00209B58,09:00216430,10:001EA7B0,11:002289B0,12:00219BB8,13:00202B30,14:0020A3B8,15:001F0830,16:001F59B0,17:001F42B0,18:001FFE30
func_001F2930	exe	260	02e128d7c91d87b0	19	00:001F74F0,01:00219070,02:00208358,03:001F0DD8,04:001E9DD8,05:00226158,06:0020F0D8,07:0021F258,08:00209E80,09:00216758,10:001EAAD8,11:00228CD8,12:00219EE0,13:00202E58,14:0020A6E0,15:001F0B58,16:001F5CD8,17:001F45D8,18:00200158
func_L00_001F75F8	shared	132	928b732047d3c0f9	19	00:001F75F8,01:00219178,02:00208460,03:001F0EE0,04:001E9EE0,05:00226260,06:0020F1E0,07:0021F360,08:00209F88,09:00216860,10:001EABE0,11:00228DE0,12:00219FE8,13:00202F60,14:0020A7E8,15:001F0C60,16:001F5DE0,17:001F46E0,18:00200260
func_L00_001F767C	shared	72	2048db093b58f826	19	00:001F767C,01:002191FC,02:002084E4,03:001F0F64,04:001E9F64,05:002262E4,06:0020F264,07:0021F3E4,08:0020A00C,09:002168E4,10:001EAC64,11:00228E64,12:0021A06C,13:00202FE4,14:0020A86C,15:001F0CE4,16:001F5E64,17:001F4764,18:002002E4
func_001E97C8	exe	8	0a5385cf4a659d30	19	00:001F76C4,00:0020DC48,00:00211A30,00:002346B4,00:00234710,00:0024F1EC,00:0025F4A0,00:00261470,00:00278E80,00:00278E88,00:0027A9A0,00:0027BE00,00:0027CB38,00:00280448,00:002CC3AC,00:002CC3B4,00:002D6CCC,00:002DCCF8,00:002DCD00,00:002DCD08,00:002DCD10,00:002DCD38,00:002EB0D0,00:002EC6C0,00:002ECFA8,00:002F0A6C,01:00219244,01:0022E4E8,01:002320F0,01:00249CC4,01:00249D20,01:00263CBC,01:002742D8,01:002762A8,01:0028EB68,01:0028EB70,01:00290688,01:00291AE8,01:00292820,01:00296130,01:002C84D0,01:002E1F3C,01:002E1F44,01:002F0FBC,01:002F31EC,01:00305490,01:00305498,01:003054A0,01:003054A8,01:003054D0,01:003161D0,01:003171B0,01:00318A40,01:00319328,01:0031CECC,02:0020852C,02:0021CF00,02:00220A20,02:00237B4C,02:00237BA8,02:00251574,02:00261408,02:002633D8,02:0027A2E8,02:0027A2F0,02:0027BE08,02:0027D268,02:0027DFA0,02:002818B0,02:002CBD0C,02:002CBD14,02:002D7764,02:002E78F0,02:002E78F8,02:002E7900,02:002E7908,02:002E7930,02:002F8FD8,02:002FA678,02:002FAF60,02:002FBDF0,02:002FF654,03:001F0FAC,03:002062E0,03:00209EE8,03:00223DEC,03:00223E48,03:0023DCC4,03:0024DE50,03:0024FAC8,03:00267A08,03:00267A10,03:00269528,03:0026A988,03:0026B6C0,03:0026EFD0,03:002BDF84,03:002BDF8C,03:002D44C0,03:002D7F48,03:002D7F50,03:002D7F58,03:002D7F60,03:002D7F88,03:002E9950,03:002EB300,03:002EBBE8,03:002ECA78,03:002ED170,03:002F06F4,04:001E9FAC,04:002011A8,04:00204F90,04:00227C14,04:00227C70,04:00241B5C,04:00252450,04:002540C8,04:0026C0E0,04:0026C0E8,04:0026DC00,04:0026F060,04:0026FD98,04:002736A8,04:002C100C,04:002C1014,04:002C554C,04:002DEFB8,04:002DEFC0,04:002DEFC8,04:002DEFD0,04:002DEFF8,04:002EE948,04:002F0358,04:002F0C40,04:002F1AD0,04:002F4734,05:0022632C,05:0023B9F8,05:0023F680,05:0025DA44,05:0025DAA0,05:0027944C,05:00289710,05:0028B4F0,05:002A3130,05:002A3138,05:002A4C50,05:002A60B0,05:002A6DE8,05:002AA6F8,05:002F846C,05:002F8474,05:0030208C,05:003127E8,05:003127F0,05:003127F8,05:00312800,05:00312828,05:003267B0,05:00327790,05:00328FC0,05:003298A8,05:0032A738,05:0032BBE8,05:0032EB54,06:0020F2AC,06:00224E10,06:002289F0,06:00244444,06:002444A0,06:0025DE7C,06:0026E280,06:0026FFD0,06:00287BE0,06:00287BE8,06:00289700,06:0028AB60,06:0028B898,06:0028F1A8,06:002BFAC8,06:002D9534,06:002D953C,06:002EBC4C,06:002ED8E0,06:002ED8E8,06:002ED8F0,06:002ED8F8,06:002ED920,06:00313100,06:00314720,06:00315008,06:00315E98,06:003196C4,07:0021F42C,07:00235A30,07:00239818,07:0025C49C,07:0025C4F8,07:00277B94,07:00287E40,07:00289A40,07:002A17D0,07:002A17D8,07:002A32F0,07:002A4750,07:002A5488,07:002A8D98,07:002F587C,07:002F5884,07:00308790,07:00308798,07:003087A0,07:003087A8,07:003087D0,07:003269A0,07:00327F90,07:00328878,07:00329708,07:0032C63C,08:0020A054,08:0021F768,08:00223390,08:0023F89C,08:0023F8F8,08:00259664,08:00269908,08:0026BB00,08:002834F8,08:00283500,08:00285018,08:00286478,08:002871B0,08:0028AAC0,08:002BB870,08:002D53FC,08:002D9544,08:002D954C,08:002FEA88,08:002FEA90,08:002FEA98,08:002FEAA0,08:002FEAC8,08:00312CB0,08:00313C90,08:00315530,08:00315E18,08:0031A0BC,09:0021692C,09:0022D828,09:00231610,09:00254294,09:002542F0,09:0026EA74,09:0027EE58,09:00280EE0,09:00297BA0,09:00297BA8,09:002996C0,09:0029AB20,09:0029B858,09:0029F168,09:002D1D00,09:002E39C4,09:002EEE9C,09:002EEEA4,09:002FE0A8,09:002FE0B0,09:002FE0B8,09:002FE0C0,09:002FE0E8,09:00312B90,09:00314190,09:00314A78,09:00315908,09:00318ABC,10:001EACAC,10:00201230,10:00205018,10:00227C9C,10:00227CF8,10:00241BE4,10:00251F10,10:00253EE0,10:0026BCB0,10:0026BCB8,10:0026D7D0,10:0026EC30,10:0026F968,10:00273278,10:002BE00C,10:002BE014,10:002CFC14,10:002D18A8,10:002D18B0,10:002D18B8,10:002D18C0,10:002D18E8,10:002F3418,10:002F4A08,10:002F52F0,10:002F6180,10:002F9C0C,11:00228EAC,11:0023DEF0,11:00241AF8,11:0025B054,11:0025B0B0,11:00274F8C,11:00284C50,11:002869A0,11:0029E128,11:0029E130,11:0029FC48,11:002A10A8,11:002A1DE0,11:002A56F0,11:002F20B4,11:002F20BC,11:002FCCAC,11:00305EB0,11:00305EB8,11:00305EC0,11:00305EC8,11:00305EF0,11:003175C8,11:0031777C,11:00326440,11:00327A30,11:00328318,11:003291A8,11:0032BCA4,12:0021A0B4,12:0022F520,12:00233128,12:0024DEA4,12:0024DF00,12:00267EAC,12:00278310,12:00279E58,12:00291A58,12:00291A60,12:00293578,12:002949D8,12:00295710,12:00299020,12:002E2B74,12:002E7ECC,12:002E7ED4,12:002FD088,12:002FD090,12:002FD098,12:002FD0A0,12:002FD0C8,12:00313200,12:00314800,12:003150E8,12:00315F78,12:003199DC,13:0020302C,13:002196B0,13:0021D498,13:0024011C,13:00240178,13:0025ADF4,13:0026B448,13:0026D418,13:00284F10,13:00284F18,13:00286A30,13:00287E90,13:00288BC8,13:0028C4D8,13:002B8D8C,13:002E7E7C,13:002E7E84,13:002FFD20,13:002FFD28,13:002FFD30,13:002FFD38,13:002FFD60,13:003155E0,13:00316BD0,13:003174B8,13:00318348,13:0031B4EC,14:0020A8B4,14:0021FA90,14:002235C8,14:0023D9B4,14:0023DA10,14:002576EC,14:00267820,14:002697F0,14:002815C0,14:002815C8,14:002830E0,14:00284540,14:00285278,14:00288B88,14:002B4C24,14:002DC284,14:002DE5EC,14:002DE5F4,14:002F9230,14:002F9238,14:002F9240,14:002F9248,14:002F9270,14:00311BA8,14:00313198,14:00313A80,14:00314910,14:00319F6C,15:001F0D2C,15:00205D40,15:00209A80,15:0022523C,15:00225298,15:0023E77C,15:0024ECD8,15:00250CA8,15:00268A68,15:00268A70,15:0026A588,15:0026B9E8,15:0026C720,15:00270030,15:0029899C,15:0029B208,15:002ABB70,15:002BD834,15:002CA5BC,15:002CA5C4,15:002E1BE0,15:002E1BE8,15:002E1BF0,15:002E1BF8,15:002E1C20,15:002F5310,15:002F6900,15:002F71E8,15:002F8078,15:002FC124,16:001F5EAC,16:0020B578,16:0020F220,16:002300C4,16:00230120,16:0024A82C,16:0025AD00,16:0025CCD0,16:00274090,16:00274098,16:00275BB0,16:00277010,16:00277D48,16:0027B658,16:002C7204,16:002C720C,16:002DB610,16:002DB618,16:002DB620,16:002DB628,16:002DB650,16:002E718C,16:002E7B74,16:002F1220,16:002F2200,16:002F3A30,16:002F4318,16:002F51A8,16:002F6658,16:002F8BE4,17:001F47AC,17:0020AC20,17:0020E8F0,17:0022FA14,17:0022FA70,17:0024995C,17:00259DC8,17:0025BD98,17:00272F58,17:00272F60,17:00274A78,17:00275ED8,17:00276C10,17:0027A520,17:002A31F0,17:002B06A8,17:002CAF9C,17:002CAFA4,17:002DF568,17:002DF570,17:002DF578,17:002DF580,17:002DF5A8,17:002F1B9C,17:002FDD68,17:002FED48,17:003005A8,17:00300E90,17:00301D20,17:003042F4,18:0020032C,18:002159C0,18:00219720,18:00237C24,18:00237C80,18:00251464,18:00261770,18:00263740,18:0027AD48,18:0027AD50,18:0027C868,18:0027DCC8,18:0027EA00,18:00282310,18:002CEB54,18:002CEB5C,18:002D765C,18:002E28E4,18:002E6FC8,18:002E6FD0,18:002E6FD8,18:002E6FE0,18:002E7008,18:002FC8C4,18:002FE1AC,18:00303D18,18:00305308,18:00305BF0,18:00306A80,18:00309E6C
func_001F2B10	exe	184	2e2b21198597a6ac	19	00:001F76D0,01:00219250,02:00208538,03:001F0FB8,04:001E9FB8,05:00226338,06:0020F2B8,07:0021F438,08:0020A060,09:00216938,10:001EACB8,11:00228EB8,12:0021A0C0,13:00203038,14:0020A8C0,15:001F0D38,16:001F5EB8,17:001F47B8,18:00200338
func_001F2BC8	exe	1008	98948468b80ab8be	19	00:001F7788,01:00219308,02:002085F0,03:001F1070,04:001EA070,05:002263F0,06:0020F370,07:0021F4F0,08:0020A118,09:002169F0,10:001EAD70,11:00228F70,12:0021A178,13:002030F0,14:0020A978,15:001F0DF0,16:001F5F70,17:001F4870,18:002003F0
func_001F2FB8	exe	80	348f03e80ce07e18	19	00:001F7B78,01:002196F8,02:002089E0,03:001F1460,04:001EA460,05:002267E0,06:0020F760,07:0021F8E0,08:0020A508,09:00216DE0,10:001EB160,11:00229360,12:0021A568,13:002034E0,14:0020AD68,15:001F11E0,16:001F6360,17:001F4C60,18:002007E0
func_001F3008	exe	308	dc5a1a617a95ecaf	19	00:001F7BC8,01:00219748,02:00208A30,03:001F14B0,04:001EA4B0,05:00226830,06:0020F7B0,07:0021F930,08:0020A558,09:00216E30,10:001EB1B0,11:002293B0,12:0021A5B8,13:00203530,14:0020ADB8,15:001F1230,16:001F63B0,17:001F4CB0,18:00200830
func_001F3140	exe	1564	dc00b5d79daebd86	19	00:001F7D00,01:00219880,02:00208B68,03:001F15E8,04:001EA5E8,05:00226968,06:0020F8E8,07:0021FA68,08:0020A690,09:00216F68,10:001EB2E8,11:002294E8,12:0021A6F0,13:00203668,14:0020AEF0,15:001F1368,16:001F64E8,17:001F4DE8,18:00200968
func_001F3760	exe	304	2b7dc2da71ae50aa	19	00:001F8320,01:00219EA0,02:00209188,03:001F1C08,04:001EAC08,05:00226F88,06:0020FF08,07:00220088,08:0020ACB0,09:00217588,10:001EB908,11:00229B08,12:0021AD10,13:00203C88,14:0020B510,15:001F1988,16:001F6B08,17:001F5408,18:00200F88
func_001F3890	exe	768	2c22dbafa8160e57	19	00:001F8450,01:00219FD0,02:002092B8,03:001F1D38,04:001EAD38,05:002270B8,06:00210038,07:002201B8,08:0020ADE0,09:002176B8,10:001EBA38,11:00229C38,12:0021AE40,13:00203DB8,14:0020B640,15:001F1AB8,16:001F6C38,17:001F5538,18:002010B8
func_L00_001F8750	shared	116	e22928a34d484e7e	19	00:001F8750,01:0021A2D0,02:002095B8,03:001F2038,04:001EB038,05:002273B8,06:00210338,07:002204B8,08:0020B0E0,09:002179B8,10:001EBD38,11:00229F38,12:0021B140,13:002040B8,14:0020B940,15:001F1DB8,16:001F6F38,17:001F5838,18:002013B8
func_001F65A8	exe	8	94fa2fd9540a9f79	19	00:001F87C4,00:001FB3B8,01:0021A344,01:0021CF38,02:0020962C,02:0020C370,03:001F20AC,03:001F4CA0,04:001EB0AC,04:001EDDA0,05:0022742C,05:0022A070,06:002103AC,06:002130A0,07:0022052C,07:00223170,08:0020B154,08:0020DE48,09:00217A2C,09:0021A670,10:001EBDAC,10:001EE9A0,11:00229FAC,11:0022CCA0,12:0021B1B4,12:0021DEF8,13:0020412C,13:00206E20,14:0020B9B4,14:0020E648,15:001F1E2C,15:001F4A70,16:001F6FAC,16:001F9BA0,17:001F58AC,17:001F84A0,18:0020142C,18:00204120
func_001F3C10	exe	236	5f391ebfd3d2b014	19	00:001F87D0,01:0021A350,02:00209638,03:001F20B8,04:001EB0B8,05:00227438,06:002103B8,07:00220538,08:0020B160,09:00217A38,10:001EBDB8,11:00229FB8,12:0021B1C0,13:00204138,14:0020B9C0,15:001F1E38,16:001F6FB8,17:001F58B8,18:00201438
func_001F3D00	exe	120	b29f2b76e74f66b3	19	00:001F88C0,01:0021A440,02:00209728,03:001F21A8,04:001EB1A8,05:00227528,06:002104A8,07:00220628,08:0020B250,09:00217B28,10:001EBEA8,11:0022A0A8,12:0021B2B0,13:00204228,14:0020BAB0,15:001F1F28,16:001F70A8,17:001F59A8,18:00201528
func_001F3D78	exe	2168	c8b5188bb87be53d	19	00:001F8938,01:0021A4B8,02:002097A0,03:001F2220,04:001EB220,05:002275A0,06:00210520,07:002206A0,08:0020B2C8,09:00217BA0,10:001EBF20,11:0022A120,12:0021B328,13:002042A0,14:0020BB28,15:001F1FA0,16:001F7120,17:001F5A20,18:002015A0
func_L00_001F91B0	shared	96	e6bd2283081455ea	19	00:001F91B0,01:0021AD30,02:0020A018,03:001F2A98,04:001EBA98,05:00227E18,06:00210D98,07:00220F18,08:0020BB40,09:00218418,10:001EC798,11:0022A998,12:0021BBA0,13:00204B18,14:0020C3A0,15:001F2818,16:001F7998,17:001F6298,18:00201E18
func_001F45F0	exe	52	6c88ec61064a8266	19	00:001F9210,01:0021AD90,02:0020A078,03:001F2AF8,04:001EBAF8,05:00227E78,06:00210DF8,07:00220F78,08:0020BBA0,09:00218478,10:001EC7F8,11:0022A9F8,12:0021BC00,13:00204B78,14:0020C400,15:001F2878,16:001F79F8,17:001F62F8,18:00201E78
func_L00_001F9248	shared	116	ceffd1d75cb5024d	19	00:001F9248,01:0021ADC8,02:0020A0B0,03:001F2B30,04:001EBB30,05:00227EB0,06:00210E30,07:00220FB0,08:0020BBD8,09:002184B0,10:001EC830,11:0022AA30,12:0021BC38,13:00204BB0,14:0020C438,15:001F28B0,16:001F7A30,17:001F6330,18:00201EB0
func_L00_001F92C0	shared	40	dca331f7d5e9a874	19	00:001F92C0,01:0021AE40,02:0020A128,03:001F2BA8,04:001EBBA8,05:00227F28,06:00210EA8,07:00221028,08:0020BC50,09:00218528,10:001EC8A8,11:0022AAA8,12:0021BCB0,13:00204C28,14:0020C4B0,15:001F2928,16:001F7AA8,17:001F63A8,18:00201F28
func_L00_001F92E8	shared	248	44dc5c332664c1c6	19	00:001F92E8,01:0021AE68,02:0020A150,03:001F2BD0,04:001EBBD0,05:00227F50,06:00210ED0,07:00221050,08:0020BC78,09:00218550,10:001EC8D0,11:0022AAD0,12:0021BCD8,13:00204C50,14:0020C4D8,15:001F2950,16:001F7AD0,17:001F63D0,18:00201F50
func_001F4630	exe	276	2d98ff6f58cb1a78	19	00:001F93E0,01:0021AF60,02:0020A248,03:001F2CC8,04:001EBCC8,05:00228048,06:00210FC8,07:00221148,08:0020BD70,09:00218648,10:001EC9C8,11:0022ABC8,12:0021BDD0,13:00204D48,14:0020C5D0,15:001F2A48,16:001F7BC8,17:001F64C8,18:00202048
func_001F4748	exe	284	c865942c4ba4c951	19	00:001F94F8,01:0021B078,02:0020A360,03:001F2DE0,04:001EBDE0,05:00228160,06:002110E0,07:00221260,08:0020BE88,09:00218760,10:001ECAE0,11:0022ACE0,12:0021BEE8,13:00204E60,14:0020C6E8,15:001F2B60,16:001F7CE0,17:001F65E0,18:00202160
func_001F4868	exe	328	fc777ee63270523b	19	00:001F9618,01:0021B198,02:0020A480,03:001F2F00,04:001EBF00,05:00228280,06:00211200,07:00221380,08:0020BFA8,09:00218880,10:001ECC00,11:0022AE00,12:0021C008,13:00204F80,14:0020C808,15:001F2C80,16:001F7E00,17:001F6700,18:00202280
func_001F49B0	exe	80	31658dc853d4a51b	19	00:001F9760,00:001F9918,01:0021B2E0,01:0021B498,02:0020A5C8,02:0020A690,02:0020A7D0,03:001F3048,03:001F3200,04:001EC048,04:001EC200,05:002283C8,05:00228490,05:002285D0,06:00211348,06:00211500,07:002214C8,07:00221590,07:002216D0,08:0020C0F0,08:0020C2A8,09:002189C8,09:00218A90,09:00218BD0,10:001ECD48,10:001ECF00,11:0022AF48,11:0022B100,12:0021C150,12:0021C218,12:0021C358,13:002050C8,13:00205280,14:0020C950,14:0020CA18,14:0020CAE0,14:0020CBA8,15:001F2DC8,15:001F2F08,15:001F2FD0,16:001F7F48,16:001F8100,17:001F6848,17:001F6A00,18:002023C8,18:00202580
func_001F4A00	exe	120	0020ae84784899ba	19	00:001F97B0,00:001F9828,00:001F98A0,00:001F9968,01:0021B330,01:0021B3A8,01:0021B420,01:0021B4E8,02:0020A618,02:0020A6E0,02:0020A758,02:0020A820,03:001F3098,03:001F3110,03:001F3188,03:001F3250,04:001EC098,04:001EC110,04:001EC188,04:001EC250,05:00228418,05:002284E0,05:00228558,05:00228620,06:00211398,06:00211410,06:00211488,06:00211550,07:00221518,07:002215E0,07:00221658,07:00221720,08:0020C140,08:0020C1B8,08:0020C230,08:0020C2F8,09:00218A18,09:00218AE0,09:00218B58,09:00218C20,10:001ECD98,10:001ECE10,10:001ECE88,10:001ECF50,11:0022AF98,11:0022B010,11:0022B088,11:0022B150,12:0021C1A0,12:0021C268,12:0021C2E0,12:0021C3A8,13:00205118,13:00205190,13:00205208,13:002052D0,14:0020C9A0,14:0020CA68,14:0020CB30,14:0020CBF8,15:001F2E18,15:001F2E90,15:001F2F58,15:001F3020,16:001F7F98,16:001F8010,16:001F8088,16:001F8150,17:001F6898,17:001F6910,17:001F6988,17:001F6A50,18:00202418,18:00202490,18:00202508,18:002025D0
func_001F4C30	exe	472	a0133e13457d27b5	19	00:001F99E0,01:0021B560,02:0020A898,03:001F32C8,04:001EC2C8,05:00228698,06:002115C8,07:00221798,08:0020C370,09:00218C98,10:001ECFC8,11:0022B1C8,12:0021C420,13:00205348,14:0020CC70,15:001F3098,16:001F81C8,17:001F6AC8,18:00202648
func_001F4E08	exe	392	80fc24ea20534296	19	00:001F9BB8,01:0021B738,02:0020AA70,03:001F34A0,04:001EC4A0,05:00228870,06:002117A0,07:00221970,08:0020C548,09:00218E70,10:001ED1A0,11:0022B3A0,12:0021C5F8,13:00205520,14:0020CE48,15:001F3270,16:001F83A0,17:001F6CA0,18:00202820
func_L00_001F9D40	shared	96	c7b08d7d2eb1f6c1	19	00:001F9D40,01:0021B8C0,02:0020ABF8,03:001F3628,04:001EC628,05:002289F8,06:00211928,07:00221AF8,08:0020C6D0,09:00218FF8,10:001ED328,11:0022B528,12:0021C780,13:002056A8,14:0020CFD0,15:001F33F8,16:001F8528,17:001F6E28,18:002029A8
func_001F4F90	exe	440	9e061a19a87c6ed6	19	00:001F9DA0,01:0021B920,02:0020AC58,03:001F3688,04:001EC688,05:00228A58,06:00211988,07:00221B58,08:0020C730,09:00219058,10:001ED388,11:0022B588,12:0021C7E0,13:00205708,14:0020D030,15:001F3458,16:001F8588,17:001F6E88,18:00202A08
func_001F5148	exe	544	e03ef4036e22df18	19	00:001F9F58,01:0021BAD8,02:0020AE10,03:001F3840,04:001EC840,05:00228C10,06:00211B40,07:00221D10,08:0020C8E8,09:00219210,10:001ED540,11:0022B740,12:0021C998,13:002058C0,14:0020D1E8,15:001F3610,16:001F8740,17:001F7040,18:00202BC0
func_001F5368	exe	384	455dbe72c298d9bc	19	00:001FA178,01:0021BCF8,02:0020B030,03:001F3A60,04:001ECA60,05:00228E30,06:00211D60,07:00221F30,08:0020CB08,09:00219430,10:001ED760,11:0022B960,12:0021CBB8,13:00205AE0,14:0020D408,15:001F3830,16:001F8960,17:001F7260,18:00202DE0
func_001F54E8	exe	216	847a8013dd41f056	19	00:001FA2F8,01:0021BE78,02:0020B1B0,03:001F3BE0,04:001ECBE0,05:00228FB0,06:00211EE0,07:002220B0,08:0020CC88,09:002195B0,10:001ED8E0,11:0022BAE0,12:0021CD38,13:00205C60,14:0020D588,15:001F39B0,16:001F8AE0,17:001F73E0,18:00202F60
func_001F55C0	exe	144	3c7f3f515fb1bbfc	19	00:001FA3D0,01:0021BF50,02:0020B288,03:001F3CB8,04:001ECCB8,05:00229088,06:00211FB8,07:00222188,08:0020CD60,09:00219688,10:001ED9B8,11:0022BBB8,12:0021CE10,13:00205D38,14:0020D660,15:001F3A88,16:001F8BB8,17:001F74B8,18:00203038
func_001F5650	exe	424	a8e1ff2a6dbd8172	19	00:001FA460,01:0021BFE0,02:0020B318,03:001F3D48,04:001ECD48,05:00229118,06:00212048,07:00222218,08:0020CDF0,09:00219718,10:001EDA48,11:0022BC48,12:0021CEA0,13:00205DC8,14:0020D6F0,15:001F3B18,16:001F8C48,17:001F7548,18:002030C8
func_001F5800	exe	388	0d2acae63f30e5e4	19	00:001FA610,01:0021C190,02:0020B4C8,03:001F3EF8,04:001ECEF8,05:002292C8,06:002121F8,07:002223C8,08:0020CFA0,09:002198C8,10:001EDBF8,11:0022BDF8,12:0021D050,13:00205F78,14:0020D8A0,15:001F3CC8,16:001F8DF8,17:001F76F8,18:00203278
func_001F5988	exe	560	5e9c9a67de40dd8c	19	00:001FA798,01:0021C318,02:0020B650,03:001F4080,04:001ED080,05:00229450,06:00212380,07:00222550,08:0020D128,09:00219A50,10:001EDD80,11:0022BF80,12:0021D1D8,13:00206100,14:0020DA28,15:001F3E50,16:001F8F80,17:001F7880,18:00203400
func_001F5BB8	exe	680	5f5af88f8782fbf5	19	00:001FA9C8,01:0021C548,02:0020B880,03:001F42B0,04:001ED2B0,05:00229680,06:002125B0,07:00222780,08:0020D358,09:00219C80,10:001EDFB0,11:0022C1B0,12:0021D408,13:00206330,14:0020DC58,15:001F4080,16:001F91B0,17:001F7AB0,18:00203630
func_001F5E60	exe	1116	36e260caf0b85fd2	19	00:001FAC70,01:0021C7F0,02:0020BB28,03:001F4558,04:001ED558,05:00229928,06:00212858,07:00222A28,08:0020D600,09:00219F28,10:001EE258,11:0022C458,12:0021D6B0,13:002065D8,14:0020DF00,15:001F4328,16:001F9458,17:001F7D58,18:002038D8
func_001F62C8	exe	324	0cf74e426d3cabe2	19	00:001FB0D8,01:0021CC58,02:0020C090,03:001F49C0,04:001EDAC0,05:00229D90,06:00212DC0,07:00222E90,08:0020DB68,09:0021A390,10:001EE6C0,11:0022C9C0,12:0021DC18,13:00206B40,14:0020E368,15:001F4790,16:001F98C0,17:001F81C0,18:00203E40
func_001F6410	exe	388	e7fe7a6a37637ef4	19	00:001FB220,01:0021CDA0,02:0020C1D8,03:001F4B08,04:001EDC08,05:00229ED8,06:00212F08,07:00222FD8,08:0020DCB0,09:0021A4D8,10:001EE808,11:0022CB08,12:0021DD60,13:00206C88,14:0020E4B0,15:001F48D8,16:001F9A08,17:001F8308,18:00203F88
func_001F6598	exe	12	7add10cd0f14dd8d	19	00:001FB3A8,00:0024B9A8,00:0024BC2C,01:0021CF28,01:0025F938,01:0025FBBC,02:0020C360,02:0024D498,02:0024D71C,03:001F4C90,03:00239BE8,03:00239E6C,04:001EDD90,04:0023E318,04:0023E59C,05:0022A060,05:00274968,05:00274BEC,06:00213090,06:0025A638,06:0025A8BC,07:00223160,07:002730B0,07:00273334,08:0020DE38,08:00255510,08:00255794,09:0021A660,09:0026A998,09:0026AC1C,10:001EE990,10:0023E3A0,10:0023E624,11:0022CC90,11:00270CC8,11:00270F4C,12:0021DEE8,12:00263B18,12:00263D9C,13:00206E10,13:00256BA8,13:00256E2C,14:0020E638,14:00253538,14:002537BC,15:001F4A60,15:0023AF38,15:0023B1BC,16:001F9B90,16:00246FE8,16:0024726C,17:001F8490,17:00246118,17:0024639C,18:00204110,18:0024DC20,18:0024DEA4
func_001F65B0	exe	80	ae867d8b1ba1094a	19	00:001FB3C0,01:0021CF40,02:0020C378,03:001F4CA8,04:001EDDA8,05:0022A078,06:002130A8,07:00223178,08:0020DE50,09:0021A678,10:001EE9A8,11:0022CCA8,12:0021DF00,13:00206E28,14:0020E650,15:001F4A78,16:001F9BA8,17:001F84A8,18:00204128
func_001F6600	exe	32	2abde65fb3daa768	19	00:001FB410,00:001FB430,00:001FB450,01:0021CF90,01:0021CFB0,01:0021CFD0,02:0020C3C8,02:0020C3E8,02:0020C408,03:001F4CF8,03:001F4D18,03:001F4D38,04:001EDDF8,04:001EDE18,04:001EDE38,05:0022A0C8,05:0022A0E8,05:0022A108,06:002130F8,06:00213118,06:00213138,07:002231C8,07:002231E8,07:00223208,08:0020DEA0,08:0020DEC0,08:0020DEE0,09:0021A6C8,09:0021A6E8,09:0021A708,10:001EE9F8,10:001EEA18,10:001EEA38,11:0022CCF8,11:0022CD18,11:0022CD38,12:0021DF50,12:0021DF70,12:0021DF90,13:00206E78,13:00206E98,13:00206EB8,14:0020E6A0,14:0020E6C0,14:0020E6E0,15:001F4AC8,15:001F4AE8,15:001F4B08,16:001F9BF8,16:001F9C18,16:001F9C38,17:001F84F8,17:001F8518,17:001F8538,18:00204178,18:00204198,18:002041B8
func_001F6668	exe	640	6e0ad3ff45669fe0	19	00:001FB478,01:0021CFF8,02:0020C430,03:001F4D60,04:001EDE60,05:0022A130,06:00213160,07:00223230,08:0020DF08,09:0021A730,10:001EEA60,11:0022CD60,12:0021DFB8,13:00206EE0,14:0020E708,15:001F4B30,16:001F9C60,17:001F8560,18:002041E0
func_001F68E8	exe	124	0dce349048fbc62f	19	00:001FB6F8,00:001FB778,00:001FB7F8,01:0021D278,01:0021D2F8,01:0021D378,02:0020C6B0,02:0020C730,02:0020C7B0,03:001F4FE0,03:001F5060,03:001F50E0,04:001EE0E0,04:001EE160,04:001EE1E0,05:0022A3B0,05:0022A430,05:0022A4B0,06:002133E0,06:00213460,06:002134E0,07:002234B0,07:00223530,07:002235B0,08:0020E188,08:0020E208,08:0020E288,09:0021A9B0,09:0021AA30,09:0021AAB0,10:001EECE0,10:001EED60,10:001EEDE0,11:0022CFE0,11:0022D060,11:0022D0E0,12:0021E238,12:0021E2B8,12:0021E338,13:00207160,13:002071E0,13:00207260,14:0020E988,14:0020EA08,14:0020EA88,15:001F4DB0,15:001F4E30,15:001F4EB0,16:001F9EE0,16:001F9F60,16:001F9FE0,17:001F87E0,17:001F8860,17:001F88E0,18:00204460,18:002044E0,18:00204560
func_001F69F0	exe	748	fc6f3759f5875539	19	00:001FB878,01:0021D3F8,02:0020C830,03:001F5160,04:001EE260,05:0022A530,06:00213560,07:00223630,08:0020E308,09:0021AB30,10:001EEE60,11:0022D160,12:0021E3B8,13:002072E0,14:0020EB08,15:001F4F30,16:001FA060,17:001F8960,18:002045E0
func_001F6CE0	exe	20	1190947587d72e50	19	00:001FBB68,01:0021D6E8,02:0020CB20,03:001F5450,04:001EE550,05:0022A820,06:00213850,07:00223920,08:0020E5F8,09:0021AE20,10:001EF150,11:0022D450,12:0021E6A8,13:002075D0,14:0020EDF8,15:001F5220,16:001FA350,17:001F8C50,18:002048D0
func_001F6CF8	exe	140	2f3747e6bdee23b0	19	00:001FBB80,00:001FBC10,00:001FBCA0,01:0021D700,01:0021D790,01:0021D820,02:0020CB38,02:0020CBC8,02:0020CC58,03:001F5468,03:001F54F8,03:001F5588,04:001EE568,04:001EE5F8,04:001EE688,05:0022A838,05:0022A8C8,05:0022A958,06:00213868,06:002138F8,06:00213988,07:00223938,07:002239C8,07:00223A58,08:0020E610,08:0020E6A0,08:0020E730,09:0021AE38,09:0021AEC8,09:0021AF58,10:001EF168,10:001EF1F8,10:001EF288,11:0022D468,11:0022D4F8,11:0022D588,12:0021E6C0,12:0021E750,12:0021E7E0,13:002075E8,13:00207678,13:00207708,14:0020EE10,14:0020EEA0,14:0020EF30,15:001F5238,15:001F52C8,15:001F5358,16:001FA368,16:001FA3F8,16:001FA488,17:001F8C68,17:001F8CF8,17:001F8D88,18:002048E8,18:00204978,18:00204A08
func_001F6EA8	exe	148	b14c9247cb85c57f	19	00:001FBD30,00:001FBDC8,00:001FBE60,01:0021D8B0,01:0021D948,01:0021D9E0,02:0020CCE8,02:0020CD80,02:0020CE18,03:001F5618,03:001F56B0,03:001F5748,04:001EE718,04:001EE7B0,04:001EE848,05:0022A9E8,05:0022AA80,05:0022AB18,06:00213A18,06:00213AB0,06:00213B48,07:00223AE8,07:00223B80,07:00223C18,08:0020E7C0,08:0020E858,08:0020E8F0,09:0021AFE8,09:0021B080,09:0021B118,10:001EF318,10:001EF3B0,10:001EF448,11:0022D618,11:0022D6B0,11:0022D748,12:0021E870,12:0021E908,12:0021E9A0,13:00207798,13:00207830,13:002078C8,14:0020EFC0,14:0020F058,14:0020F0F0,15:001F53E8,15:001F5480,15:001F5518,16:001FA518,16:001FA5B0,16:001FA648,17:001F8E18,17:001F8EB0,17:001F8F48,18:00204A98,18:00204B30,18:00204BC8
func_001F7070	exe	1264	6173b9700991a17a	19	00:001FBEF8,01:0021DA78,02:0020CEB0,03:001F57E0,04:001EE8E0,05:0022ABB0,06:00213BE0,07:00223CB0,08:0020E988,09:0021B1B0,10:001EF4E0,11:0022D7E0,12:0021EA38,13:00207960,14:0020F188,15:001F55B0,16:001FA6E0,17:001F8FE0,18:00204C60
func_001F7560	exe	108	df0080b06bfab550	19	00:001FC3E8,00:001FC458,01:0021DF68,01:0021DFD8,02:0020D3A0,02:0020D410,03:001F5CD0,03:001F5D40,04:001EEDD0,04:001EEE40,05:0022B0A0,05:0022B110,06:002140D0,06:00214140,07:002241A0,07:00224210,08:0020EE78,08:0020EEE8,09:0021B6A0,09:0021B710,10:001EF9D0,10:001EFA40,11:0022DCD0,11:0022DD40,12:0021EF28,12:0021EF98,13:00207E50,13:00207EC0,14:0020F678,14:0020F6E8,15:001F5AA0,15:001F5B10,16:001FABD0,16:001FAC40,17:001F94D0,17:001F9540,18:00205150,18:002051C0
func_001F7648	exe	56	99ad956078f190de	19	00:001FC4D0,01:0021E050,02:0020D488,03:001F5DB8,04:001EEEB8,05:0022B188,06:002141B8,07:00224288,08:0020EF60,09:0021B788,10:001EFAB8,11:0022DDB8,12:0021F010,13:00207F38,14:0020F760,15:001F5B88,16:001FACB8,17:001F95B8,18:00205238
func_001F7680	exe	488	2ebf7c8f64f9874c	19	00:001FC508,01:0021E088,02:0020D4C0,03:001F5DF0,04:001EEEF0,05:0022B1C0,06:002141F0,07:002242C0,08:0020EF98,09:0021B7C0,10:001EFAF0,11:0022DDF0,12:0021F048,13:00207F70,14:0020F798,15:001F5BC0,16:001FACF0,17:001F95F0,18:00205270
func_001F7868	exe	488	dc75d4388c3a287c	19	00:001FC6F0,01:0021E270,02:0020D6A8,03:001F5FD8,04:001EF0D8,05:0022B3A8,06:002143D8,07:002244A8,08:0020F180,09:0021B9A8,10:001EFCD8,11:0022DFD8,12:0021F230,13:00208158,14:0020F980,15:001F5DA8,16:001FAED8,17:001F97D8,18:00205458
func_001F7A50	exe	236	504198af4847d191	19	00:001FC8D8,01:0021E458,02:0020D890,03:001F61C0,04:001EF2C0,05:0022B590,06:002145C0,07:00224690,08:0020F368,09:0021BB90,10:001EFEC0,11:0022E1C0,12:0021F418,13:00208340,14:0020FB68,15:001F5F90,16:001FB0C0,17:001F99C0,18:00205640
func_001F7B40	exe	44	f47521337eb73307	19	00:001FC9C8,00:0020F0E8,00:002A0620,01:0021E548,01:0022F988,01:002B42B8,02:0020D980,02:0021E3A0,02:0029FD78,03:001F62B0,03:00207780,03:0028CE80,04:001EF3B0,04:00202648,04:00291448,05:0022B680,05:0023CED8,05:002C8D18,06:002146B0,06:002262B0,06:002AD698,07:00224780,07:00236ED0,07:002C71F8,08:0020F458,08:00220C08,08:002A8968,09:0021BC80,09:0022ECC8,09:002BCE70,10:001EFFB0,10:002026D0,10:00291030,11:0022E2B0,11:0023F390,11:002C3438,12:0021F508,12:002309C0,12:002B6DD8,13:00208430,13:0021AB50,13:002AABC0,14:0020FC58,14:00220F30,14:002A6978,15:001F6080,15:002071E0,15:0028E4A8,16:001FB1B0,16:0020CA58,16:002994A8,17:001F9AB0,17:0020C0C0,17:002988A8,18:00205730,18:00216E60,18:002A0108
func_001F7B70	exe	136	ea0b5bd1138ad09e	19	00:001FC9F8,01:0021E578,02:0020D9B0,03:001F62E0,04:001EF3E0,05:0022B6B0,06:002146E0,07:002247B0,08:0020F488,09:0021BCB0,10:001EFFE0,11:0022E2E0,12:0021F538,13:00208460,14:0020FC88,15:001F60B0,16:001FB1E0,17:001F9AE0,18:00205760
func_001F7BF8	exe	84	e927bc98c6acb0e8	19	00:001FCA80,01:0021E600,02:0020DA38,03:001F6368,04:001EF468,05:0022B738,06:00214768,07:00224838,08:0020F510,09:0021BD38,10:001F0068,11:0022E368,12:0021F5C0,13:002084E8,14:0020FD10,15:001F6138,16:001FB268,17:001F9B68,18:002057E8
func_L00_001FCAD8	shared	372	0572c1dcd4b3b7ee	19	00:001FCAD8,01:0021E658,02:0020DA90,03:001F63C0,04:001EF4C0,05:0022B790,06:002147C0,07:00224890,08:0020F568,09:0021BD90,10:001F00C0,11:0022E3C0,12:0021F618,13:00208540,14:0020FD68,15:001F6190,16:001FB2C0,17:001F9BC0,18:00205840
func_L00_001FCC50	shared	748	078614929970a8fa	19	00:001FCC50,01:0021E7D0,02:0020DC08,03:001F6538,04:001EF638,05:0022B908,06:00214938,07:00224A08,08:0020F6E0,09:0021BF08,10:001F0238,11:0022E538,12:0021F790,13:002086B8,14:0020FEE0,15:001F6308,16:001FB438,17:001F9D38,18:002059B8
func_001F7C60	exe	376	606953344738472d	19	00:001FCF40,01:0021EAC0,02:0020DEF8,03:001F6828,04:001EF928,05:0022BBF8,06:00214C28,07:00224CF8,08:0020F9D0,09:0021C1F8,10:001F0528,11:0022E828,12:0021FA80,13:002089A8,14:002101D0,15:001F65F8,16:001FB728,17:001FA028,18:00205CA8
func_001F7DD8	exe	192	c78c39490b4f82b7	19	00:001FD0B8,01:0021EC38,02:0020E070,03:001F69A0,04:001EFAA0,05:0022BD70,06:00214DA0,07:00224E70,08:0020FB48,09:0021C370,10:001F06A0,11:0022E9A0,12:0021FBF8,13:00208B20,14:00210348,15:001F6770,16:001FB8A0,17:001FA1A0,18:00205E20
func_001F7E98	exe	96	4974838e371235d1	19	00:001FD178,01:0021ECF8,02:0020E130,03:001F6A60,04:001EFB60,05:0022BE30,06:00214E60,07:00224F30,08:0020FC08,09:0021C430,10:001F0760,11:0022EA60,12:0021FCB8,13:00208BE0,14:00210408,15:001F6830,16:001FB960,17:001FA260,18:00205EE0
func_L00_001FD1D8	shared	592	620f3a1d9575489c	19	00:001FD1D8,01:0021ED58,02:0020E190,03:001F6AC0,04:001EFBC0,05:0022BE90,06:00214EC0,07:00224F90,08:0020FC68,09:0021C490,10:001F07C0,11:0022EAC0,12:0021FD18,13:00208C40,14:00210468,15:001F6890,16:001FB9C0,17:001FA2C0,18:00205F40
func_L00_001FD428	shared	640	b801d2cf0d67246d	19	00:001FD428,01:0021EFA8,02:0020E3E0,03:001F6D10,04:001EFE10,05:0022C0E0,06:00215110,07:002251E0,08:0020FEB8,09:0021C6E0,10:001F0A10,11:0022ED10,12:0021FF68,13:00208E90,14:002106B8,15:001F6AE0,16:001FBC10,17:001FA510,18:00206190
func_L00_001FD6A8	shared	228	c028da633f684bbc	19	00:001FD6A8,01:0021F228,02:0020E660,03:001F6F90,04:001F0090,05:0022C360,06:00215390,07:00225460,08:00210138,09:0021C960,10:001F0C90,11:0022EF90,12:002201E8,13:00209110,14:00210938,15:001F6D60,16:001FBE90,17:001FA790,18:00206410
func_001F84AC	exe	128	c7b0172e82d776f2	19	00:001FD78C,01:0021F30C,02:0020E744,03:001F7074,04:001F0174,05:0022C444,06:00215474,07:00225544,08:0021021C,09:0021CA44,10:001F0D74,11:0022F074,12:002202CC,13:002091F4,14:00210A1C,15:001F6E44,16:001FBF74,17:001FA874,18:002064F4
func_001F852C	exe	64	6c06e797250e508c	19	00:001FD80C,01:0021F38C,02:0020E7C4,03:001F70F4,04:001F01F4,05:0022C4C4,06:002154F4,07:002255C4,08:0021029C,09:0021CAC4,10:001F0DF4,11:0022F0F4,12:0022034C,13:00209274,14:00210A9C,15:001F6EC4,16:001FBFF4,17:001FA8F4,18:00206574
func_001F856C	exe	1532	95b316ea329ffb2b	19	00:001FD84C,01:0021F3CC,02:0020E804,03:001F7134,04:001F0234,05:0022C504,06:00215534,07:00225604,08:002102DC,09:0021CB04,10:001F0E34,11:0022F134,12:0022038C,13:002092B4,14:00210ADC,15:001F6F04,16:001FC034,17:001FA934,18:002065B4
func_L00_001FDE48	shared	500	91a34f958d2e2412	19	00:001FDE48,01:0021FCD8,02:0020EE00,03:001F7730,04:001F0830,05:0022CB00,06:00215B30,07:00225C00,08:002108D8,09:0021D410,10:001F1430,11:0022F730,12:00220C98,13:002098B0,14:002113E8,15:001F7500,16:001FC630,17:001FAF30,18:00206BB0
func_001F8B6C	exe	1612	11c17029ff8661a3	19	00:001FE03C,01:0021FECC,02:0020EFF4,03:001F7924,04:001F0A24,05:0022CCF4,06:00215D24,07:00225DF4,08:00210ACC,09:0021D604,10:001F1624,11:0022F924,12:00220E8C,13:00209AA4,14:002115DC,15:001F76F4,16:001FC824,17:001FB124,18:00206DA4
func_L00_001FE688	shared	696	87156239c0873dab	19	00:001FE688,01:00220518,02:0020F640,03:001F7F70,04:001F1070,05:0022D340,06:00216370,07:00226440,08:00211118,09:0021DC50,10:001F1C70,11:0022FF70,12:002214D8,13:0020A0F0,14:00211C28,15:001F7D40,16:001FCE70,17:001FB770,18:002073F0
func_L00_001FE940	shared	132	56caf4a8b1f3de53	19	00:001FE940,01:002207D0,02:0020F8F8,03:001F8228,04:001F1328,05:0022D5F8,06:00216628,07:002266F8,08:002113D0,09:0021DF08,10:001F1F28,11:00230228,12:00221790,13:0020A3A8,14:00211EE0,15:001F7FF8,16:001FD128,17:001FBA28,18:002076A8
func_L00_001FE9C8	shared	192	6d342e1c6f162238	19	00:001FE9C8,01:00220858,02:0020F980,03:001F82B0,04:001F13B0,05:0022D680,06:002166B0,07:00226780,08:00211458,09:0021DF90,10:001F1FB0,11:002302B0,12:00221818,13:0020A430,14:00211F68,15:001F8080,16:001FD1B0,17:001FBAB0,18:00207730
func_001F9478	exe	920	42dd2fbb35bda6d1	19	00:001FEA88,01:00220918,02:0020FA40,03:001F8370,04:001F1470,05:0022D740,06:00216770,07:00226840,08:00211518,09:0021E050,10:001F2070,11:00230370,12:002218D8,13:0020A4F0,14:00212028,15:001F8140,16:001FD270,17:001FBB70,18:002077F0
func_L00_001FEE20	shared	44	f416c1f3917019e4	18	00:001FEE20,01:00220CB0,02:0020FDD8,03:001F8708,04:001F1808,05:0022DAD8,06:00216B08,07:00226BD8,08:002118B0,10:001F2408,11:00230708,12:00221C70,13:0020A888,14:002123C0,15:001F84D8,16:001FD608,17:001FBF08,18:00207B88
func_001F9878	exe	16	33df4c1b5fc62559	19	00:001FEE50,00:001FEE88,00:001FEEC0,00:001FEEF8,00:001FEF08,01:00220CE0,01:00220D18,01:00220D50,01:00220D88,01:00220D98,02:0020FE08,02:0020FE40,02:0020FE78,02:0020FEB0,02:0020FEC0,03:001F8738,03:001F8770,03:001F87A8,03:001F87E0,03:001F87F0,04:001F1838,04:001F1870,04:001F18A8,04:001F18E0,04:001F18F0,05:0022DB08,05:0022DB40,05:0022DB78,05:0022DBB0,05:0022DBC0,06:00216EE8,06:00216F20,06:00216F58,06:00216F90,06:00216FA0,07:00226C08,07:00226C40,07:00226C78,07:00226CB0,07:00226CC0,08:002118E0,08:00211918,08:00211950,08:00211988,08:00211998,09:0021EA00,09:0021EA38,09:0021EA70,09:0021EAA8,09:0021EAB8,10:001F2438,10:001F2470,10:001F24A8,10:001F24E0,10:001F24F0,11:00230738,11:00230770,11:002307A8,11:002307E0,11:002307F0,12:00221CA0,12:00221CD8,12:00221D10,12:00221D48,12:00221D58,13:0020A8B8,13:0020A8F0,13:0020A928,13:0020A960,13:0020A970,14:002123F0,14:00212428,14:00212460,14:00212498,14:002124A8,15:001F8508,15:001F8540,15:001F8578,15:001F85B0,15:001F85C0,16:001FD638,16:001FD670,16:001FD6A8,16:001FD6E0,16:001FD6F0,17:001FBF38,17:001FBF70,17:001FBFA8,17:001FBFE0,17:001FBFF0,18:00207BB8,18:00207BF0,18:00207C28,18:00207C60,18:00207C70
func_001F9850	exe	40	4aaa0116b3f7d67f	19	00:001FEE60,00:001FEE98,00:001FEED0,01:00220CF0,01:00220D28,01:00220D60,02:0020FE18,02:0020FE50,02:0020FE88,03:001F8748,03:001F8780,03:001F87B8,04:001F1848,04:001F1880,04:001F18B8,05:0022DB18,05:0022DB50,05:0022DB88,06:00216EF8,06:00216F30,06:00216F68,07:00226C18,07:00226C50,07:00226C88,08:002118F0,08:00211928,08:00211960,09:0021EA10,09:0021EA48,09:0021EA80,10:001F2448,10:001F2480,10:001F24B8,11:00230748,11:00230780,11:002307B8,12:00221CB0,12:00221CE8,12:00221D20,13:0020A8C8,13:0020A900,13:0020A938,14:00212400,14:00212438,14:00212470,15:001F8518,15:001F8550,15:001F8588,16:001FD648,16:001FD680,16:001FD6B8,17:001FBF48,17:001FBF80,17:001FBFB8,18:00207BC8,18:00207C00,18:00207C38
func_001F9908	exe	48	57c7cfc29932f763	19	00:001FEF18,01:00220DA8,02:0020FED0,03:001F8800,04:001F1900,05:0022DBD0,06:00216FB0,07:00226CD0,08:002119A8,09:0021EAC8,10:001F2500,11:00230800,12:00221D68,13:0020A980,14:002124B8,15:001F85D0,16:001FD700,17:001FC000,18:00207C80
func_001F9938	exe	48	5fa48eb2e483cee8	19	00:001FEF48,01:00220DD8,02:0020FF00,03:001F8830,04:001F1930,05:0022DC00,06:00216FE0,07:00226D00,08:002119D8,09:0021EAF8,10:001F2530,11:00230830,12:00221D98,13:0020A9B0,14:002124E8,15:001F8600,16:001FD730,17:001FC030,18:00207CB0
func_L00_001FEF78	shared	48	7f4a4e5bea197ae4	19	00:001FEF78,01:00220E08,02:0020FF30,03:001F8860,04:001F1960,05:0022DC30,06:00217010,07:00226D30,08:00211A08,09:0021EB28,10:001F2560,11:00230860,12:00221DC8,13:0020A9E0,14:00212518,15:001F8630,16:001FD760,17:001FC060,18:00207CE0
func_001F9968	exe	16	85dec546c1bca339	19	00:001FEFA8,01:00220E38,02:0020FF60,03:001F8890,04:001F1990,05:0022DC60,06:00217040,07:00226D60,08:00211A78,09:0021EB58,10:001F2590,11:00230890,12:00221E38,13:0020AA10,14:00212588,15:001F86A0,16:001FD790,17:001FC0D0,18:00207D10
func_001F9978	exe	16	2ef97d54c7f4f008	19	00:001FEFB8,00:00251AC8,01:00220E48,01:00266820,02:0020FF70,02:002540D8,03:001F88A0,03:002405A0,04:001F19A0,04:00244780,05:0022DC70,05:0027BD28,06:00217050,06:00260758,07:00226D70,07:0027A470,08:00211A88,08:0025BF40,09:0021EB68,09:00271350,10:001F25A0,10:002444C0,11:002308A0,11:00277868,12:00221E48,12:0026A788,13:0020AA20,13:0025D6D0,14:00212598,14:00259FC8,15:001F86B0,15:002410C0,16:001FD7A0,16:0024D108,17:001FC0E0,17:0024C2F8,18:00207D20,18:00253D40
func_L00_001FEFE0	shared	16	b8d0ae458c8a87ca	19	00:001FEFE0,01:00220E70,02:0020FF98,03:001F88C8,04:001F19C8,05:0022DC98,06:00217078,07:00226D98,08:00211AB0,09:0021EB90,10:001F25C8,11:002308C8,12:00221E70,13:0020AA48,14:002125C0,15:001F86D8,16:001FD7C8,17:001FC108,18:00207D48
func_001F99B0	exe	40	15d1ca224f2fff13	19	00:001FEFF0,01:00220E80,02:0020FFA8,03:001F88D8,04:001F19D8,05:0022DCA8,06:00217088,07:00226DA8,08:00211AC0,09:0021EBA0,10:001F25D8,11:002308D8,12:00221E80,13:0020AA58,14:002125D0,15:001F86E8,16:001FD7D8,17:001FC118,18:00207D58
func_001F99D8	exe	40	60ce9f6aae913598	19	00:001FF018,01:00220EA8,02:0020FFD0,03:001F8900,04:001F1A00,05:0022DCD0,06:002170B0,07:00226DD0,08:00211AE8,09:0021EBC8,10:001F2600,11:00230900,12:00221EA8,13:0020AA80,14:002125F8,15:001F8710,16:001FD800,17:001FC140,18:00207D80
func_L00_001FF040	shared	72	8ae7894480e67f2e	19	00:001FF040,01:00220ED0,02:0020FFF8,03:001F8928,04:001F1A28,05:0022DCF8,06:002170D8,07:00226DF8,08:00211B10,09:0021EBF0,10:001F2628,11:00230928,12:00221ED0,13:0020AAA8,14:00212620,15:001F8738,16:001FD828,17:001FC168,18:00207DA8
func_L00_001FF088	shared	40	3f5ae1ba85034387	19	00:001FF088,01:00220F18,02:00210040,03:001F8970,04:001F1A70,05:0022DD40,06:00217120,07:00226E40,08:00211B58,09:0021EC38,10:001F2670,11:00230970,12:00221F18,13:0020AAF0,14:00212668,15:001F8780,16:001FD870,17:001FC1B0,18:00207DF0
func_L00_001FF0B0	shared	40	9369e91cfea117be	19	00:001FF0B0,01:00220F40,02:00210068,03:001F8998,04:001F1A98,05:0022DD68,06:00217148,07:00226E68,08:00211B80,09:0021EC60,10:001F2698,11:00230998,12:00221F40,13:0020AB18,14:00212690,15:001F87A8,16:001FD898,17:001FC1D8,18:00207E18
func_001F9A98	exe	40	a26de5043b2cec25	19	00:001FF0D8,01:00220F68,02:00210090,03:001F89C0,04:001F1AC0,05:0022DD90,06:00217170,07:00226E90,08:00211BA8,09:0021EC88,10:001F26C0,11:002309C0,12:00221F68,13:0020AB40,14:002126B8,15:001F87D0,16:001FD8C0,17:001FC200,18:00207E40
func_001F9AC0	exe	48	d9d8fa8af5e44726	19	00:001FF100,01:00220F90,02:002100B8,03:001F89E8,04:001F1AE8,05:0022DDB8,06:00217198,07:00226EB8,08:00211BD0,09:0021ECB0,10:001F26E8,11:002309E8,12:00221F90,13:0020AB68,14:002126E0,15:001F87F8,16:001FD8E8,17:001FC228,18:00207E68
func_001F9AF0	exe	48	187879b87012dec7	19	00:001FF130,01:00220FC0,02:002100E8,02:00210118,03:001F8A18,03:001F8A48,04:001F1B18,05:0022DDE8,05:0022DE18,06:002171C8,07:00226EE8,07:00226F18,08:00211C00,08:00211C30,09:0021ECE0,09:0021ED10,10:001F2718,11:00230A18,12:00221FC0,13:0020AB98,14:00212710,14:00212740,15:001F8828,16:001FD918,17:001FC258,18:00207E98
func_001F9B20	exe	40	a23b1763d6a8697d	19	00:001FF160,01:00220FF0,02:00210148,03:001F8A78,04:001F1B48,05:0022DE48,06:002171F8,07:00226F48,08:00211C60,09:0021ED40,10:001F2748,11:00230A48,12:00221FF0,13:0020ABC8,14:00212770,15:001F8858,16:001FD948,17:001FC288,18:00207EC8
func_001F9B50	exe	32	ccaf65ebc1337820	19	00:001FF190,01:00221020,02:00210178,03:001F8AA8,04:001F1B78,05:0022DE78,06:00217228,07:00226F78,08:00211C90,09:0021ED70,10:001F2778,11:00230A78,12:00222020,13:0020ABF8,14:002127A0,15:001F8888,16:001FD978,17:001FC2B8,18:00207EF8
func_001F9B70	exe	24	700fc1083ddd02b1	19	00:001FF1B0,01:00221040,02:00210198,03:001F8AC8,04:001F1B98,05:0022DE98,06:00217248,07:00226F98,08:00211CB0,09:0021ED90,10:001F2798,11:00230A98,12:00222040,13:0020AC18,14:002127C0,15:001F88A8,16:001FD998,17:001FC2D8,18:00207F18
func_001F9B88	exe	8	9a7fe5b0e7723e78	19	00:001FF1C8,01:00221058,02:002101B0,03:001F8AE0,04:001F1BB0,05:0022DEB0,06:00217260,07:00226FB0,08:00211CC8,09:0021EDA8,10:001F27B0,11:00230AB0,12:00222058,13:0020AC30,14:002127D8,15:001F88C0,16:001FD9B0,17:001FC2F0,18:00207F30
func_001F9B90	exe	8	db047002fca57537	19	00:001FF1D0,01:00221060,02:002101B8,03:001F8AE8,04:001F1BB8,05:0022DEB8,06:00217268,07:00226FB8,08:00211CD0,09:0021EDB0,10:001F27B8,11:00230AB8,12:00222060,13:0020AC38,14:002127E0,15:001F88C8,16:001FD9B8,17:001FC2F8,18:00207F38
func_001F9B98	exe	8	a33fff2bc0da5d62	19	00:001FF1D8,01:00221068,02:002101C0,03:001F8AF0,04:001F1BC0,05:0022DEC0,06:00217270,07:00226FC0,08:00211CD8,09:0021EDB8,10:001F27C0,11:00230AC0,12:00222068,13:0020AC40,14:002127E8,15:001F88D0,16:001FD9C0,17:001FC300,18:00207F40
func_001F9BA0	exe	16	1790bad58d9bbe87	19	00:001FF1E0,01:00221070,02:002101C8,03:001F8AF8,04:001F1BC8,05:0022DEC8,06:00217278,07:00226FC8,08:00211CE0,09:0021EDC0,10:001F27C8,11:00230AC8,12:00222070,13:0020AC48,14:002127F0,15:001F88D8,16:001FD9C8,17:001FC308,18:00207F48
func_001F9BB0	exe	16	e9f572c8ac113d0f	19	00:001FF1F0,01:00221080,02:002101D8,03:001F8B08,04:001F1BD8,05:0022DED8,06:00217288,07:00226FD8,08:00211CF0,09:0021EDD0,10:001F27D8,11:00230AD8,12:00222080,13:0020AC58,14:00212800,15:001F88E8,16:001FD9D8,17:001FC318,18:00207F58
func_L00_001FF200	shared	16	7b7d0f35ba5da4c3	19	00:001FF200,01:00221090,02:002101E8,03:001F8B18,04:001F1BE8,05:0022DEE8,06:00217298,07:00226FE8,08:00211D00,09:0021EDE0,10:001F27E8,11:00230AE8,12:00222090,13:0020AC68,14:00212810,15:001F88F8,16:001FD9E8,17:001FC328,18:00207F68
func_001F9BC0	exe	8	5aab30a101c01893	19	00:001FF210,01:002210A0,02:002101F8,03:001F8B28,04:001F1BF8,05:0022DEF8,06:002172A8,07:00226FF8,08:00211D10,09:0021EDF0,10:001F27F8,11:00230AF8,12:002220A0,13:0020AC78,14:00212820,15:001F8908,16:001FD9F8,17:001FC338,18:00207F78
func_001F9BC8	exe	16	1051629d87815565	19	00:001FF218,01:002210A8,02:00210200,03:001F8B30,04:001F1C00,05:0022DF00,06:002172B8,07:00227000,08:00211D18,09:0021EDF8,10:001F2800,11:00230B00,12:002220A8,13:0020AC80,14:00212828,15:001F8910,16:001FDA00,17:001FC340,18:00207F80
func_001F9BD8	exe	24	982c0ed2644d9a92	19	00:001FF228,01:002210B8,02:00210210,03:001F8B40,04:001F1C10,05:0022DF10,06:002172C8,07:00227010,08:00211D28,09:0021EE08,10:001F2810,11:00230B10,12:002220B8,13:0020AC90,14:00212838,15:001F8920,16:001FDA10,17:001FC350,18:00207F90
func_L00_001FF240	shared	24	116a331dcd611b69	19	00:001FF240,01:002210D0,02:00210228,03:001F8B58,04:001F1C28,05:0022DF28,06:002172E0,07:00227028,08:00211D40,09:0021EE20,10:001F2828,11:00230B28,12:002220D0,13:0020ACA8,14:00212850,15:001F8938,16:001FDA28,17:001FC368,18:00207FA8
func_001F9BF0	exe	24	a917f496e1a2ad69	19	00:001FF258,01:002210E8,02:00210240,03:001F8B70,04:001F1C40,05:0022DF40,06:002172F8,07:00227040,08:00211D58,09:0021EE38,10:001F2840,11:00230B40,12:002220E8,13:0020ACC0,14:00212868,15:001F8950,16:001FDA40,17:001FC380,18:00207FC0
func_L00_001FF270	shared	24	805ae4aa55e5c963	19	00:001FF270,01:00221100,02:00210258,03:001F8B88,04:001F1C58,05:0022DF58,06:00217310,07:00227058,08:00211D70,09:0021EE50,10:001F2858,11:00230B58,12:00222100,13:0020ACD8,14:00212880,15:001F8968,16:001FDA58,17:001FC398,18:00207FD8
func_001F9C08	exe	40	2e120db4a9dedf0a	19	00:001FF288,01:00221118,02:00210270,03:001F8BA0,04:001F1C70,05:0022DF70,06:00217328,07:00227070,08:00211D88,09:0021EE68,10:001F2870,11:00230B70,12:00222118,13:0020ACF0,14:00212898,15:001F8980,16:001FDA70,17:001FC3B0,18:00207FF0
func_001F9C30	exe	24	6e4fcce6c2a0d313	19	00:001FF2B0,01:00221140,02:00210298,03:001F8BC8,04:001F1C98,05:0022DF98,06:00217350,07:00227098,08:00211DB0,09:0021EE90,10:001F2898,11:00230B98,12:00222140,13:0020AD18,14:002128C0,15:001F89A8,16:001FDA98,17:001FC3D8,18:00208018
func_L00_001FF2C8	shared	24	29fa2b23760e0f8f	19	00:001FF2C8,01:00221158,02:002102B0,03:001F8BE0,04:001F1CB0,05:0022DFB0,06:00217368,07:002270B0,08:00211DC8,09:0021EEA8,10:001F28B0,11:00230BB0,12:00222158,13:0020AD30,14:002128D8,15:001F89C0,16:001FDAB0,17:001FC3F0,18:00208030
func_001F9C48	exe	24	3c4411f34d29bd70	19	00:001FF2E0,01:00221170,02:002102C8,03:001F8BF8,04:001F1CC8,05:0022DFC8,06:00217380,07:002270C8,08:00211DE0,09:0021EEC0,10:001F28C8,11:00230BC8,12:00222170,13:0020AD48,14:002128F0,15:001F89D8,16:001FDAC8,17:001FC408,18:00208048
func_L00_001FF2F8	shared	24	e41a634bc1077b0b	19	00:001FF2F8,01:00221188,02:002102E0,03:001F8C10,04:001F1CE0,05:0022DFE0,06:00217398,07:002270E0,08:00211DF8,09:0021EED8,10:001F28E0,11:00230BE0,12:00222188,13:0020AD60,14:00212908,15:001F89F0,16:001FDAE0,17:001FC420,18:00208060
func_001F9C60	exe	24	256fefabdf856dd3	19	00:001FF310,01:002211A0,02:002102F8,03:001F8C28,04:001F1CF8,05:0022DFF8,06:002173B0,07:002270F8,08:00211E10,09:0021EEF0,10:001F28F8,11:00230BF8,12:002221A0,13:0020AD78,14:00212920,15:001F8A08,16:001FDAF8,17:001FC438,18:00208078
func_L00_001FF328	shared	32	3be1ed6ed30f8164	19	00:001FF328,01:002211B8,02:00210310,03:001F8C40,04:001F1D10,05:0022E010,06:002173C8,07:00227110,08:00211E28,09:0021EF08,10:001F2910,11:00230C10,12:002221B8,13:0020AD90,14:00212938,15:001F8A20,16:001FDB10,17:001FC450,18:00208090
func_001F9C78	exe	40	5bc4c9103f9cfebe	19	00:001FF348,01:002211D8,02:00210330,03:001F8C60,04:001F1D30,05:0022E030,06:002173E8,07:00227130,08:00211E48,09:0021EF28,10:001F2930,11:00230C30,12:002221D8,13:0020ADB0,14:00212958,15:001F8A40,16:001FDB30,17:001FC470,18:002080B0
func_001F9CA0	exe	24	8b9ab617886e85eb	19	00:001FF370,01:00221200,02:00210358,03:001F8C88,04:001F1D58,05:0022E058,06:00217410,07:00227158,08:00211E70,09:0021EF50,10:001F2958,11:00230C58,12:00222200,13:0020ADD8,14:00212980,15:001F8A68,16:001FDB58,17:001FC498,18:002080D8
func_001F9CB8	exe	48	ddca01e66e970402	19	00:001FF388,01:00221218,02:00210370,03:001F8CA0,04:001F1D70,05:0022E070,06:00217428,07:00227170,08:00211E88,09:0021EF68,10:001F2970,11:00230C70,12:00222218,13:0020ADF0,14:00212998,15:001F8A80,16:001FDB70,17:001FC4B0,18:002080F0
func_001F9CE8	exe	40	c5ec4504d280cb58	19	00:001FF3B8,01:00221248,02:002103A0,03:001F8CD0,04:001F1DA0,05:0022E0A0,06:00217458,07:002271A0,08:00211EB8,09:0021EF98,10:001F29A0,11:00230CA0,12:00222248,13:0020AE20,14:002129C8,15:001F8AB0,16:001FDBA0,17:001FC4E0,18:00208120
func_L00_001FF3E0	shared	32	520b757f589c5a98	19	00:001FF3E0,01:00221270,02:002103C8,03:001F8CF8,04:001F1DC8,05:0022E0C8,06:00217480,07:002271C8,08:00211EE0,09:0021EFC0,10:001F29C8,11:00230CC8,12:00222270,13:0020AE48,14:002129F0,15:001F8AD8,16:001FDBC8,17:001FC508,18:00208148
func_001F9D10	exe	56	22d051aaa18264eb	19	00:001FF400,01:00221290,02:002103E8,03:001F8D18,04:001F1DE8,05:0022E0E8,06:002174A0,07:002271E8,08:00211F00,09:0021EFE0,10:001F29E8,11:00230CE8,12:00222290,13:0020AE68,14:00212A10,15:001F8AF8,16:001FDBE8,17:001FC528,18:00208168
func_001F9D48	exe	48	369a0ef7803d5ed0	19	00:001FF438,01:002212C8,02:00210420,03:001F8D50,04:001F1E20,05:0022E120,06:002174D8,07:00227220,08:00211F38,09:0021F018,10:001F2A20,11:00230D20,12:002222C8,13:0020AEA0,14:00212A48,15:001F8B30,16:001FDC20,17:001FC560,18:002081A0
func_L00_001FF468	shared	64	bea8e8b5d6c69d32	19	00:001FF468,01:002212F8,02:00210450,03:001F8D80,04:001F1E50,05:0022E150,06:00217508,07:00227250,08:00211F68,09:0021F048,10:001F2A50,11:00230D50,12:002222F8,13:0020AED0,14:00212A78,15:001F8B60,16:001FDC50,17:001FC590,18:002081D0
func_L00_001FF4B0	shared	64	70b36df025b6d90a	19	00:001FF4B0,01:00221340,02:00210498,03:001F8DC8,04:001F1E98,05:0022E198,06:00217550,07:00227298,08:00211FB0,09:0021F090,10:001F2A98,11:00230D98,12:00222340,13:0020AF18,14:00212AC0,15:001F8BA8,16:001FDC98,17:001FC5D8,18:00208218
func_L00_001FF4F0	shared	16	5e938cac69697b88	19	00:001FF4F0,01:00221380,02:002104D8,03:001F8E08,04:001F1ED8,05:0022E1D8,06:00217590,07:002272D8,08:00211FF0,09:0021F0D0,10:001F2AD8,11:00230DD8,12:00222380,13:0020AF58,14:00212B00,15:001F8BE8,16:001FDCD8,17:001FC618,18:00208258
func_L00_001FF500	shared	56	09d8ef34799b0a19	19	00:001FF500,01:00221390,02:002104E8,03:001F8E18,04:001F1EE8,05:0022E1E8,06:002175A0,07:002272E8,08:00212000,09:0021F0E0,10:001F2AE8,11:00230DE8,12:00222390,13:0020AF68,14:00212B10,15:001F8BF8,16:001FDCE8,17:001FC628,18:00208268
func_L00_001FF538	shared	16	83b11540a4d20c77	19	00:001FF538,01:002213C8,02:00210520,03:001F8E50,04:001F1F20,05:0022E220,06:002175D8,07:00227320,08:00212038,09:0021F118,10:001F2B20,11:00230E20,12:002223C8,13:0020AFA0,14:00212B48,15:001F8C30,16:001FDD20,17:001FC660,18:002082A0
func_L00_001FF548	shared	96	b9f21a22b67ab9a2	19	00:001FF548,01:002213D8,02:00210530,03:001F8E60,04:001F1F30,05:0022E230,06:002175E8,07:00227330,08:00212048,09:0021F128,10:001F2B30,11:00230E30,12:002223D8,13:0020AFB0,14:00212B58,15:001F8C40,16:001FDD30,17:001FC670,18:002082B0
func_L00_001FF5B0	shared	88	9dcb46e60bb6d0d8	19	00:001FF5B0,01:00221440,02:00210598,03:001F8EC8,04:001F1F98,05:0022E298,06:00217650,07:00227398,08:002120B0,09:0021F190,10:001F2B98,11:00230E98,12:00222440,13:0020B018,14:00212BC0,15:001F8CA8,16:001FDD98,17:001FC6D8,18:00208318
func_L00_001FF610	shared	96	8b6748680439858d	19	00:001FF610,01:002214A0,02:002105F8,03:001F8F28,04:001F1FF8,05:0022E2F8,06:002176B0,07:002273F8,08:00212110,09:0021F1F0,10:001F2BF8,11:00230EF8,12:002224A0,13:0020B078,14:00212C20,15:001F8D08,16:001FDDF8,17:001FC738,18:00208378
func_L00_001FF670	shared	16	0e35c62097d0cf4e	19	00:001FF670,01:00221500,02:00210658,03:001F8F88,04:001F2058,05:0022E358,06:00217710,07:00227458,08:00212170,09:0021F250,10:001F2C58,11:00230F58,12:00222500,13:0020B0D8,14:00212C80,15:001F8D68,16:001FDE58,17:001FC798,18:002083D8
func_001F9EC0	exe	40	6ededb970ce0759c	19	00:001FF680,01:00221510,02:00210668,03:001F8F98,04:001F2068,05:0022E368,06:00217720,07:00227468,08:00212180,09:0021F260,10:001F2C68,11:00230F68,12:00222510,13:0020B0E8,14:00212C90,15:001F8D78,16:001FDE68,17:001FC7A8,18:002083E8
func_001F9EE8	exe	48	aad0660b2e133537	19	00:001FF6A8,01:00221538,02:00210690,03:001F8FC0,04:001F2090,05:0022E390,06:00217748,07:00227490,08:002121A8,09:0021F288,10:001F2C90,11:00230F90,12:00222538,13:0020B110,14:00212CB8,15:001F8DA0,16:001FDE90,17:001FC7D0,18:00208410
func_001F9F18	exe	24	d02d9b1c86a1d19c	19	00:001FF6D8,01:00221568,02:002106C0,03:001F8FF0,04:001F20C0,05:0022E3C0,06:00217778,07:002274C0,08:002121D8,09:0021F2B8,10:001F2CC0,11:00230FC0,12:00222568,13:0020B140,14:00212CE8,15:001F8DD0,16:001FDEC0,17:001FC800,18:00208440
func_001F9F30	exe	40	3c32d88b0b5d1464	19	00:001FF6F0,01:00221580,02:002106D8,03:001F9008,04:001F20D8,05:0022E3D8,06:00217790,07:002274D8,08:002121F0,09:0021F2D0,10:001F2CD8,11:00230FD8,12:00222580,13:0020B158,14:00212D00,15:001F8DE8,16:001FDED8,17:001FC818,18:00208458
func_L00_001FF718	shared	72	c86be1eda29cc400	19	00:001FF718,01:002215A8,02:00210700,03:001F9030,04:001F2100,05:0022E400,06:002177B8,07:00227500,08:00212218,09:0021F2F8,10:001F2D00,11:00231000,12:002225A8,13:0020B180,14:00212D28,15:001F8E10,16:001FDF00,17:001FC840,18:00208480
func_001F9F60	exe	48	f451004e92da1969	19	00:001FF768,01:002215F8,02:00210750,03:001F9080,04:001F2150,05:0022E450,06:00217808,07:00227550,08:00212268,09:0021F348,10:001F2D50,11:00231050,12:002225F8,13:0020B1D0,14:00212D78,15:001F8E60,16:001FDF50,17:001FC890,18:002084D0
func_001F9F90	exe	24	ee3d3d24605497e8	19	00:001FF798,01:00221628,02:00210780,03:001F90B0,04:001F2180,05:0022E480,06:00217838,07:00227580,08:00212298,09:0021F378,10:001F2D80,11:00231080,12:00222628,13:0020B200,14:00212DA8,15:001F8E90,16:001FDF80,17:001FC8C0,18:00208500
func_001F9FA8	exe	24	a21d5083bf99191a	19	00:001FF7B0,01:00221640,02:00210798,03:001F90C8,04:001F2198,05:0022E498,06:00217850,07:00227598,08:002122B0,09:0021F390,10:001F2D98,11:00231098,12:00222640,13:0020B218,14:00212DC0,15:001F8EA8,16:001FDF98,17:001FC8D8,18:00208518
func_001F9FC0	exe	152	c30313dadc122e0f	19	00:001FF7C8,01:00221658,02:002107B0,03:001F90E0,04:001F21B0,05:0022E4B0,06:00217868,07:002275B0,08:002122C8,09:0021F3A8,10:001F2DB0,11:002310B0,12:00222658,13:0020B230,14:00212DD8,15:001F8EC0,16:001FDFB0,17:001FC8F0,18:00208530
func_L00_001FF860	shared	264	8b097b601c12ee7c	19	00:001FF860,01:002216F0,02:00210848,03:001F9178,04:001F2248,05:0022E548,06:00217900,07:00227648,08:00212360,09:0021F440,10:001F2E48,11:00231148,12:002226F0,13:0020B2C8,14:00212E70,15:001F8F58,16:001FE048,17:001FC988,18:002085C8
func_L00_001FF968	shared	8	b9efb35fb73261dc	19	00:001FF968,01:002217F8,02:00210950,03:001F9280,04:001F2350,05:0022E650,06:00217A08,07:00227750,08:00212468,09:0021F548,10:001F2F50,11:00231250,12:002227F8,13:0020B3D0,14:00212F78,15:001F9060,16:001FE150,17:001FCA90,18:002086D0
func_001FA168	exe	40	8952ee73a931da6b	19	00:001FF970,01:00221800,02:00210958,03:001F9288,04:001F2358,05:0022E658,06:00217A10,07:00227758,08:00212470,09:0021F550,10:001F2F58,11:00231258,12:00222800,13:0020B3D8,14:00212F80,15:001F9068,16:001FE158,17:001FCA98,18:002086D8
func_001FA190	exe	48	7287f819743e35b0	19	00:001FF998,01:00221828,02:00210980,03:001F92B0,04:001F2380,05:0022E680,06:00217A38,07:00227780,08:00212498,09:0021F578,10:001F2F80,11:00231280,12:00222828,13:0020B400,14:00212FA8,15:001F9090,16:001FE180,17:001FCAC0,18:00208700
func_001FA1C0	exe	56	fa6c5aa08cf0c910	19	00:001FF9C8,01:00221858,02:002109B0,03:001F92E0,04:001F23B0,05:0022E6B0,06:00217A68,07:002277B0,08:002124C8,09:0021F5A8,10:001F2FB0,11:002312B0,12:00222858,13:0020B430,14:00212FD8,15:001F90C0,16:001FE1B0,17:001FCAF0,18:00208730
func_001FA1F8	exe	32	d20ac3882a951fee	19	00:001FFA00,01:00221890,02:002109E8,03:001F9318,04:001F23E8,05:0022E6E8,06:00217AA0,07:002277E8,08:00212500,09:0021F5E0,10:001F2FE8,11:002312E8,12:00222890,13:0020B468,14:00213010,15:001F90F8,16:001FE1E8,17:001FCB28,18:00208768
func_001FA218	exe	32	dcb91892ecf6af5a	19	00:001FFA20,01:002218B0,02:00210A08,03:001F9338,04:001F2408,05:0022E708,06:00217AC0,07:00227808,08:00212520,09:0021F600,10:001F3008,11:00231308,12:002228B0,13:0020B488,14:00213030,15:001F9118,16:001FE208,17:001FCB48,18:00208788
func_L00_001FFA40	shared	312	2000ad364fe57c46	19	00:001FFA40,01:002218D0,02:00210A28,03:001F9358,04:001F2428,05:0022E728,06:00217AE0,07:00227828,08:00212540,09:0021F620,10:001F3028,11:00231328,12:002228D0,13:0020B4A8,14:00213050,15:001F9138,16:001FE228,17:001FCB68,18:002087A8
func_L00_001FFB78	shared	240	970418ba87b534a7	19	00:001FFB78,01:00221A08,02:00210B60,03:001F9490,04:001F2560,05:0022E860,06:00217C18,07:00227960,08:00212678,09:0021F758,10:001F3160,11:00231460,12:00222A08,13:0020B5E0,14:00213188,15:001F9270,16:001FE360,17:001FCCA0,18:002088E0
func_001FA460	exe	32	ca74ece7025ae90e	19	00:001FFC68,01:00221AF8,02:00210C50,03:001F9580,04:001F2650,05:0022E950,06:00217D08,07:00227A50,08:00212768,09:0021F848,10:001F3250,11:00231550,12:00222AF8,13:0020B6D0,14:00213278,15:001F9360,16:001FE450,17:001FCD90,18:002089D0
func_001FA480	exe	32	b9308ff10703b5f4	19	00:001FFC88,01:00221B18,02:00210C70,03:001F95A0,04:001F2670,05:0022E970,06:00217D28,07:00227A70,08:00212788,09:0021F868,10:001F3270,11:00231570,12:00222B18,13:0020B6F0,14:00213298,15:001F9380,16:001FE470,17:001FCDB0,18:002089F0
func_001FA4A0	exe	80	77a8d8cec6ae358d	19	00:001FFCA8,01:00221B38,02:00210C90,03:001F95C0,04:001F2690,05:0022E990,06:00217D48,07:00227A90,08:002127A8,09:0021F888,10:001F3290,11:00231590,12:00222B38,13:0020B710,14:002132B8,15:001F93A0,16:001FE490,17:001FCDD0,18:00208A10
func_L00_001FFCF8	shared	64	568bfa5c2c86ea6a	19	00:001FFCF8,01:00221B88,02:00210CE0,03:001F9610,04:001F26E0,05:0022E9E0,06:00217D98,07:00227AE0,08:002127F8,09:0021F8D8,10:001F32E0,11:002315E0,12:00222B88,13:0020B760,14:00213308,15:001F93F0,16:001FE4E0,17:001FCE20,18:00208A60
func_001FA4F0	exe	80	91fe97895d1e337c	19	00:001FFD38,01:00221BC8,02:00210D20,03:001F9650,04:001F2720,05:0022EA20,06:00217DD8,07:00227B20,08:00212838,09:0021F918,10:001F3320,11:00231620,12:00222BC8,13:0020B7A0,14:00213348,15:001F9430,16:001FE520,17:001FCE60,18:00208AA0
func_001FA540	exe	72	7ab0c83d97921288	19	00:001FFD88,01:00221C18,02:00210D70,03:001F96A0,04:001F2770,05:0022EA70,06:00217E28,07:00227B70,08:00212888,09:0021F968,10:001F3370,11:00231670,12:00222C18,13:0020B7F0,14:00213398,15:001F9480,16:001FE570,17:001FCEB0,18:00208AF0
func_L00_001FFDD0	shared	72	da0a011fcf80cc15	19	00:001FFDD0,01:00221C60,02:00210DB8,03:001F96E8,04:001F27B8,05:0022EAB8,06:00217E70,07:00227BB8,08:002128D0,09:0021F9B0,10:001F33B8,11:002316B8,12:00222C60,13:0020B838,14:002133E0,15:001F94C8,16:001FE5B8,17:001FCEF8,18:00208B38
func_001FA588	exe	64	99ea573b74088e1f	19	00:001FFE18,01:00221CA8,02:00210E00,03:001F9730,04:001F2800,05:0022EB00,06:00217EB8,07:00227C00,08:00212918,09:0021F9F8,10:001F3400,11:00231700,12:00222CA8,13:0020B880,14:00213428,15:001F9510,16:001FE600,17:001FCF40,18:00208B80
func_001FA5C8	exe	128	f6e92f330e8a7f7e	19	00:001FFE58,01:00221CE8,02:00210E40,03:001F9770,04:001F2840,05:0022EB40,06:00217EF8,07:00227C40,08:00212958,09:0021FA38,10:001F3440,11:00231740,12:00222CE8,13:0020B8C0,14:00213468,15:001F9550,16:001FE640,17:001FCF80,18:00208BC0
func_L00_001FFED8	shared	192	0e4296229e6a28ec	19	00:001FFED8,01:00221D68,02:00210EC0,03:001F97F0,04:001F28C0,05:0022EBC0,06:00217F78,07:00227CC0,08:002129D8,09:0021FAB8,10:001F34C0,11:002317C0,12:00222D68,13:0020B940,14:002134E8,15:001F95D0,16:001FE6C0,17:001FD000,18:00208C40
func_001FA648	exe	120	600b184056a3930b	19	00:001FFF98,01:00221E28,02:00210F80,03:001F98B0,04:001F2980,05:0022EC80,06:00218038,07:00227D80,08:00212A98,09:0021FB78,10:001F3580,11:00231880,12:00222E28,13:0020BA00,14:002135A8,15:001F9690,16:001FE780,17:001FD0C0,18:00208D00
func_001FA6C0	exe	136	eb016556a40f84ca	19	00:00200010,01:00221EA0,02:00210FF8,03:001F9928,04:001F29F8,05:0022ECF8,06:002180B0,07:00227DF8,08:00212B10,09:0021FBF0,10:001F35F8,11:002318F8,12:00222EA0,13:0020BA78,14:00213620,15:001F9708,16:001FE7F8,17:001FD138,18:00208D78
func_001FA748	exe	72	d02cf5cdb82b33ac	19	00:00200098,01:00221F28,02:00211080,03:001F99B0,04:001F2A80,05:0022ED80,06:00218138,07:00227E80,08:00212B98,09:0021FC78,10:001F3680,11:00231980,12:00222F28,13:0020BB00,14:002136A8,15:001F9790,16:001FE880,17:001FD1C0,18:00208E00
func_001FA790	exe	72	50f33e239636dd20	19	00:002000E0,01:00221F70,02:002110C8,03:001F99F8,04:001F2AC8,05:0022EDC8,06:00218180,07:00227EC8,08:00212BE0,09:0021FCC0,10:001F36C8,11:002319C8,12:00222F70,13:0020BB48,14:002136F0,15:001F97D8,16:001FE8C8,17:001FD208,18:00208E48
func_001FA7D8	exe	120	7f90615e65da6b94	19	00:00200128,01:00221FB8,02:00211110,03:001F9A40,04:001F2B10,05:0022EE10,06:002181C8,07:00227F10,08:00212C28,09:0021FD08,10:001F3710,11:00231A10,12:00222FB8,13:0020BB90,14:00213738,15:001F9820,16:001FE910,17:001FD250,18:00208E90
func_001FA850	exe	56	abc4c1a78546dbd6	19	00:002001A0,01:00222030,02:00211188,03:001F9AB8,04:001F2B88,05:0022EE88,06:00218240,07:00227F88,08:00212CA0,09:0021FD80,10:001F3788,11:00231A88,12:00223030,13:0020BC08,14:002137B0,15:001F9898,16:001FE988,17:001FD2C8,18:00208F08
func_L00_002001D8	shared	24	e32b219f6c6b1ac1	19	00:002001D8,01:00222068,02:002111C0,03:001F9AF0,04:001F2BC0,05:0022EEC0,06:00218278,07:00227FC0,08:00212CD8,09:0021FDB8,10:001F37C0,11:00231AC0,12:00223068,13:0020BC40,14:002137E8,15:001F98D0,16:001FE9C0,17:001FD300,18:00208F40
func_001FA888	exe	16	c458766ca8555004	19	00:002001F0,01:00222080,02:002111D8,03:001F9B08,04:001F2BD8,05:0022EED8,06:00218290,07:00227FD8,08:00212CF0,09:0021FDD0,10:001F37D8,11:00231AD8,12:00223080,13:0020BC58,14:00213800,15:001F98E8,16:001FE9D8,17:001FD318,18:00208F58
func_001FA898	exe	16	339674bbbe3b46d9	19	00:00200200,01:00222090,02:002111E8,03:001F9B18,04:001F2BE8,05:0022EEE8,06:002182A0,07:00227FE8,08:00212D00,09:0021FDE0,10:001F37E8,11:00231AE8,12:00223090,13:0020BC68,14:00213810,15:001F98F8,16:001FE9E8,17:001FD328,18:00208F68
func_L00_00200210	shared	56	1c57cee0c4fcddd4	19	00:00200210,01:002220A0,02:002111F8,03:001F9B28,04:001F2BF8,05:0022EEF8,06:002182B0,07:00227FF8,08:00212D10,09:0021FDF0,10:001F37F8,11:00231AF8,12:002230A0,13:0020BC78,14:00213820,15:001F9908,16:001FE9F8,17:001FD338,18:00208F78
func_001FA8A8	exe	72	8bc35df5d8be55ea	19	00:00200248,01:002220D8,02:00211230,03:001F9B60,04:001F2C30,05:0022EF30,06:002182E8,07:00228030,08:00212D48,09:0021FE28,10:001F3830,11:00231B30,12:002230D8,13:0020BCB0,14:00213858,15:001F9940,16:001FEA30,17:001FD370,18:00208FB0
func_L00_00200290	shared	232	4b5f0c45f3c04342	19	00:00200290,01:00222120,02:00211278,03:001F9BA8,04:001F2C78,05:0022EF78,06:00218330,07:00228078,08:00212D90,09:0021FE70,10:001F3878,11:00231B78,12:00223120,13:0020BCF8,14:002138A0,15:001F9988,16:001FEA78,17:001FD3B8,18:00208FF8
func_001FA9E8	exe	60	833875f805ace8b9	19	00:00200388,01:00222218,02:00211370,03:001F9CA0,04:001F2D70,05:0022F070,06:00218428,07:00228170,08:00212E88,09:0021FF68,10:001F3970,11:00231C70,12:00223218,13:0020BDF0,14:00213998,15:001F9A80,16:001FEB70,17:001FD4B0,18:002090F0
func_L00_002003C8	shared	240	d479e7a9987823c6	19	00:002003C8,01:00222258,02:002113B0,03:001F9CE0,04:001F2DB0,05:0022F0B0,06:00218468,07:002281B0,08:00212EC8,09:0021FFA8,10:001F39B0,11:00231CB0,12:00223258,13:0020BE30,14:002139D8,15:001F9AC0,16:001FEBB0,17:001FD4F0,18:00209130
func_L00_002004C0	shared	184	1888ca1ab3ea1dc1	19	00:002004C0,01:00222350,02:002114A8,03:001F9DD8,04:001F2EA8,05:0022F1A8,06:00218560,07:002282A8,08:00212FC0,09:002200A0,10:001F3AA8,11:00231DA8,12:00223350,13:0020BF28,14:00213AD0,15:001F9BB8,16:001FECA8,17:001FD5E8,18:00209228
func_001FAB20	exe	28	ec0bd2826030311f	18	00:00200578,01:00222408,02:00211560,03:001F9E90,05:0022F260,06:00218618,07:00228360,08:00213078,09:00220158,10:001F3B60,11:00231E60,12:00223408,13:0020BFE0,14:00213B88,15:001F9C70,16:001FED60,17:001FD6A0,18:002092E0
func_L00_00200598	shared	516	a6ab920adafd47c9	19	00:00200598,01:00222428,02:00211580,03:001F9EB0,04:001F3AF8,05:0022F280,06:00218638,07:00228380,08:00213098,09:00220178,10:001F3B80,11:00231E80,12:00223428,13:0020C000,14:00213BA8,15:001F9C90,16:001FED80,17:001FD6C0,18:00209300
func_00215378	exe	4	46c3ada8e91f6fa1	19	00:0020079C,01:0022262C,02:00211784,03:001FA0B4,04:001F3CFC,05:0022F484,06:0021883C,07:00228584,08:0021329C,09:0022037C,10:001F3D84,11:00232084,12:0022362C,13:0020C204,14:00213DAC,15:001F9E94,16:001FEF84,17:001FD8C4,18:00209504
func_L00_002007A0	shared	1788	eb1d21d7b44a7668	19	00:002007A0,01:00222630,02:00211788,03:001FA0B8,04:001F3D00,05:0022F488,06:00218840,07:00228588,08:002132A0,09:00220380,10:001F3D88,11:00232088,12:00223630,13:0020C208,14:00213DB0,15:001F9E98,16:001FEF88,17:001FD8C8,18:00209508
func_001FB448	exe	40	99491c49baf165bb	19	00:00200EA0,01:00222D30,02:00211E88,03:001FA7B8,04:001F4400,05:0022FB88,06:00218F40,07:00228C88,08:002139A0,09:00220A80,10:001F4488,11:00232788,12:00223D30,13:0020C908,14:002144B0,15:001FA598,16:001FF688,17:001FDFC8,18:00209C08
func_001FB470	exe	36	9c4c3999ad0982d1	19	00:00200EC8,01:00222D58,02:00211EB0,03:001FA7E0,04:001F4428,05:0022FBB0,06:00218F68,07:00228CB0,08:002139C8,09:00220AA8,10:001F44B0,11:002327B0,12:00223D58,13:0020C930,14:002144D8,15:001FA5C0,16:001FF6B0,17:001FDFF0,18:00209C30
func_001FB498	exe	148	c792ea6b36e436c2	19	00:00200EF0,01:00222D80,02:00211ED8,03:001FA808,04:001F4450,05:0022FBD8,06:00218F90,07:00228CD8,08:002139F0,09:00220AD0,10:001F44D8,11:002327D8,12:00223D80,13:0020C958,14:00214500,15:001FA5E8,16:001FF6D8,17:001FE018,18:00209C58
func_001FB530	exe	104	39cd6d3115577d0b	19	00:00200F88,01:00222E18,02:00211F70,03:001FA8A0,04:001F44E8,05:0022FC70,06:00219028,07:00228D70,08:00213A88,09:00220B68,10:001F4570,11:00232870,12:00223E18,13:0020C9F0,14:00214598,15:001FA680,16:001FF770,17:001FE0B0,18:00209CF0
func_001FB598	exe	108	4de1bce22d606994	19	00:00200FF0,01:00222E80,02:00211FD8,03:001FA908,04:001F4550,05:0022FCD8,06:00219090,07:00228DD8,08:00213AF0,09:00220BD0,10:001F45D8,11:002328D8,12:00223E80,13:0020CA58,14:00214600,15:001FA6E8,16:001FF7D8,17:001FE118,18:00209D58
func_001FB608	exe	572	3f0d85c5b5d58722	19	00:00201060,01:00222EF0,02:00212048,03:001FA978,04:001F45C0,05:0022FD48,06:00219100,07:00228E48,08:00213B60,09:00220C40,10:001F4648,11:00232948,12:00223EF0,13:0020CAC8,14:00214670,15:001FA758,16:001FF848,17:001FE188,18:00209DC8
func_001FB848	exe	92	d313d0da65161316	19	00:002012A0,00:00201300,00:002A2020,00:002A2080,00:002A20E0,00:002A2148,01:00223130,01:00223190,01:002B5CB8,01:002B5D18,01:002B5D78,01:002B5DE0,02:00212288,02:002122E8,02:002A1778,02:002A17D8,02:002A1838,02:002A18A0,03:001FABB8,03:001FAC18,03:0028E880,03:0028E8E0,03:0028E940,03:0028E9A8,04:001F4800,04:001F4860,04:00292E48,04:00292EA8,04:00292F08,04:00292F70,05:0022FF88,05:0022FFE8,05:002CA718,05:002CA778,05:002CA7D8,05:002CA840,06:00219340,06:002193A0,06:002AF098,06:002AF0F8,06:002AF158,06:002AF1C0,07:00229088,07:002290E8,07:002C8BF8,07:002C8C58,07:002C8CB8,07:002C8D20,08:00213DA0,08:00213E00,08:002AA368,08:002AA3C8,08:002AA428,08:002AA490,09:00220E80,09:00220EE0,09:002BE870,09:002BE8D0,09:002BE930,09:002BE998,10:001F4888,10:001F48E8,10:00292A30,10:00292A90,10:00292AF0,10:00292B58,11:00232B88,11:00232BE8,11:002C4E38,11:002C4E98,11:002C4EF8,11:002C4F60,12:00224130,12:00224190,12:002B87D8,12:002B8838,12:002B8898,12:002B8900,13:0020CD08,13:0020CD68,13:002AC5C0,13:002AC620,13:002AC680,13:002AC6E8,14:002148B0,14:00214910,14:002A8378,14:002A83D8,14:002A8438,14:002A84A0,15:001FA998,15:001FA9F8,15:0028FEA8,15:0028FF08,15:0028FF68,15:0028FFD0,16:001FFA88,16:001FFAE8,16:0029AEA8,16:0029AF08,16:0029AF68,16:0029AFD0,17:001FE3C8,17:001FE428,17:0029A2A8,17:0029A308,17:0029A368,17:0029A3D0,18:0020A008,18:0020A068,18:002A1B08,18:002A1B68,18:002A1BC8,18:002A1C30
func_001FB908	exe	432	bad2e12d7a1c26de	19	00:00201360,01:002231F0,02:00212348,03:001FAC78,04:001F48C0,05:00230048,06:00219400,07:00229148,08:00213E60,09:00220F40,10:001F4948,11:00232C48,12:002241F0,13:0020CDC8,14:00214970,15:001FAA58,16:001FFB48,17:001FE488,18:0020A0C8
func_001FBAB8	exe	448	91644c1fa16ea16d	19	00:00201510,01:002233A0,02:002124F8,03:001FAE28,04:001F4A70,05:002301F8,06:002195B0,07:002292F8,08:00214010,09:002210F0,10:001F4AF8,11:00232DF8,12:002243A0,13:0020CF78,14:00214B20,15:001FAC08,16:001FFCF8,17:001FE638,18:0020A278
func_L00_002016D0	shared	12	ceaacd8dbc655056	19	00:002016D0,01:00223560,02:002126B8,03:001FAFE8,04:001F4C30,05:002303B8,06:00219770,07:002294B8,08:002141D0,09:002212B0,10:001F4CB8,11:00232FB8,12:00224560,13:0020D138,14:00214CE0,15:001FADC8,16:001FFEB8,17:001FE7F8,18:0020A438
func_001FBC80	exe	508	b4a65ec943ea7dfc	19	00:002016E0,01:00223570,02:002126C8,03:001FAFF8,04:001F4C40,05:002303C8,06:00219780,07:002294C8,08:002141E0,09:002212C0,10:001F4CC8,11:00232FC8,12:00224570,13:0020D148,14:00214CF0,15:001FADD8,16:001FFEC8,17:001FE808,18:0020A448
func_001FBE80	exe	5480	10dde161965ba791	19	00:002018E0,01:00223770,02:002128C8,03:001FB1F8,04:001F4E40,05:002305C8,06:00219980,07:002296C8,08:002143E0,09:002214C0,10:001F4EC8,11:002331C8,12:00224770,13:0020D348,14:00214EF0,15:001FAFD8,16:002000C8,17:001FEA08,18:0020A648
func_001FD3E8	exe	2856	29e8046f576442fd	19	00:00202E48,01:00224CD8,02:00213E30,03:001FC760,04:001F63A8,05:00231B30,06:0021AEE8,07:0022AC30,08:00215948,09:00222A28,10:001F6430,11:00234730,12:00225CD8,13:0020E8B0,14:00216458,15:001FC540,16:00201630,17:001FFF70,18:0020BBB0
func_L00_00203970	shared	84	c30c3cc86e97a567	19	00:00203970,01:00225800,02:00214958,03:001FD288,04:001F6ED0,05:00232658,06:0021BA10,07:0022B758,08:00216470,09:00223550,10:001F6F58,11:00235258,12:00226800,13:0020F3D8,14:00216F80,15:001FD068,16:00202158,17:00200A98,18:0020C6D8
func_L00_002039C4	shared	16	da3c5eb607016b83	19	00:002039C4,01:00225854,02:002149AC,03:001FD2DC,04:001F6F24,05:002326AC,06:0021BA64,07:0022B7AC,08:002164C4,09:002235A4,10:001F6FAC,11:002352AC,12:00226854,13:0020F42C,14:00216FD4,15:001FD0BC,16:002021AC,17:00200AEC,18:0020C72C
func_001FDF78	exe	1212	00c48cdffa58839c	19	00:002039D8,01:00225868,02:002149C0,03:001FD2F0,04:001F6F38,05:002326C0,06:0021BA78,07:0022B7C0,08:002164D8,09:002235B8,10:001F6FC0,11:002352C0,12:00226868,13:0020F440,14:00216FE8,15:001FD0D0,16:002021C0,17:00200B00,18:0020C740
func_L00_00203E98	shared	64	0f042dc2a67cce11	19	00:00203E98,01:00225D28,02:00214E80,03:001FD7B0,04:001F73F8,05:00232B80,06:0021BF38,07:0022BC80,08:00216998,09:00223A78,10:001F7480,11:00235780,12:00226D28,13:0020F900,14:002174A8,15:001FD590,16:00202680,17:00200FC0,18:0020CC00
func_L00_00203ED8	shared	48	6d639454cc43d0d4	19	00:00203ED8,01:00225D68,02:00214EC0,03:001FD7F0,04:001F7438,05:00232BC0,06:0021BF78,07:0022BCC0,08:002169D8,09:00223AB8,10:001F74C0,11:002357C0,12:00226D68,13:0020F940,14:002174E8,15:001FD5D0,16:002026C0,17:00201000,18:0020CC40
func_L00_00203F08	shared	24	5e0c06ed11406dfd	19	00:00203F08,01:00225D98,02:00214EF0,03:001FD820,04:001F7468,05:00232BF0,06:0021BFA8,07:0022BCF0,08:00216A08,09:00223AE8,10:001F74F0,11:002357F0,12:00226D98,13:0020F970,14:00217518,15:001FD600,16:002026F0,17:00201030,18:0020CC70
func_L00_00203F20	shared	148	de6e2932308b2bef	19	00:00203F20,01:00225DB0,02:00214F08,03:001FD838,04:001F7480,05:00232C08,06:0021BFC0,07:0022BD08,08:00216A20,09:00223B00,10:001F7508,11:00235808,12:00226DB0,13:0020F988,14:00217530,15:001FD618,16:00202708,17:00201048,18:0020CC88
func_L00_00203FB8	shared	136	f352cae92d741bb8	19	00:00203FB8,01:00225E48,02:00214FA0,03:001FD8D0,04:001F7518,05:00232CA0,06:0021C058,07:0022BDA0,08:00216AB8,09:00223B98,10:001F75A0,11:002358A0,12:00226E48,13:0020FA20,14:002175C8,15:001FD6B0,16:002027A0,17:002010E0,18:0020CD20
func_L00_00204040	shared	60	c07c2a393e646b6e	19	00:00204040,01:00225ED0,02:00215028,03:001FD958,04:001F75A0,05:00232D28,06:0021C0E0,07:0022BE28,08:00216B40,09:00223C20,10:001F7628,11:00235928,12:00226ED0,13:0020FAA8,14:00217650,15:001FD738,16:00202828,17:00201168,18:0020CDA8
func_001FE4D0	exe	108	97bafdcbe38381d4	19	00:00204080,01:00225F10,02:00215068,03:001FD998,04:001F75E0,05:00232D68,06:0021C120,07:0022BE68,08:00216B80,09:00223C60,10:001F7668,11:00235968,12:00226F10,13:0020FAE8,14:00217690,15:001FD778,16:00202868,17:002011A8,18:0020CDE8
func_001FE540	exe	64	bc17f4b404a34368	19	00:002040F0,01:00225F80,02:002150D8,03:001FDA08,04:001F7650,05:00232DD8,06:0021C190,07:0022BED8,08:00216BF0,09:00223CD0,10:001F76D8,11:002359D8,12:00226F80,13:0020FB58,14:00217700,15:001FD7E8,16:002028D8,17:00201218,18:0020CE58
func_L00_00204130	shared	96	b3a20705d869c3f1	19	00:00204130,01:00225FC0,02:00215118,03:001FDA48,04:001F7690,05:00232E18,06:0021C1D0,07:0022BF18,08:00216C30,09:00223D10,10:001F7718,11:00235A18,12:00226FC0,13:0020FB98,14:00217740,15:001FD828,16:00202918,17:00201258,18:0020CE98
func_L00_00204190	shared	12	e2117bb00cada19d	19	00:00204190,01:00226020,02:00215178,03:001FDAA8,04:001F76F0,05:00232E78,06:0021C230,07:0022BF78,08:00216C90,09:00223D70,10:001F7778,11:00235A78,12:00227020,13:0020FBF8,14:002177A0,15:001FD888,16:00202978,17:002012B8,18:0020CEF8
func_001FE588	exe	308	d8d736cbc8141987	19	00:002041A0,01:00226030,02:00215188,03:001FDAB8,04:001F7700,05:00232E88,06:0021C240,07:0022BF88,08:00216CA0,09:00223D80,10:001F7788,11:00235A88,12:00227030,13:0020FC08,14:002177B0,15:001FD898,16:00202988,17:002012C8,18:0020CF08
func_001FE6C0	exe	2564	466552496dff4577	19	00:002042D8,01:00226168,02:002152C0,03:001FDBF0,04:001F7838,05:00232FC0,06:0021C378,07:0022C0C0,08:00216DD8,09:00223EB8,10:001F78C0,11:00235BC0,12:00227168,13:0020FD40,14:002178E8,15:001FD9D0,16:00202AC0,17:00201400,18:0020D040
func_001FF0C8	exe	228	7c1722f5a79a1168	19	00:00204CE0,01:00226B70,02:00215CC8,03:001FE5F8,04:001F8240,05:002339C8,06:0021CD80,07:0022CAC8,08:002177E0,09:002248C0,10:001F82C8,11:002365C8,12:00227B70,13:00210748,14:002182F0,15:001FE3D8,16:002034C8,17:00201E08,18:0020DA48
func_001FF1B0	exe	836	48126ed9dfe78914	19	00:00204DC8,01:00226C58,02:00215DB0,03:001FE6E0,04:001F8328,05:00233AB0,06:0021CE68,07:0022CBB0,08:002178C8,09:002249A8,10:001F83B0,11:002366B0,12:00227C58,13:00210830,14:002183D8,15:001FE4C0,16:002035B0,17:00201EF0,18:0020DB30
func_L00_00205110	shared	68	a4cba557b7603c25	19	00:00205110,01:00226FA0,02:002160F8,03:001FEA28,04:001F8670,05:00233DF8,06:0021D1B0,07:0022CEF8,08:00217C10,09:00224CF0,10:001F86F8,11:002369F8,12:00227FA0,13:00210B78,14:00218720,15:001FE808,16:002038F8,17:00202238,18:0020DE78
func_00213BAC	exe	4	561c6f49738e95dc	19	00:00205154,01:00226FE4,02:0021613C,03:001FEA6C,04:001F86B4,05:00233E3C,06:0021D1F4,07:0022CF3C,08:00217C54,09:00224D34,10:001F873C,11:00236A3C,12:00227FE4,13:00210BBC,14:00218764,15:001FE84C,16:0020393C,17:0020227C,18:0020DEBC
func_L00_00205158	shared	20	51ac31eb4ab1045b	19	00:00205158,01:00226FE8,02:00216140,03:001FEA70,04:001F86B8,05:00233E40,06:0021D1F8,07:0022CF40,08:00217C58,09:00224D38,10:001F8740,11:00236A40,12:00227FE8,13:00210BC0,14:00218768,15:001FE850,16:00203940,17:00202280,18:0020DEC0
func_00208238	exe	8	a4a8cdc2599d57d4	19	00:0020516C,00:0020DCAC,00:0020E0E8,00:0020E0F0,00:00234760,00:002347F0,00:00236828,00:00249F38,00:0024A698,00:0024A6A0,00:0024F23C,00:0024F278,00:00285724,00:002951C8,00:002E9868,00:002E98F8,00:002F0990,01:00226FFC,01:0022E54C,01:0022E988,01:0022E990,01:00249D70,01:00249E00,01:0024BE38,01:0025DEC8,01:0025E628,01:0025E630,01:00263D0C,01:00263D48,01:0029B40C,01:002A8BE0,01:00314968,01:003149F8,01:0031CDF0,02:00216154,02:0021CF64,02:0021D3A0,02:0021D3A8,02:00237BF8,02:00237C88,02:00239D20,02:0024BA28,02:0024C188,02:0024C190,02:002515C4,02:00251600,02:00286B8C,02:00294888,02:002F76F0,02:002F7780,02:002FF578,03:001FEA84,03:00206344,03:00206780,03:00206788,03:00223E98,03:00223F28,03:00225F60,03:00238178,03:002388D8,03:002388E0,03:0023DD14,03:0023DD50,03:002742AC,03:00281A28,03:002E8068,03:002E80F8,03:002F0618,04:001F86CC,04:0020120C,04:00201648,04:00201650,04:00227CC0,04:00227D50,04:00229D88,04:0023C8A8,04:0023D008,04:0023D010,04:00241BAC,04:00241BE8,04:00278984,04:00285FF0,04:002ED0E0,04:002ED170,04:002F4658,05:00233E54,05:0023BED8,05:0023BEE0,05:0025DAF0,05:0025DB80,05:0025FBB8,05:00272EF8,05:00273658,05:00273660,05:0027949C,05:002794D8,05:002AF9D4,05:002BD8C0,05:00324F48,05:00324FD8,05:0032EA78,06:0021D20C,06:00224E74,06:002252B0,06:002252B8,06:002444F0,06:00244580,06:002465B8,06:00258BC8,06:00259328,06:00259330,06:0025DECC,06:0025DF08,06:00294484,06:002A2240,06:00305C50,06:00311818,06:003118A8,06:003195E8,07:0022CF54,07:00235A94,07:00235ED0,07:00235ED8,07:0025C548,07:0025C5D8,07:0025E610,07:00271640,07:00271DA0,07:00271DA8,07:00277BE4,07:00277C20,07:002AE074,07:002BBDA0,07:00325108,07:00325198,07:0032C560,08:00217C6C,08:0021F7CC,08:0021FC08,08:0021FC10,08:0023F948,08:0023F9D8,08:00241A10,08:00253AA0,08:00254200,08:00254208,08:002596B4,08:002596F0,08:0028FD9C,08:0029D478,08:00311418,08:003114A8,08:00319FE0,09:00224D4C,09:0022D88C,09:0022DCC8,09:0022DCD0,09:00254340,09:002543D0,09:00256408,09:00268F28,09:00269688,09:00269690,09:0026EAC4,09:0026EB00,09:002A4444,09:002B1A18,09:00311328,09:003113B8,09:003189E0,10:001F8754,10:00201294,10:002016D0,10:002016D8,10:00227D48,10:00227DD8,10:00229E10,10:0023C930,10:0023D090,10:0023D098,10:00241C34,10:00241C70,10:00278554,10:00285BD8,10:002F1BB0,10:002F1C40,10:002F9B30,11:00236A54,11:0023DF54,11:0023E390,11:0023E398,11:0025B100,11:0025B190,11:0025D1C8,11:0026F258,11:0026F9B8,11:0026F9C0,11:00274FDC,11:00275018,11:002AA9CC,11:002B7FE0,11:00324BD8,11:00324C68,11:0032BBC8,12:00227FFC,12:0022F584,12:0022F9C0,12:0022F9C8,12:0024DF50,12:0024DFE0,12:00250018,12:002620A8,12:00262808,12:00262810,12:00267EFC,12:00267F38,12:0029E2FC,12:002AB980,12:00311918,12:003119A8,12:00319900,13:00210BD4,13:00219714,13:00219B50,13:00219B58,13:002401C8,13:00240258,13:00242290,13:00255138,13:00255898,13:002558A0,13:0025AE44,13:0025AE80,13:002917B4,13:0029F4E8,13:00313E10,13:00313EA0,13:0031B410,14:0021877C,14:0021FAF4,14:0021FF30,14:0021FF38,14:0023DA60,14:0023DAF0,14:0023FB28,14:00251AC8,14:00252228,14:00252230,14:0025773C,14:00257778,14:0028DE64,14:0029B520,14:00310340,14:003103D0,14:00319E90,15:001FE864,15:00205DA4,15:002061E0,15:002061E8,15:002252E8,15:00225378,15:002273B0,15:002394C8,15:00239C28,15:00239C30,15:0023E7CC,15:0023E808,15:0027530C,15:00283050,15:002F3A48,15:002F3AD8,15:002FC048,16:00203954,16:0020BA58,16:0020BA60,16:00230170,16:00230200,16:00232238,16:00245578,16:00245CD8,16:00245CE0,16:0024A87C,16:0024A8B8,16:00280934,16:0028DFB8,16:002EFA50,16:002EFAE0,16:002F8B08,17:00202294,17:0020AC84,17:0020B0C0,17:0020B0C8,17:0022FAC0,17:0022FB50,17:00231B88,17:002446A8,17:00244E08,17:00244E10,17:002499AC,17:002499E8,17:0027F7FC,17:0028D450,17:002FC500,17:002FC590,17:00304218,18:0020DED4,18:00215A24,18:00215E60,18:00215E68,18:00237CD0,18:00237D60,18:00239D98,18:0024C1B0,18:0024C910,18:0024C918,18:002514B4,18:002514F0,18:0028761C,18:00294CB0,18:002E0FA8,18:00302480,18:00302510,18:00309D90
func_001FF560	exe	256	eff197a1a7807182	19	00:00205178,01:00227008,02:00216160,03:001FEA90,04:001F86D8,05:00233E60,06:0021D218,07:0022CF60,08:00217C78,09:00224D58,10:001F8760,11:00236A60,12:00228008,13:00210BE0,14:00218788,15:001FE870,16:00203960,17:002022A0,18:0020DEE0
func_L00_00205278	shared	796	6787ca4bd8a260f1	19	00:00205278,01:00227108,02:00216260,03:001FEB90,04:001F87D8,05:00233F60,06:0021D318,07:0022D060,08:00217D78,09:00224E58,10:001F8860,11:00236B60,12:00228108,13:00210CE0,14:00218888,15:001FE970,16:00203A60,17:002023A0,18:0020DFE0
func_L00_00205598	shared	128	c669d36e3d2cc8f2	19	00:00205598,01:00227428,02:00216580,03:001FEEB0,04:001F8AF8,05:00234280,06:0021D638,07:0022D380,08:00218098,09:00225178,10:001F8B80,11:00236E80,12:00228428,13:00211000,14:00218BA8,15:001FEC90,16:00203D80,17:002026C0,18:0020E300
func_L00_00205618	shared	184	b021b5a22f60a4a1	6	00:00205618,04:001F8B78,07:0022D400,09:002251F8,10:001F8C00,13:00211080
func_L00_002056D0	shared	8	e76f4eb6c6308b87	19	00:002056D0,00:00267634,01:00227538,01:0027C13C,02:00216690,02:00268C3C,03:001FEFC0,03:00255704,04:001F8C30,04:00259DD4,05:00234390,05:0029153C,06:0021D758,06:0027639C,07:0022D4B8,07:0028F924,08:002181A8,08:002714CC,09:002252B0,10:001F8CB8,10:0025A3EC,11:00236F90,11:0028C924,12:00228548,12:0027FC3C,13:00211138,13:00272F4C,14:00218CC8,14:0026EF4C,15:001FEDB0,15:00256B5C,16:00203E90,16:0026298C,17:002027F0,17:002610B4,18:0020E420
func_L00_002056D8	shared	76	9acf7ca74d52b355	19	00:002056D8,01:00227540,02:00216698,03:001FEFC8,04:001F8C38,05:00234398,06:0021D760,07:0022D4C0,08:002181B0,09:002252B8,10:001F8CC0,11:00236F98,12:00228550,13:00211140,14:00218CD0,15:001FEDB8,16:00203E98,17:002027F8,18:0020E428
func_L00_00205728	shared	44	468f38c7b99fb69a	19	00:00205728,01:00227590,02:002166E8,03:001FF018,04:001F8C88,05:002343E8,06:0021D7B0,07:0022D510,08:00218200,09:00225308,10:001F8D10,11:00236FE8,12:002285A0,13:00211190,14:00218D20,15:001FEE08,16:00203EE8,17:00202848,18:0020E478
func_L00_00205754	shared	20	523276d926d7822d	19	00:00205754,01:002275BC,02:00216714,03:001FF044,04:001F8CB4,05:00234414,06:0021D7DC,07:0022D53C,08:0021822C,09:00225334,10:001F8D3C,11:00237014,12:002285CC,13:002111BC,14:00218D4C,15:001FEE34,16:00203F14,17:00202874,18:0020E4A4
func_L00_00205768	shared	16	a60b155290fed080	19	00:00205768,01:002275D0,02:00216728,03:001FF058,04:001F8CC8,05:00234428,06:0021D7F0,07:0022D550,08:00218240,09:00225348,10:001F8D50,11:00237028,12:002285E0,13:002111D0,14:00218D60,15:001FEE48,16:00203F28,17:00202888,18:0020E4B8
func_L00_00205778	shared	8	310752164e7f2839	19	00:00205778,01:002275E0,02:00216738,03:001FF068,04:001F8CD8,05:00234438,06:0021D800,07:0022D560,08:00218250,09:00225358,10:001F8D60,11:00237038,12:002285F0,13:002111E0,14:00218D70,15:001FEE58,16:00203F38,17:00202898,18:0020E4C8
func_L00_00205780	shared	892	db74eea2398344db	19	00:00205780,01:002275E8,02:00216740,03:001FF070,04:001F8CE0,05:00234440,06:0021D808,07:0022D568,08:00218258,09:00225360,10:001F8D68,11:00237040,12:002285F8,13:002111E8,14:00218D78,15:001FEE60,16:00203F40,17:002028A0,18:0020E4D0
func_L00_00205B00	shared	76	a08d1f0bb7e61224	19	00:00205B00,01:00227968,02:00216AC0,03:001FF3F0,04:001F9060,05:002347C0,06:0021DB88,07:0022D8E8,08:002185D8,09:002256E0,10:001F90E8,11:002373C0,12:00228978,13:00211568,14:002190F8,15:001FF1E0,16:002042C0,17:00202C20,18:0020E850
func_L00_00205B50	shared	196	d3db0c666a32b3a9	19	00:00205B50,01:002279B8,02:00216B10,03:001FF440,04:001F90B0,05:00234810,06:0021DBD8,07:0022D938,08:00218628,09:00225730,10:001F9138,11:00237410,12:002289C8,13:002115B8,14:00219148,15:001FF230,16:00204310,17:00202C70,18:0020E8A0
func_L00_00205C18	shared	168	c1230c202ec8161e	19	00:00205C18,01:00227A80,02:00216BD8,03:001FF508,04:001F9178,05:002348D8,06:0021DCA0,07:0022DA00,08:002186F0,09:002257F8,10:001F9200,11:002374D8,12:00228A90,13:00211680,14:00219210,15:001FF2F8,16:002043D8,17:00202D38,18:0020E968
func_L00_00205CC0	shared	816	e491f2e0eee8625a	19	00:00205CC0,01:00227B28,02:00216C80,03:001FF5B0,04:001F9220,05:00234980,06:0021DD48,07:0022DAA8,08:00218798,09:002258A0,10:001F92A8,11:00237580,12:00228B38,13:00211728,14:002192B8,15:001FF3A0,16:00204480,17:00202DE0,18:0020EA10
func_L00_00205FF0	shared	1232	9f29986eabbce035	19	00:00205FF0,01:00227E58,02:00216FB0,03:001FF8E0,04:001F9550,05:00234CB0,06:0021E078,07:0022DDD8,08:00218AC8,09:00225BD0,10:001F95D8,11:002378B0,12:00228E68,13:00211A58,14:002195E8,15:001FF6D0,16:002047B0,17:00203110,18:0020ED40
func_L00_002064C0	shared	184	e395b8280a0a69d2	19	00:002064C0,01:00228328,02:00217480,03:001FFDB0,04:001F9A20,05:00235180,06:0021E548,07:0022E2A8,08:00218F98,09:002260A0,10:001F9AA8,11:00237D80,12:00229338,13:00211F28,14:00219AB8,15:001FFBA0,16:00204C80,17:002035E0,18:0020F210
func_L00_00206578	shared	284	39a8529dc4dbe1ff	9	00:00206578,04:001F9AD8,07:0022E360,09:00226158,10:001F9B60,12:002293F0,13:00211FE0,14:00219B70,17:00203698
func_L00_00206698	shared	364	ebe2b361e23043f2	19	00:00206698,01:00228428,02:00217580,03:001FFEB0,04:001F9BF8,05:00235280,06:0021E648,07:0022E480,08:00219098,09:00226278,10:001F9C80,11:00237E80,12:00229510,13:00212100,14:00219C90,15:001FFCA0,16:00204D80,17:002037B8,18:0020F310
func_L00_00206808	shared	192	802150d31f5f2d8b	8	00:00206808,04:001F9D68,07:0022E5F0,09:002263E8,10:001F9DF0,13:00212270,15:001FFE10,18:0020F480
func_L00_002068C8	shared	2388	bada5a1f55b14a0b	6	00:002068C8,04:001F9E28,07:0022E6B0,09:002264A8,10:001F9EB0,13:00212330
func_L00_00207220	shared	240	ee183ab4f22339a2	19	00:00207220,01:00228940,02:00217A98,03:002003C8,04:001FA780,05:00235798,06:0021F088,07:0022F008,08:002195B0,09:00226E00,10:001FA808,11:00238398,12:00229A28,13:00212C88,14:0021A1A8,15:002002F8,16:00205298,17:002041F8,18:0020F968
func_L00_00207310	shared	264	dbef0377cd07a459	19	00:00207310,01:00228A30,02:00217B88,03:002004B8,04:001FA870,05:00235888,06:0021F178,07:0022F0F8,08:002196A0,09:00226EF0,10:001FA8F8,11:00238488,12:00229B18,13:00212D78,14:0021A298,15:002003E8,16:00205388,17:002042E8,18:0020FA58
func_L00_00207418	shared	720	688988313839f4f3	19	00:00207418,01:00228B38,02:00217C90,03:002005C0,04:001FA978,05:00235990,06:0021F280,07:0022F200,08:002197A8,09:00226FF8,10:001FAA00,11:00238590,12:00229C20,13:00212E80,14:0021A3A0,15:002004F0,16:00205490,17:002043F0,18:0020FB60
func_L00_002076E8	shared	500	69c860228dbefba4	7	00:002076E8,04:001FAC48,07:0022F4D0,09:002272C8,10:001FACD0,13:00213150,17:002046C0
func_L00_002078E0	shared	104	4eae56877609587d	17	00:002078E0,01:00228FF0,02:00218148,03:00200A80,04:001FAE40,05:00235E48,06:0021F740,07:0022F6C8,08:00219C68,09:002274C0,10:001FAEC8,11:00238A48,12:0022A0D8,13:00213348,14:0021A860,16:00205950,17:002048B8
func_L00_00207948	shared	252	2d6bcbc371923216	19	00:00207948,01:00229058,02:002181B0,03:00200AE8,04:001FAEA8,05:00235EB0,06:0021F7A8,07:0022F730,08:00219CD0,09:00227528,10:001FAF30,11:00238AB0,12:0022A140,13:002133B0,14:0021A8C8,15:002009A8,16:002059B8,17:00204920,18:00210020
func_L00_00207A48	shared	632	b5fabc8485497876	19	00:00207A48,01:00229158,02:002182B0,03:00200BE8,04:001FAFA8,05:00235FB0,06:0021F8A8,07:0022F830,08:00219DD0,09:00227628,10:001FB030,11:00238BB0,12:0022A240,13:002134B0,14:0021A9C8,15:00200AA8,16:00205AB8,17:00204A20,18:00210120
func_L00_00207CC0	shared	512	a4ebb7ca39bbf438	9	00:00207CC0,04:001FB220,05:00236228,06:0021FB20,07:0022FAA8,09:002278A0,10:001FB2A8,13:00213728,17:00204C98
func_L00_00207EC0	shared	316	f7304a90b0c6659a	17	00:00207EC0,01:00229540,02:00218698,03:00200FD0,04:001FB420,05:00236428,06:0021FD20,07:0022FCA8,08:0021A1B8,09:00227AA0,10:001FB4A8,11:00238F98,12:0022A628,13:00213928,14:0021ADB0,16:00205EA0,17:00204E98
func_L00_00208000	shared	112	17809b1cf217d74a	17	00:00208000,01:00229680,02:002187D8,03:00201110,04:001FB560,05:00236568,06:0021FE60,07:0022FDE8,08:0021A2F8,09:00227BE0,10:001FB5E8,11:002390D8,12:0022A768,13:00213A68,14:0021AEF0,16:00205FE0,17:00204FD8
func_L00_00208070	shared	496	eee252e6f6936d5f	19	00:00208070,01:002296F0,02:00218848,03:00201180,04:001FB5D0,05:002365D8,06:0021FED0,07:0022FE58,08:0021A368,09:00227C50,10:001FB658,11:00239148,12:0022A7D8,13:00213AD8,14:0021AF60,15:00200E70,16:00206050,17:00205048,18:002104E8
func_L00_00208260	shared	180	18b00c484d1e6fb6	19	00:00208260,01:002298E0,02:00218A38,03:00201370,04:001FB7C0,05:002367C8,06:002200C0,07:00230048,08:0021A558,09:00227E40,10:001FB848,11:00239338,12:0022A9C8,13:00213CC8,14:0021B150,15:00201060,16:00206240,17:00205238,18:002106D8
func_L00_00208318	shared	64	0e26fdf7df1acc19	19	00:00208318,01:00229998,02:00218AF0,03:00201428,04:001FB878,05:00236880,06:00220178,07:00230100,08:0021A610,09:00227EF8,10:001FB900,11:002393F0,12:0022AA80,13:00213D80,14:0021B208,15:00201118,16:002062F8,17:002052F0,18:00210790
func_L00_00208358	shared	760	182f345e5894dc7e	19	00:00208358,01:002299D8,02:00218B30,03:00201468,04:001FB8B8,05:002368C0,06:002201B8,07:00230140,08:0021A650,09:00227F38,10:001FB940,11:00239430,12:0022AAC0,13:00213DC0,14:0021B248,15:00201158,16:00206338,17:00205330,18:002107D0
func_L00_00208650	shared	120	9e145c8bd7d25a10	19	00:00208650,01:00229CD0,02:00218E28,03:00201760,04:001FBBB0,05:00236BB8,06:002204B0,07:00230438,08:0021A948,09:00228230,10:001FBC38,11:00239728,12:0022ADB8,13:002140B8,14:0021B540,15:00201450,16:00206630,17:00205628,18:00210AC8
func_L00_002086C8	shared	2000	a90d0e0c243fa61e	19	00:002086C8,01:00229D48,02:00218EA0,03:002017D8,04:001FBC28,05:00236C30,06:00220528,07:002304B0,08:0021A9C0,09:002282A8,10:001FBCB0,11:002397A0,12:0022AE30,13:00214130,14:0021B5B8,15:002014C8,16:002066A8,17:002056A0,18:00210B40
func_L00_00208E98	shared	492	5c38f4edf6255cc6	19	00:00208E98,01:0022A518,02:00219670,03:00201FA8,04:001FC3F8,05:00237400,06:00220CF8,07:00230C80,08:0021B190,09:00228A78,10:001FC480,11:00239F70,12:0022B600,13:00214900,14:0021BD88,15:00201C98,16:00206E78,17:00205E70,18:00211310
func_L00_00209088	shared	332	2fc4433372bd29f7	19	00:00209088,01:0022A708,02:00219860,03:00202198,04:001FC5E8,05:002375F0,06:00220EE8,07:00230E70,08:0021B380,09:00228C68,10:001FC670,11:0023A160,12:0022B7F0,13:00214AF0,14:0021BF78,15:00201E88,16:00207068,17:00206060,18:00211500
func_L00_002091D8	shared	956	f73868b86d976c69	19	00:002091D8,01:0022A858,02:002199B0,03:002022E8,04:001FC738,05:00237740,06:00221038,07:00230FC0,08:0021B4D0,09:00228DB8,10:001FC7C0,11:0023A2B0,12:0022B940,13:00214C40,14:0021C0C8,15:00201FD8,16:002071B8,17:002061B0,18:00211650
func_L00_00209598	shared	248	976f39fac51a19da	19	00:00209598,01:0022AC18,02:00219D70,03:002026A8,04:001FCAF8,05:00237BF8,06:002213F8,07:00231380,08:0021B890,09:00229178,10:001FCB80,11:0023A670,12:0022BD00,13:00215000,14:0021C488,15:00202398,16:00207670,17:00206570,18:00211A10
func_L00_00209690	shared	180	36a22347ea2b96ae	16	00:00209690,01:0022AD10,03:002027A0,04:001FCBF0,05:00237CF0,07:00231478,08:0021B988,09:00229270,10:001FCC78,11:0023A768,12:0022BDF8,13:002150F8,15:00202490,16:00207768,17:00206668,18:00211B08
func_L00_00209748	shared	260	df9eab1c0f8a4a45	19	00:00209748,01:0022ADC8,02:00219E70,03:00202858,04:001FCCA8,05:00237DA8,06:002214F8,07:00231530,08:0021BA40,09:00229328,10:001FCD30,11:0023A820,12:0022BEB0,13:002151B0,14:0021C588,15:00202548,16:00207820,17:00206720,18:00211BC0
func_L00_00209850	shared	100	3ad54002d2cabb33	19	00:00209850,01:0022AED0,02:00219F78,03:00202960,04:001FCDB0,05:00237EB0,06:00221600,07:00231638,08:0021BB48,09:00229430,10:001FCE38,11:0023A928,12:0022BFB8,13:002152B8,14:0021C690,15:00202650,16:00207928,17:00206828,18:00211CC8
func_L00_002098B8	shared	132	4178e09a89ba8e5e	19	00:002098B8,01:0022AF38,02:00219FE0,03:002029C8,04:001FCE18,05:00237F18,06:00221668,07:002316A0,08:0021BBB0,09:00229498,10:001FCEA0,11:0023A990,12:0022C020,13:00215320,14:0021C6F8,15:002026B8,16:00207990,17:00206890,18:00211D30
func_L00_00209940	shared	632	4c913dd653037214	19	00:00209940,01:0022AFC0,02:0021A068,03:00202A50,04:001FCEA0,05:00237FA0,06:002216F0,07:00231728,08:0021BC38,09:00229520,10:001FCF28,11:0023AA18,12:0022C0A8,13:002153A8,14:0021C780,15:00202740,16:00207A18,17:00206918,18:00211DB8
func_L00_00209BB8	shared	244	458c4d820cc1c0aa	16	00:00209BB8,01:0022B238,03:00202CC8,04:001FD118,05:00238218,07:002319A0,08:0021BEB0,09:00229798,10:001FD1A0,11:0023AC90,12:0022C320,13:00215620,15:002029B8,16:00207C90,17:00206B90,18:00212030
func_L00_00209CB0	shared	528	7cd5caba79e720c9	16	00:00209CB0,01:0022B330,03:00202DC0,04:001FD210,05:00238310,07:00231A98,08:0021BFA8,09:00229890,10:001FD298,11:0023AD88,12:0022C418,13:00215718,15:00202AB0,16:00207D88,17:00206C88,18:00212128
func_L00_00209EC0	shared	500	2d44343070ba85da	16	00:00209EC0,01:0022B540,03:00202FD0,04:001FD420,05:00238520,07:00231CA8,08:0021C1B8,09:00229AA0,10:001FD4A8,11:0023AF98,12:0022C628,13:00215928,15:00202CC0,16:00207F98,17:00206E98,18:00212338
func_L00_0020A0B8	shared	616	19f8732e74a7ea1f	16	00:0020A0B8,01:0022B738,03:002031C8,04:001FD618,05:00238718,07:00231EA0,08:0021C3B0,09:00229C98,10:001FD6A0,11:0023B190,12:0022C820,13:00215B20,15:00202EB8,16:00208190,17:00207090,18:00212530
func_L00_0020A320	shared	544	f329f97cb99c8a11	19	00:0020A320,01:0022B9A0,02:0021A2F0,03:00203430,04:001FD880,05:00238980,06:00221978,07:00232108,08:0021C618,09:00229F00,10:001FD908,11:0023B3F8,12:0022CA88,13:00215D88,14:0021CA08,15:00203120,16:002083F8,17:002072F8,18:00212798
func_L00_0020A540	shared	788	45ecec22f77c0df4	9	00:0020A540,04:001FDAA0,05:00238BA0,06:00221B98,07:00232328,09:0022A120,10:001FDB28,13:00215FA8,17:00207518
func_L00_0020A858	shared	20	510c790963160988	19	00:0020A858,00:0020A870,00:0020A888,00:0020A8A0,01:0022BBC0,01:0022BBD8,01:0022BBF0,01:0022BC08,02:0021A510,02:0021A528,02:0021A540,02:0021A558,03:00203650,03:00203668,03:00203680,03:00203698,04:001FDDB8,04:001FDDD0,04:001FDDE8,04:001FDE00,05:00238EB8,05:00238ED0,05:00238EE8,05:00238F00,06:00221EB0,06:00221EC8,06:00221EE0,06:00221EF8,07:00232640,07:00232658,07:00232670,07:00232688,08:0021C838,08:0021C850,08:0021C868,08:0021C880,09:0022A438,09:0022A450,09:0022A468,09:0022A480,10:001FDE40,10:001FDE58,10:001FDE70,10:001FDE88,11:0023B618,11:0023B630,11:0023B648,11:0023B660,12:0022CCA8,12:0022CCC0,12:0022CCD8,12:0022CCF0,13:002162C0,13:002162D8,13:002162F0,13:00216308,14:0021CC28,14:0021CC40,14:0021CC58,14:0021CC70,15:00203340,15:00203358,15:00203370,15:00203388,16:00208618,16:00208630,16:00208648,16:00208660,17:00207830,17:00207848,17:00207860,17:00207878,18:002129B8,18:002129D0,18:002129E8,18:00212A00
func_L00_0020A8B8	shared	212	5f953ddde9a70ca2	19	00:0020A8B8,01:0022BC20,02:0021A570,03:002036B0,04:001FDE18,05:00238F18,06:00221F10,07:002326A0,08:0021C898,09:0022A498,10:001FDEA0,11:0023B678,12:0022CD08,13:00216320,14:0021CC88,15:002033A0,16:00208678,17:00207890,18:00212A18
func_L00_0020A990	shared	484	efa4433925fc8589	19	00:0020A990,01:0022BCF8,02:0021A648,03:00203788,04:001FDEF0,05:00238FF0,06:00221FE8,07:00232778,08:0021C970,09:0022A570,10:001FDF78,11:0023B750,12:0022CDE0,13:002163F8,14:0021CD60,15:00203478,16:00208750,17:00207968,18:00212AF0
func_L00_0020AB78	shared	60	a5ab3047c1ee44a4	19	00:0020AB78,01:0022BEE0,02:0021A830,03:00203970,04:001FE0D8,05:002391D8,06:002221D0,07:00232960,08:0021CB58,09:0022A758,10:001FE160,11:0023B938,12:0022CFC8,13:002165E0,14:0021CF48,15:00203660,16:00208938,17:00207B50,18:00212CD8
func_L00_0020ABB8	shared	1188	5b56f2ef48c8f468	19	00:0020ABB8,01:0022BF20,02:0021A870,03:002039B0,04:001FE118,05:00239218,06:00222210,07:002329A0,08:0021CB98,09:0022A798,10:001FE1A0,11:0023B978,12:0022D008,13:00216620,14:0021CF88,15:002036A0,16:00208978,17:00207B90,18:00212D18
func_L00_0020B060	shared	684	d962e262c5580af5	19	00:0020B060,01:0022C3C8,02:0021AD18,03:00203E58,04:001FE5C0,05:002396C0,06:002226B8,07:00232E48,08:0021D040,09:0022AC40,10:001FE648,11:0023BE20,12:0022D4B0,13:00216AC8,14:0021D430,15:00203B48,16:00208E20,17:00208038,18:002131C0
func_L00_0020B310	shared	1344	fc405620b24024b5	19	00:0020B310,01:0022C678,02:0021AFC8,03:00204108,04:001FE870,05:00239970,06:00222968,07:002330F8,08:0021D2F0,09:0022AEF0,10:001FE8F8,11:0023C0D0,12:0022D760,13:00216D78,14:0021D6E0,15:00203DF8,16:002090D0,17:002082E8,18:00213470
func_L00_0020B850	shared	992	b7b9c620a6597b4b	19	00:0020B850,01:0022CBB8,02:0021B508,03:00204648,04:001FEDB0,05:00239EB0,06:00222EA8,07:00233638,08:0021D830,09:0022B430,10:001FEE38,11:0023C610,12:0022DCA0,13:002172B8,14:0021DC20,15:00204338,16:00209610,17:00208828,18:002139B0
func_L00_0020BC30	shared	888	cb643cb314d9af56	19	00:0020BC30,01:0022CF98,02:0021B8E8,03:00204A28,04:001FF190,05:0023A290,06:00223288,07:00233A18,08:0021DC10,09:0022B810,10:001FF218,11:0023C9F0,12:0022E080,13:00217698,14:0021E000,15:00204718,16:002099F0,17:00208C08,18:00213D90
func_L00_0020BFA8	shared	44	20212bdda1c000ab	19	00:0020BFA8,01:0022D310,02:0021BC60,03:00204DA0,04:001FF508,05:0023A608,06:00223600,07:00233D90,08:0021DF88,09:0022BB88,10:001FF590,11:0023CD68,12:0022E3F8,13:00217A10,14:0021E378,15:00204A90,16:00209D68,17:00208F80,18:00214108
func_L00_0020BFD8	shared	1424	a6af685c37f856a2	7	00:0020BFD8,04:001FF538,07:00233DC0,09:0022BBB8,10:001FF5C0,13:00217A40,17:00208FB0
func_L00_0020C568	shared	2180	258b890dab68dc75	8	00:0020C568,04:001FFAC8,06:00223898,07:00234350,09:0022C148,10:001FFB50,13:00217FD0,17:00209540
func_L00_0020CDF0	shared	1452	5f8e14c60339b7e0	8	00:0020CDF0,04:00200350,06:00224120,07:00234BD8,09:0022C9D0,10:002003D8,13:00218858,17:00209DC8
func_L00_0020D3A0	shared	588	d8d14c03b2f80a36	12	00:0020D3A0,04:00200900,06:002246D0,07:00235188,08:0021F028,09:0022CF80,10:00200988,13:00218E08,14:0021F350,16:0020AE38,17:0020A378,18:00215280
func_L00_0020D5F0	shared	928	74304068c8d4a18f	12	00:0020D5F0,04:00200B50,06:00224920,07:002353D8,08:0021F278,09:0022D1D0,10:00200BD8,13:00219058,14:0021F5A0,16:0020B088,17:0020A5C8,18:002154D0
func_L00_0020D990	shared	56	786570ab918f394b	8	00:0020D990,03:00206028,04:00200EF0,07:00235778,09:0022D570,10:00200F78,13:002193F8,17:0020A968
func_L00_0020D9C8	shared	300	f25e5037b37dfe2d	8	00:0020D9C8,03:00206060,04:00200F28,07:002357B0,09:0022D5A8,10:00200FB0,13:00219430,17:0020A9A0
func_L00_0020DAF8	shared	36	7f6cd5e6690611f6	19	00:0020DAF8,01:0022E398,02:0021CDB0,03:00206190,04:00201058,05:0023B8A8,06:00224CC0,07:002358E0,08:0021F618,09:0022D6D8,10:002010E0,11:0023DDA0,12:0022F3D0,13:00219560,14:0021F940,15:00205BF0,16:0020B428,17:0020AAD0,18:00215870
func_0023E050	exe	8	bc3f406df1b64926	19	00:0020DB1C,00:002F1BB8,01:0022E3BC,01:0031E018,02:0021CDD4,02:003007A0,03:002061B4,03:002F1840,04:0020107C,04:002F5880,05:0023B8CC,05:0032FCA0,06:00224CE4,06:0031A810,07:00235904,07:0032D788,08:0021F63C,08:0031B208,09:0022D6FC,09:00319C08,10:00201104,10:002FAD58,11:0023DDC4,11:0032CDF0,12:0022F3F4,12:0031AB28,13:00219584,13:0031C638,14:0021F964,14:0031B0B8,15:00205C14,15:002FD270,16:0020B44C,16:002F9D30,17:0020AAF4,17:00305440,18:00215894,18:0030AFB8
func_L00_0020DB30	shared	44	e620fffe571bfb54	19	00:0020DB30,01:0022E3D0,02:0021CDE8,03:002061C8,04:00201090,05:0023B8E0,06:00224CF8,07:00235918,08:0021F650,09:0022D710,10:00201118,11:0023DDD8,12:0022F408,13:00219598,14:0021F978,15:00205C28,16:0020B460,17:0020AB08,18:002158A8
func_L00_0020DB68	shared	72	bd7aa21c10bb38f5	19	00:0020DB68,01:0022E408,02:0021CE20,03:00206200,04:002010C8,05:0023B918,06:00224D30,07:00235950,08:0021F688,09:0022D748,10:00201150,11:0023DE10,12:0022F440,13:002195D0,14:0021F9B0,15:00205C60,16:0020B498,17:0020AB40,18:002158E0
func_L00_0020DBB0	shared	36	b7e40681c3d16517	19	00:0020DBB0,01:0022E450,02:0021CE68,03:00206248,04:00201110,05:0023B960,06:00224D78,07:00235998,08:0021F6D0,09:0022D790,10:00201198,11:0023DE58,12:0022F488,13:00219618,14:0021F9F8,15:00205CA8,16:0020B4E0,17:0020AB88,18:00215928
func_L00_0020DBD8	shared	36	d27abe243049cf81	19	00:0020DBD8,01:0022E478,02:0021CE90,03:00206270,04:00201138,05:0023B988,06:00224DA0,07:002359C0,08:0021F6F8,09:0022D7B8,10:002011C0,11:0023DE80,12:0022F4B0,13:00219640,14:0021FA20,15:00205CD0,16:0020B508,17:0020ABB0,18:00215950
func_L00_0020DC00	shared	72	0c56aab74f5ce9fd	19	00:0020DC00,01:0022E4A0,02:0021CEB8,03:00206298,04:00201160,05:0023B9B0,06:00224DC8,07:002359E8,08:0021F720,09:0022D7E0,10:002011E8,11:0023DEA8,12:0022F4D8,13:00219668,14:0021FA48,15:00205CF8,16:0020B530,17:0020ABD8,18:00215978
func_L00_0020DC50	shared	20	903cd1ae7899335a	19	00:0020DC50,01:0022E4F0,02:0021CF08,03:002062E8,04:002011B0,05:0023BA00,06:00224E18,07:00235A38,08:0021F770,09:0022D830,10:00201238,11:0023DEF8,12:0022F528,13:002196B8,14:0021FA98,15:00205D48,16:0020B580,17:0020AC28,18:002159C8
func_L00_0020DC68	shared	68	269a6ab77297f5c4	17	00:0020DC68,01:0022E508,02:0021CF20,03:00206300,04:002011C8,06:00224E30,07:00235A50,08:0021F788,09:0022D848,10:00201250,11:0023DF10,12:0022F540,13:002196D0,14:0021FAB0,15:00205D60,17:0020AC40,18:002159E0
func_L00_0020DCB4	shared	60	a9c52df87dcab0ae	17	00:0020DCB4,01:0022E554,02:0021CF6C,03:0020634C,04:00201214,06:00224E7C,07:00235A9C,08:0021F7D4,09:0022D894,10:0020129C,11:0023DF5C,12:0022F58C,13:0021971C,14:0021FAFC,15:00205DAC,17:0020AC8C,18:00215A2C
func_L00_0020DCF0	shared	88	35db70c1a73c0547	19	00:0020DCF0,01:0022E590,02:0021CFA8,03:00206388,04:00201250,05:0023BAE0,06:00224EB8,07:00235AD8,08:0021F810,09:0022D8D0,10:002012D8,11:0023DF98,12:0022F5C8,13:00219758,14:0021FB38,15:00205DE8,16:0020B660,17:0020ACC8,18:00215A68
func_L00_0020DD48	shared	584	b5a3604350c1309b	19	00:0020DD48,01:0022E5E8,02:0021D000,03:002063E0,04:002012A8,05:0023BB38,06:00224F10,07:00235B30,08:0021F868,09:0022D928,10:00201330,11:0023DFF0,12:0022F620,13:002197B0,14:0021FB90,15:00205E40,16:0020B6B8,17:0020AD20,18:00215AC0
func_L00_0020DF90	shared	276	a32ab9f06d4ab2ff	19	00:0020DF90,01:0022E830,02:0021D248,03:00206628,04:002014F0,05:0023BD80,06:00225158,07:00235D78,08:0021FAB0,09:0022DB70,10:00201578,11:0023E238,12:0022F868,13:002199F8,14:0021FDD8,15:00206088,16:0020B900,17:0020AF68,18:00215D08
func_L00_0020E0A8	shared	64	2364a897b1a41239	19	00:0020E0A8,01:0022E948,02:0021D360,03:00206740,04:00201608,05:0023BE98,06:00225270,07:00235E90,08:0021FBC8,09:0022DC88,10:00201690,11:0023E350,12:0022F980,13:00219B10,14:0021FEF0,15:002061A0,16:0020BA18,17:0020B080,18:00215E20
func_L00_0020E100	shared	696	710181aca70b4319	19	00:0020E100,01:0022E9A0,02:0021D3B8,03:00206798,04:00201660,05:0023BEF0,06:002252C8,07:00235EE8,08:0021FC20,09:0022DCE0,10:002016E8,11:0023E3A8,12:0022F9D8,13:00219B68,14:0021FF48,15:002061F8,16:0020BA70,17:0020B0D8,18:00215E78
func_L00_0020E3B8	shared	1596	3ec2a31bdd7ac4d4	19	00:0020E3B8,01:0022EC58,02:0021D670,03:00206A50,04:00201918,05:0023C1A8,06:00225580,07:002361A0,08:0021FED8,09:0022DF98,10:002019A0,11:0023E660,12:0022FC90,13:00219E20,14:00220200,15:002064B0,16:0020BD28,17:0020B390,18:00216130
func_L00_0020E9F8	shared	356	a67d213cdc0699d2	19	00:0020E9F8,01:0022F298,02:0021DCB0,03:00207090,04:00201F58,05:0023C7E8,06:00225BC0,07:002367E0,08:00220518,09:0022E5D8,10:00201FE0,11:0023ECA0,12:002302D0,13:0021A460,14:00220840,15:00206AF0,16:0020C368,17:0020B9D0,18:00216770
func_L00_0020EB60	shared	460	7b8ab31ee8aff982	19	00:0020EB60,01:0022F400,02:0021DE18,03:002071F8,04:002020C0,05:0023C950,06:00225D28,07:00236948,08:00220680,09:0022E740,10:00202148,11:0023EE08,12:00230438,13:0021A5C8,14:002209A8,15:00206C58,16:0020C4D0,17:0020BB38,18:002168D8
func_L00_0020ED30	shared	144	92f72225f61b84e8	19	00:0020ED30,01:0022F5D0,02:0021DFE8,03:002073C8,04:00202290,05:0023CB20,06:00225EF8,07:00236B18,08:00220850,09:0022E910,10:00202318,11:0023EFD8,12:00230608,13:0021A798,14:00220B78,15:00206E28,16:0020C6A0,17:0020BD08,18:00216AA8
func_L00_0020EDC0	shared	808	aa3de3bf78858405	19	00:0020EDC0,01:0022F660,02:0021E078,03:00207458,04:00202320,05:0023CBB0,06:00225F88,07:00236BA8,08:002208E0,09:0022E9A0,10:002023A8,11:0023F068,12:00230698,13:0021A828,14:00220C08,15:00206EB8,16:0020C730,17:0020BD98,18:00216B38
func_L00_0020F118	shared	1592	58242bfbc15e8db2	19	00:0020F118,01:0022F9B8,02:0021E3D0,03:002077B0,04:00202678,05:0023CF08,06:002262E0,07:00236F00,08:00220C38,09:0022ECF8,10:00202700,11:0023F3C0,12:002309F0,13:0021AB80,14:00220F60,15:00207210,16:0020CA88,17:0020C0F0,18:00216E90
func_L00_0020F750	shared	168	3da969c64e4cdd4c	19	00:0020F750,01:0022FFF0,02:0021EA08,03:00207DE8,04:00202CB0,05:0023D540,06:00226918,07:00237538,08:00221270,09:0022F330,10:00202D38,11:0023F9F8,12:00231028,13:0021B1B8,14:00221598,15:00207848,16:0020D0C0,17:0020C728,18:002174C8
func_L00_0020F7F8	shared	1056	37b2775b1464eda1	19	00:0020F7F8,01:00230098,02:0021EAB0,03:00207E90,04:00202D58,05:0023D5E8,06:002269C0,07:002375E0,08:00221318,09:0022F3D8,10:00202DE0,11:0023FAA0,12:002310D0,13:0021B260,14:00221640,15:002078F0,16:0020D168,17:0020C7D0,18:00217570
func_L00_0020FC18	shared	1828	2e3e67e1fb79ff9f	19	00:0020FC18,01:002304B8,02:0021EED0,03:002082B0,04:00203178,05:0023DA08,06:00226DE0,07:00237A00,08:00221738,09:0022F7F8,10:00203200,11:0023FEC0,12:002314F0,13:0021B680,14:00221A60,15:00207D10,16:0020D588,17:0020CBF0,18:00217990
func_L00_00210340	shared	212	c16f33f6aae7f4e2	19	00:00210340,01:00230BE0,02:0021F5F8,03:002089D8,04:002038A0,05:0023E130,06:00227508,07:00238128,08:00221E60,09:0022FF20,10:00203928,11:002405E8,12:00231C18,13:0021BDA8,14:00222188,15:00208438,16:0020DCB0,17:0020D318,18:002180B8
func_L00_00210418	shared	96	af43d479f86d9867	19	00:00210418,01:00230CB8,02:0021F6D0,03:00208AB0,04:00203978,05:0023E208,06:002275E0,07:00238200,08:00221F38,09:0022FFF8,10:00203A00,11:002406C0,12:00231CF0,13:0021BE80,14:00222260,15:00208510,16:0020DD88,17:0020D3F0,18:00218190
func_L00_00210478	shared	76	671da8335c8d5413	19	00:00210478,01:00230D18,02:0021F730,03:00208B10,04:002039D8,05:0023E268,06:00227640,07:00238260,08:00221F98,09:00230058,10:00203A60,11:00240720,12:00231D50,13:0021BEE0,14:002222C0,15:00208570,16:0020DDE8,17:0020D450,18:002181F0
func_L00_002104C8	shared	144	b40ca968405a3b65	19	00:002104C8,01:00230D68,02:0021F780,03:00208B60,04:00203A28,05:0023E2B8,06:00227690,07:002382B0,08:00221FE8,09:002300A8,10:00203AB0,11:00240770,12:00231DA0,13:0021BF30,14:00222310,15:002085C0,16:0020DE38,17:0020D4A0,18:00218240
func_L00_00210558	shared	2216	04cf707a54cd3aef	17	00:00210558,01:00230DF8,02:0021F810,03:00208BF0,04:00203AB8,06:00227720,07:00238340,08:00222078,09:00230138,10:00203B40,11:00240800,12:00231E30,13:0021BFC0,14:002223A0,15:00208650,17:0020D530,18:002182D0
func_L00_00210E00	shared	480	922da95b1cf49934	19	00:00210E00,01:002316A0,02:002200B8,03:00209498,04:00204360,05:0023EC30,06:00227FC8,07:00238BE8,08:00222920,09:002309E0,10:002043E8,11:002410A8,12:002326D8,13:0021C868,14:00222C48,15:00208EF8,16:0020E7B0,17:0020DDD8,18:00218B78
func_L00_00210FE0	shared	220	fc105f89f47d6cb9	19	00:00210FE0,01:00231880,02:00220298,03:00209678,04:00204540,05:0023EE10,06:002281A8,07:00238DC8,08:00222B00,09:00230BC0,10:002045C8,11:00241288,12:002328B8,13:0021CA48,14:00222E28,15:002090D8,16:0020E990,17:0020DFB8,18:00218D58
func_L00_002110C0	shared	292	169c4ed6b7b83e3f	8	00:002110C0,04:00204620,07:00238EA8,09:00230CA0,10:002046A8,13:0021CB28,15:002091B8,18:00218E38
func_L00_002111E8	shared	332	2ee184f07487ec68	6	00:002111E8,04:00204748,07:00238FD0,09:00230DC8,10:002047D0,13:0021CC50
func_L00_00211338	shared	104	2c37e4a6c58d70a2	19	00:00211338,01:00231B30,02:00220548,03:00209928,04:00204898,05:0023F0C0,06:002284A8,07:00239120,08:00222DB0,09:00230F18,10:00204920,11:00241538,12:00232B68,13:0021CDA0,14:002230D8,15:002093E0,16:0020EC40,17:0020E2B8,18:00219060
func_L00_002113A0	shared	1384	93968f158a3c66a8	6	00:002113A0,04:00204900,07:00239188,09:00230F80,10:00204988,13:0021CE08
func_L00_00211908	shared	272	61a11d0b4cd6e7f5	19	00:00211908,01:00231FC8,02:002208F8,03:00209DC0,04:00204E68,05:0023F558,06:002288C8,07:002396F0,08:00223268,09:002314E8,10:00204EF0,11:002419D0,12:00233000,13:0021D370,14:002234A0,15:00209958,16:0020F0F8,17:0020E7C8,18:002195F8
func_L00_00211A18	shared	24	2dc1c93617bbc0af	19	00:00211A18,01:002320D8,02:00220A08,03:00209ED0,04:00204F78,05:0023F668,06:002289D8,07:00239800,08:00223378,09:002315F8,10:00205000,11:00241AE0,12:00233110,13:0021D480,14:002235B0,15:00209A68,16:0020F208,17:0020E8D8,18:00219708
func_L00_00211A38	shared	748	2c754e41d9ade9a7	6	00:00211A38,04:00204F98,07:00239820,09:00231618,10:00205020,13:0021D4A0
func_L00_00211D28	shared	448	f3eda548df5a3201	19	00:00211D28,01:00232330,02:00220C48,03:0020A128,04:00205288,05:0023F8C0,06:00228C60,07:00239B10,08:002235D0,09:00231908,10:00205310,11:00241D38,12:002333A8,13:0021D790,14:00223830,15:00209D00,16:0020F460,17:0020EBB8,18:002199A0
func_L00_00211EE8	shared	60	e275bd9c2a55962f	19	00:00211EE8,01:002324F0,02:00220E08,03:0020A2E8,04:00205448,05:0023FA80,06:00228E20,07:00239CD0,08:00223790,09:00231AC8,10:002054D0,11:00241EF8,12:00233568,13:0021D950,14:002239F0,15:00209EC0,16:0020F620,17:0020ED78,18:00219B60
func_L00_00211F28	shared	64	dd684eb4a57d1fb0	19	00:00211F28,01:00232530,02:00220E48,03:0020A328,04:00205488,05:0023FAC0,06:00228E60,07:00239D10,08:002237D0,09:00231B08,10:00205510,11:00241F38,12:002335A8,13:0021D990,14:00223A30,15:00209F00,16:0020F660,17:0020EDB8,18:00219BA0
func_L00_00211F68	shared	20	15fbf0293e28bccb	19	00:00211F68,00:00232A00,01:00232570,01:00248050,02:00220E88,02:00235ED8,03:0020A368,03:00222178,04:002054C8,04:00225F60,05:0023FB00,06:00228EA0,06:00242790,07:00239D50,07:0025A7E8,08:00223810,08:0023DC28,09:00231B48,09:002525E0,10:00205550,10:00225FE8,11:00241F78,11:002593E0,12:002335E8,12:0024C230,13:0021D9D0,13:0023E468,14:00223A70,14:0023BD40,15:00209F40,15:002235C8,16:0020F6A0,17:0020EDF8,17:0022DD60,18:00219BE0,18:00235FB0
func_L00_00211F80	shared	800	c0dc098e3d6a397c	19	00:00211F80,01:00232588,02:00220EA0,03:0020A380,04:002054E0,05:0023FB18,06:00228EB8,07:00239D68,08:00223828,09:00231B60,10:00205568,11:00241F90,12:00233600,13:0021D9E8,14:00223A88,15:00209F58,16:0020F6B8,17:0020EE10,18:00219BF8
func_L00_002122A0	shared	268	ba961a2c9b9638be	11	00:002122A0,04:00205800,07:0023A088,08:00223B48,09:00231E80,10:00205888,12:00233920,13:0021DD08,16:0020F9D8,17:0020F130,18:00219F18
func_L00_002123B0	shared	124	c85fd803b28e152a	19	00:002123B0,01:00232970,02:00221278,03:0020A768,04:00205910,05:0023FF00,06:00229248,07:0023A198,08:00223C58,09:00231F90,10:00205998,11:00242378,12:00233A30,13:0021DE18,14:00223E60,15:0020A340,16:0020FAE8,17:0020F240,18:0021A028
func_L00_00212430	shared	180	6e1aa4105f3e6d7d	19	00:00212430,01:002329F0,02:002212F8,03:0020A7E8,04:00205990,05:0023FF80,06:002292C8,07:0023A218,08:00223CD8,09:00232010,10:00205A18,11:002423F8,12:00233AB0,13:0021DE98,14:00223EE0,15:0020A3C0,16:0020FB68,17:0020F2C0,18:0021A0A8
func_L00_002124E8	shared	104	424eb86b52e6cdc5	19	00:002124E8,01:00232AA8,02:002213B0,03:0020A8A0,04:00205A48,05:00240038,06:00229380,07:0023A2D0,08:00223D90,09:002320C8,10:00205AD0,11:002424B0,12:00233B68,13:0021DF50,14:00223F98,15:0020A478,16:0020FC20,17:0020F378,18:0021A160
func_L00_00212550	shared	156	a1d2aa37e0565d41	19	00:00212550,01:00232B10,02:00221418,03:0020A908,04:00205AB0,05:002400A0,06:002293E8,07:0023A338,08:00223DF8,09:00232130,10:00205B38,11:00242518,12:00233BD0,13:0021DFB8,14:00224000,15:0020A4E0,16:0020FC88,17:0020F3E0,18:0021A1C8
func_L00_002125F0	shared	336	1a771e197ed46481	19	00:002125F0,01:00232BB0,02:002214B8,03:0020A9A8,04:00205B50,05:00240140,06:00229488,07:0023A3D8,08:00223E98,09:002321D0,10:00205BD8,11:002425B8,12:00233C70,13:0021E058,14:002240A0,15:0020A580,16:0020FD28,17:0020F480,18:0021A268
func_L00_00212740	shared	80	f1d21a3cf6ba713e	19	00:00212740,01:00232D00,02:00221608,03:0020AAF8,04:00205CA0,05:00240290,06:002295D8,07:0023A528,08:00223FE8,09:00232320,10:00205D28,11:00242708,12:00233DC0,13:0021E1A8,14:002241F0,15:0020A6D0,16:0020FE78,17:0020F5D0,18:0021A3B8
func_L00_00212790	shared	228	b56f6793335cee0f	19	00:00212790,01:00232D50,02:00221658,03:0020AB48,04:00205CF0,05:002402E0,06:00229628,07:0023A578,08:00224038,09:00232370,10:00205D78,11:00242758,12:00233E10,13:0021E1F8,14:00224240,15:0020A720,16:0020FF40,17:0020F620,18:0021A408
func_L00_00212878	shared	344	73160c1ab5ab8aec	19	00:00212878,01:00232E38,02:00221740,03:0020AC30,04:00205DD8,05:002403C8,06:00229710,07:0023A660,08:00224120,09:00232458,10:00205E60,11:00242840,12:00233EF8,13:0021E2E0,14:00224328,15:0020A808,16:00210028,17:0020F708,18:0021A4F0
func_L00_002129D0	shared	928	bd65aa796431b3c7	6	00:002129D0,04:00205F30,07:0023A7B8,09:002325B0,10:00205FB8,13:0021E438
func_L00_00212D70	shared	256	a59a91cc88a7eb73	19	00:00212D70,01:002332D8,02:00221BE0,03:0020B0D0,04:002062D0,05:00240868,06:00229BE8,07:0023AB58,08:002245C0,09:00232950,10:00206358,11:00242CE0,12:00234398,13:0021E7D8,14:002247C8,15:0020ACD8,16:002104C8,17:0020FBE0,18:0021A9C0
func_L00_00212E70	shared	2104	4b31d54ecdcda0c0	7	00:00212E70,04:002063D0,07:0023AC58,09:00232A50,10:00206458,13:0021E8D8,17:0020FCE0
func_L00_002136A8	shared	708	79a619f0634a6951	19	00:002136A8,01:00233BA0,02:002224F8,03:0020B998,04:00206C08,05:002411D8,06:0022A4B0,07:0023B490,08:00224E88,09:00233288,10:00206C90,11:002435A8,12:00234C48,13:0021F110,14:00225090,15:0020B5A0,16:00210DC0,17:00210518,18:0021B288
func_L00_00213970	shared	152	53e4a50f3d4fce41	19	00:00213970,01:00233E68,02:002227C0,03:0020BC60,04:00206ED0,05:002414A0,06:0022A778,07:0023B758,08:00225150,09:00233550,10:00206F58,11:00243870,12:00234F10,13:0021F3D8,14:00225358,15:0020B868,16:00211088,17:002107E0,18:0021B550
func_L00_00213A08	shared	84	ceafa723e65cc25b	19	00:00213A08,01:00233F00,02:00222858,03:0020BCF8,04:00206F68,05:00241538,06:0022A810,07:0023B7F0,08:002251E8,09:002335E8,10:00206FF0,11:00243908,12:00234FA8,13:0021F470,14:002253F0,15:0020B900,16:00211120,17:00210878,18:0021B5E8
func_L00_00213A60	shared	1020	fe02993ee650110f	9	00:00213A60,04:00206FC0,07:0023B848,08:00225240,09:00233640,10:00207048,13:0021F4C8,17:002108D0,18:0021B640
func_L00_00213E60	shared	212	1f9527629631dc5c	19	00:00213E60,01:00234320,02:00222C40,03:0020C118,04:002073C0,05:002419C8,06:0022AC28,07:0023BC48,08:00225640,09:00233A40,10:00207448,11:00243D28,12:002353C8,13:0021F8C8,14:00225808,15:0020BD20,16:002115D8,17:00210CD0,18:0021BA40
func_L00_00213F38	shared	1384	930b8664b5249fb5	11	00:00213F38,04:00207498,06:0022AD00,07:0023BD20,08:00225718,09:00233B18,10:00207520,13:0021F9A0,14:002258E0,17:00210DA8,18:0021BB18
func_L00_002144A0	shared	124	7c036f0eef61f00a	19	00:002144A0,01:002348F0,02:00223228,03:0020C700,04:00207A00,05:002420B0,06:0022B268,07:0023C288,08:00225C80,09:00234080,10:00207A88,11:00244310,12:002359B0,13:0021FF08,14:00225E48,15:0020C308,16:00211D38,17:00211310,18:0021C080
func_L00_00214520	shared	672	1e6aadaa7fc261c5	9	00:00214520,04:00207A80,07:0023C308,09:00234100,10:00207B08,12:00235A30,13:0021FF88,14:00225EC8,17:00211390
func_L00_002147C0	shared	1440	8437139bf47cbb5a	19	00:002147C0,01:00234C08,02:00223540,03:0020CA18,04:00207D20,05:002423C8,06:0022B580,07:0023C5A8,08:00225F98,09:002343A0,10:00207DA8,11:00244628,12:00235CD0,13:00220228,14:00226168,15:0020C620,16:00212050,17:00211630,18:0021C398
func_L00_00214D60	shared	2248	3a34fe40443c2267	7	00:00214D60,04:002082C0,07:0023CB48,09:00234940,10:00208348,13:002207C8,17:00211BD0
func_L00_00215628	shared	272	4483e367308005f6	19	00:00215628,01:00235888,02:00224258,03:0020D730,04:00208B88,05:002430E0,06:0022C318,07:0023D410,08:00226CB0,09:00235208,10:00208C10,11:00245340,12:00236AB8,13:00221090,14:00226F50,15:0020D338,16:00212D68,17:00212498,18:0021D0B0
func_L00_00215738	shared	852	81f42ad59735bc95	19	00:00215738,01:00235998,02:00224368,03:0020D840,04:00208C98,05:002431F0,06:0022C428,07:0023D520,08:00226DC0,09:00235318,10:00208D20,11:00245450,12:00236BC8,13:002211A0,14:00227060,15:0020D448,16:00212E78,17:002125A8,18:0021D1C0
func_L00_00215A90	shared	2084	a5402291b1816a6f	19	00:00215A90,01:00235CF0,02:002246C0,03:0020DB98,04:00208FF0,05:00243548,06:0022C780,07:0023D878,08:00227118,09:00235670,10:00209078,11:002457A8,12:00236F20,13:002214F8,14:002273B8,15:0020D7A0,16:002131D0,17:00212900,18:0021D518
func_L00_002162B8	shared	912	d66e05fdb7cfe75a	8	00:002162B8,04:00209818,06:0022CFA8,07:0023E0A0,09:00235E98,10:002098A0,13:00221D20,17:00213128
func_L00_00216648	shared	384	a9f9e8a523f2811a	19	00:00216648,01:00236518,02:00224EE8,03:0020E3C0,04:00209BA8,05:00243D70,06:0022D338,07:0023E430,08:00227940,09:00236228,10:00209C30,11:00245FD0,12:00237748,13:002220B0,14:00227BE0,15:0020DFC8,16:002139F8,17:002134B8,18:0021DD40
func_L00_002167C8	shared	172	b7a506379537c482	19	00:002167C8,01:00236698,02:00225068,03:0020E540,04:00209D28,05:00243EF0,06:0022D4B8,07:0023E5B0,08:00227AC0,09:002363A8,10:00209DB0,11:00246150,12:002378C8,13:00222230,14:00227D60,15:0020E148,16:00213B78,17:00213638,18:0021DEC0
func_L00_00216880	shared	704	0d413efde66b42f3	19	00:00216880,01:00236750,02:00225120,03:0020E5F8,04:00209DE0,05:00243FA8,06:0022D570,07:0023E668,08:00227B78,09:00236460,10:00209E68,11:00246208,12:00237980,13:002222E8,14:00227E18,15:0020E200,16:00213C30,17:002136F0,18:0021DF78
func_L00_00216B40	shared	512	569f2a0287633416	19	00:00216B40,01:00236A10,02:002253E0,03:0020E8B8,04:0020A0A0,05:00244268,06:0022D830,07:0023E928,08:00227E38,09:00236720,10:0020A128,11:002464C8,12:00237C40,13:002225A8,14:002280D8,15:0020E4C0,16:00213EF0,17:002139B0,18:0021E238
func_L00_00216D40	shared	344	221efc885bc1d8bc	19	00:00216D40,01:00236C10,02:002255E0,03:0020EAB8,04:0020A2A0,05:00244468,06:0022DA30,07:0023EB28,08:00228038,09:00236920,10:0020A328,11:002466C8,12:00237E40,13:002227A8,14:002282D8,15:0020E6C0,16:002140F0,17:00213BB0,18:0021E438
func_L00_00216E98	shared	188	a1a449c86623e04c	19	00:00216E98,01:00236D68,02:00225738,03:0020EC10,04:0020A3F8,05:002445C0,06:0022DB88,07:0023EC80,08:00228190,09:00236A78,10:0020A480,11:00246820,12:00237F98,13:00222900,14:00228430,15:0020E818,16:00214248,17:00213D08,18:0021E590
func_L00_00216F58	shared	1560	b2f5ed6151f8692a	9	00:00216F58,04:0020A4B8,07:0023ED40,09:00236B38,10:0020A540,12:00238058,13:002229C0,14:002284F0,17:00213DC8
func_L00_00217570	shared	92	1230b51b32e9252d	19	00:00217570,01:00236E28,02:002257F8,03:0020ECD0,04:0020AAD0,05:00244680,06:0022DC48,07:0023F358,08:00228250,09:00237150,10:0020AB58,11:002468E0,12:00238670,13:00222FD8,14:00228B08,15:0020E8D8,16:00214308,17:002143E0,18:0021E650
func_L00_002175D0	shared	116	0987efbe493acb0a	19	00:002175D0,01:00236E88,02:00225858,03:0020ED30,04:0020AB30,05:002446E0,06:0022DCA8,07:0023F3B8,08:002282B0,09:002371B0,10:0020ABB8,11:00246940,12:002386D0,13:00223038,14:00228B68,15:0020E938,16:00214368,17:00214440,18:0021E6B0
func_L00_00217648	shared	56	ea09b80af5019580	16	00:00217648,01:00236F00,03:0020EDA8,04:0020ABA8,05:00244758,07:0023F430,08:00228328,09:00237228,10:0020AC30,11:002469B8,12:00238748,13:002230B0,15:0020E9B0,16:002143E0,17:002144B8,18:0021E728
func_L00_00217680	shared	20	28946aac08744c57	16	00:00217680,01:00236F38,03:0020EDE0,04:0020ABE0,05:00244790,07:0023F468,08:00228360,09:00237260,10:0020AC68,11:002469F0,12:00238780,13:002230E8,15:0020E9E8,16:00214418,17:002144F0,18:0021E760
func_L00_00217698	shared	124	089ff43855ffc29e	19	00:00217698,01:00236F50,02:002258D8,03:0020EDF8,04:0020ABF8,05:002447A8,06:0022DD28,07:0023F480,08:00228378,09:00237278,10:0020AC80,11:00246A08,12:00238798,13:00223100,14:00228BE8,15:0020EA00,16:00214430,17:00214508,18:0021E778
func_L00_00217718	shared	392	c2e89211ed35c124	19	00:00217718,01:00236FD0,02:00225958,03:0020EE78,04:0020AC78,05:00244828,06:0022DDA8,07:0023F500,08:002283F8,09:002372F8,10:0020AD00,11:00246A88,12:00238818,13:00223180,14:00228C68,15:0020EA80,16:002144B0,17:00214588,18:0021E7F8
func_L00_002178A0	shared	588	394ce2dbc6b0fc1f	19	00:002178A0,01:00237158,02:00225AE0,03:0020F000,04:0020AE00,05:002449B0,06:0022DF30,07:0023F688,08:00228580,09:00237480,10:0020AE88,11:00246C10,12:002389A0,13:00223308,14:00228DF0,15:0020EC08,16:00214638,17:00214710,18:0021E980
func_L00_00217AF0	shared	228	47cbe5419f556ad2	19	00:00217AF0,01:002373A8,02:00225D30,03:0020F250,04:0020B050,05:00244C00,06:0022E180,07:0023F8D8,08:002287D0,09:002376D0,10:0020B0D8,11:00246E60,12:00238BF0,13:00223558,14:00229040,15:0020EE58,16:00214888,17:00214960,18:0021EBD0
func_L00_00217BD8	shared	520	abf29cd4330dff2c	12	00:00217BD8,02:00225E18,04:0020B138,05:00244CE8,06:0022E268,07:0023F9C0,09:002377B8,10:0020B1C0,13:00223640,15:0020EF40,17:00214A48,18:0021ECB8
func_L00_00217DE0	shared	792	d9acc9ee8aa5623b	19	00:00217DE0,01:00237490,02:00226020,03:0020F338,04:0020B340,05:00244EF0,06:0022E470,07:0023FBC8,08:002288B8,09:002379C0,10:0020B3C8,11:00246F48,12:00238CD8,13:00223848,14:00229128,15:0020F148,16:00214970,17:00214C50,18:0021EEC0
func_L00_002180F8	shared	39324	27487a2b4886c948	6	00:002180F8,04:0020B658,07:0023FEE0,09:00237CD8,10:0020B6E0,13:00223B60
func_L00_00221A98	shared	696	d1a72afe63dee96c	17	00:00221A98,01:0023CB48,02:0022ADE8,03:00215CE0,04:00214FF8,06:00234D80,07:00249880,08:002301D0,09:00241678,10:00215080,11:0024D1E8,12:0023F768,13:0022D500,14:0022F670,15:002162B0,17:0021DCB0,18:00227448
func_L00_00221D50	shared	1440	42a64ed2c7d672cd	6	00:00221D50,04:002152B0,07:00249B38,09:00241930,10:00215338,13:0022D7B8
func_L00_002222F0	shared	556	eb82f0527b075ce9	19	00:002222F0,01:0023D310,02:0022B5B0,03:002164A8,04:00215850,05:0024CDF0,06:00235578,07:0024A0D8,08:00230998,09:00241ED0,10:002158D8,11:0024D9B0,12:0023FF30,13:0022DD58,14:0022FE38,15:00216AB8,16:0021E1F8,17:0021E4A8,18:00227C50
func_L00_00222520	shared	92	a2bbd00d1bf115b9	19	00:00222520,01:0023D540,02:0022B7E0,03:002166D8,04:00215A80,05:0024D020,06:002357A8,07:0024A308,08:00230BC8,09:00242100,10:00215B08,11:0024DBE0,12:00240160,13:0022DF88,14:00230068,15:00216CE8,16:0021E428,17:0021E6D8,18:00227E80
func_L00_00222580	shared	228	469b986f29f504d2	19	00:00222580,01:0023D5A0,02:0022B840,03:00216738,04:00215AE0,05:0024D080,06:00235808,07:0024A368,08:00230C28,09:00242160,10:00215B68,11:0024DC40,12:002401C0,13:0022DFE8,14:002300C8,15:00216D48,16:0021E488,17:0021E738,18:00227EE0
func_L00_00222668	shared	628	3f7f479f6591fe73	18	00:00222668,02:0022B928,03:00216820,04:00215BC8,05:0024D168,06:002358F0,07:0024A450,08:00230D10,09:00242248,10:00215C50,11:0024DD28,12:002402A8,13:0022E0D0,14:002301B0,15:00216E30,16:0021E570,17:0021E820,18:00227FC8
func_L00_002228E0	shared	668	73be12d02a2745f3	18	00:002228E0,02:0022BBA0,03:00216A98,04:00215E40,05:0024D3E0,06:00235B68,07:0024A6C8,08:00230F88,09:002424C0,10:00215EC8,11:0024DFA0,12:00240520,13:0022E348,14:00230428,15:002170A8,16:0021E7E8,17:0021EA98,18:00228240
func_L00_00222B80	shared	21124	8a76d1bddc323550	6	00:00222B80,04:002160E0,07:0024A968,09:00242760,10:00216168,13:0022E5E8
func_L00_00227E08	shared	136	5ad50df47234db2a	6	00:00227E08,04:0021B368,07:0024FBF0,09:002479E8,10:0021B3F0,13:00233870
func_L00_00227E90	shared	180	4733517c1d6e7665	19	00:00227E90,01:00240D40,02:0022F250,03:0021A928,04:0021B3F0,05:00251AC0,06:00239D48,07:0024FC78,08:002353B0,09:00247A70,10:0021B478,11:00251CF0,12:002444A0,13:002338F8,14:00233EF8,15:0021B340,16:00223190,17:00223C40,18:0022CBF0
func_L00_00227F48	shared	564	db5624e98a32f220	16	00:00227F48,01:00240DF8,03:0021A9E0,04:0021B4A8,05:00251B78,07:0024FD30,08:00235468,09:00247B28,10:0021B530,11:00251DA8,12:00244558,13:002339B0,15:0021B3F8,16:00223248,17:00223CF8,18:0022CCA8
func_L00_00228180	shared	908	a5bf44f709b6fb54	14	00:00228180,01:00241030,03:0021AC18,04:0021B6E0,07:0024FF68,08:002356A0,09:00247D60,10:0021B768,11:00251FE0,12:00244790,13:00233BE8,15:0021B630,17:00223F30,18:0022CEE0
func_L00_00228510	shared	608	1bbca74466a714b1	19	00:00228510,01:002413C0,02:0022F308,03:0021AFA8,04:0021BA70,05:00252168,06:00239E00,07:002502F8,08:00235A30,09:002480F0,10:0021BAF8,11:00252370,12:00244B20,13:00233F78,14:00233FB0,15:0021B9C0,16:00223838,17:002242C0,18:0022D270
func_L00_00228770	shared	3028	b6b4eae7c6070a2b	8	00:00228770,03:0021B208,04:0021BCD0,07:00250558,09:00248350,10:0021BD58,13:002341D8,17:00224520
func_L00_00229348	shared	156	84f7236258fab3df	19	00:00229348,01:002420B0,02:00230128,03:0021BDE0,04:0021C8A8,05:002532C8,06:0023AC20,07:00251130,08:00236850,09:00248F28,10:0021C930,11:00253190,12:00245940,13:00234DB0,14:00234DD0,15:0021C7E0,16:00224998,17:002250F8,18:0022E090
func_L00_002293E8	shared	912	64e9738eb8b4db91	19	00:002293E8,01:00242150,02:002301C8,03:0021BE80,04:0021C948,05:00253368,06:0023ACC0,07:002511D0,08:002368F0,09:00248FC8,10:0021C9D0,11:00253230,12:002459E0,13:00234E50,14:00234E70,15:0021C880,16:00224A38,17:00225198,18:0022E130
func_L00_00229778	shared	104	f24090b7d25c1481	19	00:00229778,01:002424E0,02:00230558,03:0021C210,04:0021CCD8,05:002536F8,06:0023B050,07:00251560,08:00236C80,09:00249358,10:0021CD60,11:002535C0,12:00245D70,13:002351E0,14:00235200,15:0021CC10,16:00224DC8,17:00225528,18:0022E4C0
func_L00_002297E0	shared	920	212a97f908cb62f8	19	00:002297E0,01:00242548,02:002305C0,03:0021C278,04:0021CD40,05:00253760,06:0023B0B8,07:002515C8,08:00236CE8,09:002493C0,10:0021CDC8,11:00253628,12:00245DD8,13:00235248,14:00235268,15:0021CC78,16:00224E30,17:00225590,18:0022E528
func_L00_00229B78	shared	696	211f0a76ca55ea4a	9	00:00229B78,04:0021D0D8,07:00251960,09:00249758,10:0021D160,12:00246170,13:002355E0,14:00235600,17:00225928
func_L00_00229E30	shared	688	054bcee78ffd84b1	19	00:00229E30,01:00242B68,02:00230BE0,03:0021C898,04:0021D390,05:00253D80,06:0023B6D8,07:00251C18,08:00237308,09:00249A10,10:0021D418,11:00253C48,12:00246428,13:00235898,14:002358B8,15:0021D298,16:00225450,17:00225BE0,18:0022EB48
func_L00_0022A0E0	shared	388	2424d249da1bbea2	19	00:0022A0E0,01:00242E18,02:00230E90,03:0021CB48,04:0021D640,05:00255818,06:0023B988,07:00251EC8,08:002375B8,09:00249CC0,10:0021D6C8,11:00253EF8,12:002466D8,13:00235B48,14:00235B68,15:0021D548,16:00226EE8,17:00225E90,18:0022EDF8
func_L00_0022A268	shared	216	46f0925fddd110e7	19	00:0022A268,01:00242FA0,02:00231018,03:0021CCD0,04:0021D7C8,05:00256070,06:0023BB10,07:00252050,08:00237740,09:00249E48,10:0021D850,11:00254080,12:00246860,13:00235CD0,14:00235CF0,15:0021D6D0,16:00227740,17:00226018,18:0022EF80
func_L00_0022A340	shared	33312	468145dc30d06bbe	6	00:0022A340,04:0021D8A0,07:00252128,09:00249F20,10:0021D928,13:00235DA8
func_L00_00232560	shared	168	2ee24fae264d9450	19	00:00232560,01:00247BB0,02:00235A38,03:00221CD8,04:00225AC0,05:0025B908,06:002422F0,07:0025A348,08:0023D788,09:00252140,10:00225B48,11:00258F40,12:0024BD90,13:0023DFC8,14:0023B8A0,15:00223128,16:0022DF88,17:0022D8C0,18:00235B10
func_L00_00232608	shared	200	c66284287922f9cf	19	00:00232608,01:00247C58,02:00235AE0,03:00221D80,04:00225B68,05:0025B9B0,06:00242398,07:0025A3F0,08:0023D830,09:002521E8,10:00225BF0,11:00258FE8,12:0024BE38,13:0023E070,14:0023B948,15:002231D0,16:0022E030,17:0022D968,18:00235BB8
func_L00_002326D0	shared	380	47757f04fce8eb2a	19	00:002326D0,01:00247D20,02:00235BA8,03:00221E48,04:00225C30,05:0025BA78,06:00242460,07:0025A4B8,08:0023D8F8,09:002522B0,10:00225CB8,11:002590B0,12:0024BF00,13:0023E138,14:0023BA10,15:00223298,16:0022E0F8,17:0022DA30,18:00235C80
func_L00_00232850	shared	304	7193d9cbbe752097	19	00:00232850,01:00247EA0,02:00235D28,03:00221FC8,04:00225DB0,05:0025BBF8,06:002425E0,07:0025A638,08:0023DA78,09:00252430,10:00225E38,11:00259230,12:0024C080,13:0023E2B8,14:0023BB90,15:00223418,16:0022E278,17:0022DBB0,18:00235E00
func_L00_00232980	shared	128	5e6f37ab04655049	19	00:00232980,01:00247FD0,02:00235E58,03:002220F8,04:00225EE0,05:0025BD28,06:00242710,07:0025A768,08:0023DBA8,09:00252560,10:00225F68,11:00259360,12:0024C1B0,13:0023E3E8,14:0023BCC0,15:00223548,16:0022E3A8,17:0022DCE0,18:00235F30
func_L00_00232A18	shared	24	c21769e81a2d3b04	19	00:00232A18,01:00248068,02:00235EF0,03:00222190,04:00225F78,05:0025BDE8,06:002427A8,07:0025A800,08:0023DC40,09:002525F8,10:00226000,11:002593F8,12:0024C248,13:0023E480,14:0023BD58,15:002235E0,16:0022E468,17:0022DD78,18:00235FC8
func_L00_00232A30	shared	12	c45f4d96ac220dec	19	00:00232A30,01:00248080,02:00235F08,03:002221A8,04:00225F90,05:0025BE00,06:002427C0,07:0025A818,08:0023DC58,09:00252610,10:00226018,11:00259410,12:0024C260,13:0023E498,14:0023BD70,15:002235F8,16:0022E480,17:0022DD90,18:00235FE0
func_L00_00232A3C	shared	60	187e1fbe2bd2aef9	19	00:00232A3C,01:0024808C,02:00235F14,03:002221B4,04:00225F9C,05:0025BE0C,06:002427CC,07:0025A824,08:0023DC64,09:0025261C,10:00226024,11:0025941C,12:0024C26C,13:0023E4A4,14:0023BD7C,15:00223604,16:0022E48C,17:0022DD9C,18:00235FEC
func_L00_00232A78	shared	168	95271592ba3ec8ee	19	00:00232A78,01:002480C8,02:00235F50,03:002221F0,04:00225FD8,05:0025BE48,06:00242808,07:0025A860,08:0023DCA0,09:00252658,10:00226060,11:00259458,12:0024C2A8,13:0023E4E0,14:0023BDB8,15:00223640,16:0022E4C8,17:0022DDD8,18:00236028
func_L00_00232B20	shared	88	37cc3d07b344dc42	19	00:00232B20,01:00248170,02:00235FF8,03:00222298,04:00226080,05:0025BEF0,06:002428B0,07:0025A908,08:0023DD48,09:00252700,10:00226108,11:00259500,12:0024C350,13:0023E588,14:0023BE60,15:002236E8,16:0022E570,17:0022DE80,18:002360D0
func_L00_00232B78	shared	152	d57c2880c8b77510	19	00:00232B78,01:002481C8,02:00236050,03:002222F0,04:002260D8,05:0025BF48,06:00242908,07:0025A960,08:0023DDA0,09:00252758,10:00226160,11:00259558,12:0024C3A8,13:0023E5E0,14:0023BEB8,15:00223740,16:0022E5C8,17:0022DED8,18:00236128
func_L00_00232C10	shared	484	13e7d974a51a8014	19	00:00232C10,01:00248260,02:002360E8,03:00222388,04:00226170,05:0025BFE0,06:002429A0,07:0025A9F8,08:0023DE38,09:002527F0,10:002261F8,11:002595F0,12:0024C440,13:0023E678,14:0023BF50,15:002237D8,16:0022E660,17:0022DF70,18:002361C0
func_L00_00232DF8	shared	104	74adecb808cefa42	19	00:00232DF8,01:00248448,02:002362D0,03:00222570,04:00226358,05:0025C1C8,06:00242B88,07:0025ABE0,08:0023E020,09:002529D8,10:002263E0,11:002597D8,12:0024C628,13:0023E860,14:0023C138,15:002239C0,16:0022E848,17:0022E158,18:002363A8
func_L00_00232E60	shared	72	b193e3de32896c9e	19	00:00232E60,01:002484B0,02:00236338,03:002225D8,04:002263C0,05:0025C230,06:00242BF0,07:0025AC48,08:0023E088,09:00252A40,10:00226448,11:00259840,12:0024C690,13:0023E8C8,14:0023C1A0,15:00223A28,16:0022E8B0,17:0022E1C0,18:00236410
func_L00_00232EA8	shared	24	75911dd4861012f7	19	00:00232EA8,01:002484F8,02:00236380,03:00222620,04:00226408,05:0025C278,06:00242C38,07:0025AC90,08:0023E0D0,09:00252A88,10:00226490,11:00259888,12:0024C6D8,13:0023E910,14:0023C1E8,15:00223A70,16:0022E8F8,17:0022E208,18:00236458
func_L00_00232EC0	shared	48	0ec82eb486d65950	19	00:00232EC0,01:00248510,02:00236398,03:00222638,04:00226420,05:0025C290,06:00242C50,07:0025ACA8,08:0023E0E8,09:00252AA0,10:002264A8,11:002598A0,12:0024C6F0,13:0023E928,14:0023C200,15:00223A88,16:0022E910,17:0022E220,18:00236470
func_L00_00232EF0	shared	1312	a236430a1a6d8c13	19	00:00232EF0,01:00248540,02:002363C8,03:00222668,04:00226450,05:0025C2C0,06:00242C80,07:0025ACD8,08:0023E118,09:00252AD0,10:002264D8,11:002598D0,12:0024C720,13:0023E958,14:0023C230,15:00223AB8,16:0022E940,17:0022E250,18:002364A0
func_L00_00233410	shared	1112	3037c673fcf6df51	19	00:00233410,01:00248A60,02:002368E8,03:00222B88,04:00226970,05:0025C7E0,06:002431A0,07:0025B1F8,08:0023E638,09:00252FF0,10:002269F8,11:00259DF0,12:0024CC40,13:0023EE78,14:0023C750,15:00223FD8,16:0022EE60,17:0022E770,18:002369C0
func_L00_00233868	shared	232	2d229c9bbe5da73f	19	00:00233868,01:00248EB8,02:00236D40,03:00222FE0,04:00226DC8,05:0025CC38,06:002435F8,07:0025B650,08:0023EA90,09:00253448,10:00226E50,11:0025A248,12:0024D098,13:0023F2D0,14:0023CBA8,15:00224430,16:0022F2B8,17:0022EBC8,18:00236E18
func_L00_00233950	shared	316	a449802267cc35cb	19	00:00233950,01:00248FA0,02:00236E28,03:002230C8,04:00226EB0,05:0025CD20,06:002436E0,07:0025B738,08:0023EB78,09:00253530,10:00226F38,11:0025A330,12:0024D180,13:0023F3B8,14:0023CC90,15:00224518,16:0022F3A0,17:0022ECB0,18:00236F00
func_L00_00233A90	shared	56	186a3e2f31a3154d	8	00:00233A90,04:00226FF0,06:00243820,07:0025B878,09:00253670,10:00227078,13:0023F4F8,17:0022EDF0
func_L00_00233AC8	shared	56	4b19f85ebcdabeae	8	00:00233AC8,04:00227028,06:00243858,07:0025B8B0,09:002536A8,10:002270B0,13:0023F530,17:0022EE28
func_L00_00233B08	shared	68	c7598aaf19361eb6	19	00:00233B08,01:00249118,02:00236FA0,03:00223240,04:00227068,05:0025CE98,06:00243898,07:0025B8F0,08:0023ECF0,09:002536E8,10:002270F0,11:0025A4A8,12:0024D2F8,13:0023F570,14:0023CE08,15:00224690,16:0022F518,17:0022EE68,18:00237078
func_L00_00233B50	shared	368	4ec910fd00a87a9b	19	00:00233B50,01:00249160,02:00236FE8,03:00223288,04:002270B0,05:0025CEE0,06:002438E0,07:0025B938,08:0023ED38,09:00253730,10:00227138,11:0025A4F0,12:0024D340,13:0023F5B8,14:0023CE50,15:002246D8,16:0022F560,17:0022EEB0,18:002370C0
func_L00_00233CC0	shared	144	cb9e41f3056c4853	19	00:00233CC0,01:002492D0,02:00237158,03:002233F8,04:00227220,05:0025D050,06:00243A50,07:0025BAA8,08:0023EEA8,09:002538A0,10:002272A8,11:0025A660,12:0024D4B0,13:0023F728,14:0023CFC0,15:00224848,16:0022F6D0,17:0022F020,18:00237230
func_L00_00233D50	shared	244	796ea09b7f257a62	19	00:00233D50,01:00249360,02:002371E8,03:00223488,04:002272B0,05:0025D0E0,06:00243AE0,07:0025BB38,08:0023EF38,09:00253930,10:00227338,11:0025A6F0,12:0024D540,13:0023F7B8,14:0023D050,15:002248D8,16:0022F760,17:0022F0B0,18:002372C0
func_L00_00233E48	shared	152	7a5ac14ad359571a	19	00:00233E48,01:00249458,02:002372E0,03:00223580,04:002273A8,05:0025D1D8,06:00243BD8,07:0025BC30,08:0023F030,09:00253A28,10:00227430,11:0025A7E8,12:0024D638,13:0023F8B0,14:0023D148,15:002249D0,16:0022F858,17:0022F1A8,18:002373B8
func_L00_00233EE0	shared	132	d775110c58ca5160	19	00:00233EE0,01:002494F0,02:00237378,03:00223618,04:00227440,05:0025D270,06:00243C70,07:0025BCC8,08:0023F0C8,09:00253AC0,10:002274C8,11:0025A880,12:0024D6D0,13:0023F948,14:0023D1E0,15:00224A68,16:0022F8F0,17:0022F240,18:00237450
func_L00_00233F68	shared	28	2c16efe623906b80	19	00:00233F68,01:00249578,02:00237400,03:002236A0,04:002274C8,05:0025D2F8,06:00243CF8,07:0025BD50,08:0023F150,09:00253B48,10:00227550,11:0025A908,12:0024D758,13:0023F9D0,14:0023D268,15:00224AF0,16:0022F978,17:0022F2C8,18:002374D8
func_L00_00233F88	shared	264	ab49a3d83a121854	19	00:00233F88,01:00249598,02:00237420,03:002236C0,04:002274E8,05:0025D318,06:00243D18,07:0025BD70,08:0023F170,09:00253B68,10:00227570,11:0025A928,12:0024D778,13:0023F9F0,14:0023D288,15:00224B10,16:0022F998,17:0022F2E8,18:002374F8
func_L00_00234090	shared	188	f326fb879a476b1b	19	00:00234090,01:002496A0,02:00237528,03:002237C8,04:002275F0,05:0025D420,06:00243E20,07:0025BE78,08:0023F278,09:00253C70,10:00227678,11:0025AA30,12:0024D880,13:0023FAF8,14:0023D390,15:00224C18,16:0022FAA0,17:0022F3F0,18:00237600
func_L00_00234150	shared	252	4e296b801b50dfe3	19	00:00234150,01:00249760,02:002375E8,03:00223888,04:002276B0,05:0025D4E0,06:00243EE0,07:0025BF38,08:0023F338,09:00253D30,10:00227738,11:0025AAF0,12:0024D940,13:0023FBB8,14:0023D450,15:00224CD8,16:0022FB60,17:0022F4B0,18:002376C0
func_L00_00234250	shared	164	cce1c497367e8165	19	00:00234250,01:00249860,02:002376E8,03:00223988,04:002277B0,05:0025D5E0,06:00243FE0,07:0025C038,08:0023F438,09:00253E30,10:00227838,11:0025ABF0,12:0024DA40,13:0023FCB8,14:0023D550,15:00224DD8,16:0022FC60,17:0022F5B0,18:002377C0
func_L00_002342F8	shared	164	b53dcb7cd7f3d681	19	00:002342F8,01:00249908,02:00237790,03:00223A30,04:00227858,05:0025D688,06:00244088,07:0025C0E0,08:0023F4E0,09:00253ED8,10:002278E0,11:0025AC98,12:0024DAE8,13:0023FD60,14:0023D5F8,15:00224E80,16:0022FD08,17:0022F658,18:00237868
func_L00_002343A0	shared	128	2a1518e43e4c7130	19	00:002343A0,01:002499B0,02:00237838,03:00223AD8,04:00227900,05:0025D730,06:00244130,07:0025C188,08:0023F588,09:00253F80,10:00227988,11:0025AD40,12:0024DB90,13:0023FE08,14:0023D6A0,15:00224F28,16:0022FDB0,17:0022F700,18:00237910
func_L00_00234420	shared	140	fcc1f01b1af07651	19	00:00234420,01:00249A30,02:002378B8,03:00223B58,04:00227980,05:0025D7B0,06:002441B0,07:0025C208,08:0023F608,09:00254000,10:00227A08,11:0025ADC0,12:0024DC10,13:0023FE88,14:0023D720,15:00224FA8,16:0022FE30,17:0022F780,18:00237990
func_L00_002344B0	shared	256	66bb2326501d49db	19	00:002344B0,01:00249AC0,02:00237948,03:00223BE8,04:00227A10,05:0025D840,06:00244240,07:0025C298,08:0023F698,09:00254090,10:00227A98,11:0025AE50,12:0024DCA0,13:0023FF18,14:0023D7B0,15:00225038,16:0022FEC0,17:0022F810,18:00237A20
func_L00_002345B0	shared	136	a49de0b2f93dd22e	19	00:002345B0,01:00249BC0,02:00237A48,03:00223CE8,04:00227B10,05:0025D940,06:00244340,07:0025C398,08:0023F798,09:00254190,10:00227B98,11:0025AF50,12:0024DDA0,13:00240018,14:0023D8B0,15:00225138,16:0022FFC0,17:0022F910,18:00237B20
func_L00_00234638	shared	60	267c55686689c767	19	00:00234638,01:00249C48,02:00237AD0,03:00223D70,04:00227B98,05:0025D9C8,06:002443C8,07:0025C420,08:0023F820,09:00254218,10:00227C20,11:0025AFD8,12:0024DE28,13:002400A0,14:0023D938,15:002251C0,16:00230048,17:0022F998,18:00237BA8
func_L00_00234674	shared	64	01958470b018f6a6	19	00:00234674,01:00249C84,02:00237B0C,03:00223DAC,04:00227BD4,05:0025DA04,06:00244404,07:0025C45C,08:0023F85C,09:00254254,10:00227C5C,11:0025B014,12:0024DE64,13:002400DC,14:0023D974,15:002251FC,16:00230084,17:0022F9D4,18:00237BE4
func_L00_002346C0	shared	80	60013b121c087d1d	19	00:002346C0,01:00249CD0,02:00237B58,03:00223DF8,04:00227C20,05:0025DA50,06:00244450,07:0025C4A8,08:0023F8A8,09:002542A0,10:00227CA8,11:0025B060,12:0024DEB0,13:00240128,14:0023D9C0,15:00225248,16:002300D0,17:0022FA20,18:00237C30
func_L00_00234718	shared	72	a3342cb3619460d2	19	00:00234718,01:00249D28,02:00237BB0,03:00223E50,04:00227C78,05:0025DAA8,06:002444A8,07:0025C500,08:0023F900,09:002542F8,10:00227D00,11:0025B0B8,12:0024DF08,13:00240180,14:0023DA18,15:002252A0,16:00230128,17:0022FA78,18:00237C88
func_L00_00234768	shared	76	1af7099c2428d272	19	00:00234768,01:00249D78,02:00237C00,03:00223EA0,04:00227CC8,05:0025DAF8,06:002444F8,07:0025C550,08:0023F950,09:00254348,10:00227D50,11:0025B108,12:0024DF58,13:002401D0,14:0023DA68,15:002252F0,16:00230178,17:0022FAC8,18:00237CD8
func_L00_002347B8	shared	56	7b386d4f4ab24274	19	00:002347B8,01:00249DC8,02:00237C50,03:00223EF0,04:00227D18,05:0025DB48,06:00244548,07:0025C5A0,08:0023F9A0,09:00254398,10:00227DA0,11:0025B158,12:0024DFA8,13:00240220,14:0023DAB8,15:00225340,16:002301C8,17:0022FB18,18:00237D28
func_L00_00234800	shared	2104	23c925bb59a79e4e	19	00:00234800,01:00249E10,02:00237CF8,03:00223F38,04:00227D60,05:0025DB90,06:00244590,07:0025C5E8,08:0023F9E8,09:002543E0,10:00227DE8,11:0025B1A0,12:0024DFF0,13:00240268,14:0023DB00,15:00225388,16:00230210,17:0022FB60,18:00237D70
func_0023A5D8	exe	4	3d456ddb6ef9ecfd	19	00:00235038,01:0024A648,02:00238530,03:00224770,04:00228598,05:0025E3C8,06:00244DC8,07:0025CE20,08:00240220,09:00254C18,10:00228620,11:0025B9D8,12:0024E828,13:00240AA0,14:0023E338,15:00225BC0,16:00230A48,17:00230398,18:002385A8
func_L00_00235040	shared	68	f02f195437e9b0fa	19	00:00235040,01:0024A650,02:00238538,03:00224778,04:002285A0,05:0025E3D0,06:00244DD0,07:0025CE28,08:00240228,09:00254C20,10:00228628,11:0025B9E0,12:0024E830,13:00240AA8,14:0023E340,15:00225BC8,16:00230A50,17:002303A0,18:002385B0
func_L00_00235088	shared	584	aeb39b5d71c2c89d	19	00:00235088,01:0024A698,02:00238580,03:002247C0,04:002285E8,05:0025E418,06:00244E18,07:0025CE70,08:00240270,09:00254C68,10:00228670,11:0025BA28,12:0024E878,13:00240AF0,14:0023E388,15:00225C10,16:00230A98,17:002303E8,18:002385F8
func_L00_002352D0	shared	232	8b24a2b3cb6e4e97	19	00:002352D0,01:0024A8E0,02:002387C8,03:00224A08,04:00228830,05:0025E660,06:00245060,07:0025D0B8,08:002404B8,09:00254EB0,10:002288B8,11:0025BC70,12:0024EAC0,13:00240D38,14:0023E5D0,15:00225E58,16:00230CE0,17:00230630,18:00238840
func_L00_002353B8	shared	588	2d1dad7eb81bfd27	19	00:002353B8,01:0024A9C8,02:002388B0,03:00224AF0,04:00228918,05:0025E748,06:00245148,07:0025D1A0,08:002405A0,09:00254F98,10:002289A0,11:0025BD58,12:0024EBA8,13:00240E20,14:0023E6B8,15:00225F40,16:00230DC8,17:00230718,18:00238928
func_L00_00235608	shared	200	1a3d52dc9f1e2e02	19	00:00235608,01:0024AC18,02:00238B00,03:00224D40,04:00228B68,05:0025E998,06:00245398,07:0025D3F0,08:002407F0,09:002551E8,10:00228BF0,11:0025BFA8,12:0024EDF8,13:00241070,14:0023E908,15:00226190,16:00231018,17:00230968,18:00238B78
func_L00_002356D0	shared	188	66ed3a04a0a53add	19	00:002356D0,01:0024ACE0,02:00238BC8,03:00224E08,04:00228C30,05:0025EA60,06:00245460,07:0025D4B8,08:002408B8,09:002552B0,10:00228CB8,11:0025C070,12:0024EEC0,13:00241138,14:0023E9D0,15:00226258,16:002310E0,17:00230A30,18:00238C40
func_L00_00235790	shared	68	6505b7c1468f1d4a	19	00:00235790,01:0024ADA0,02:00238C88,03:00224EC8,04:00228CF0,05:0025EB20,06:00245520,07:0025D578,08:00240978,09:00255370,10:00228D78,11:0025C130,12:0024EF80,13:002411F8,14:0023EA90,15:00226318,16:002311A0,17:00230AF0,18:00238D00
func_001FF668	exe	76	32d85605d4fcda17	19	00:002357D8,01:0024ADE8,02:00238CD0,03:00224F10,04:00228D38,05:0025EB68,06:00245568,07:0025D5C0,08:002409C0,09:002553B8,10:00228DC0,11:0025C178,12:0024EFC8,13:00241240,14:0023EAD8,15:00226360,16:002311E8,17:00230B38,18:00238D48
func_001FF6B8	exe	308	54bd8c4204ad689d	19	00:00235828,01:0024AE38,02:00238D20,03:00224F60,04:00228D88,05:0025EBB8,06:002455B8,07:0025D610,08:00240A10,09:00255408,10:00228E10,11:0025C1C8,12:0024F018,13:00241290,14:0023EB28,15:002263B0,16:00231238,17:00230B88,18:00238D98
func_L00_00235960	shared	480	900d25c2ae48f324	19	00:00235960,01:0024AF70,02:00238E58,03:00225098,04:00228EC0,05:0025ECF0,06:002456F0,07:0025D748,08:00240B48,09:00255540,10:00228F48,11:0025C300,12:0024F150,13:002413C8,14:0023EC60,15:002264E8,16:00231370,17:00230CC0,18:00238ED0
func_001FF7F0	exe	352	6b2cb45641136bc6	19	00:00235B40,01:0024B150,02:00239038,03:00225278,04:002290A0,05:0025EED0,06:002458D0,07:0025D928,08:00240D28,09:00255720,10:00229128,11:0025C4E0,12:0024F330,13:002415A8,14:0023EE40,15:002266C8,16:00231550,17:00230EA0,18:002390B0
func_L00_00235CA0	shared	380	7ae8a07a92cd2698	19	00:00235CA0,01:0024B2B0,02:00239198,03:002253D8,04:00229200,05:0025F030,06:00245A30,07:0025DA88,08:00240E88,09:00255880,10:00229288,11:0025C640,12:0024F490,13:00241708,14:0023EFA0,15:00226828,16:002316B0,17:00231000,18:00239210
func_001FF958	exe	312	216fb832fe236c49	19	00:00235E20,01:0024B430,02:00239318,03:00225558,04:00229380,05:0025F1B0,06:00245BB0,07:0025DC08,08:00241008,09:00255A00,10:00229408,11:0025C7C0,12:0024F610,13:00241888,14:0023F120,15:002269A8,16:00231830,17:00231180,18:00239390
func_001FFA90	exe	40	c59ccdb9afee8635	19	00:00235F58,01:0024B568,02:00239450,03:00225690,04:002294B8,05:0025F2E8,06:00245CE8,07:0025DD40,08:00241140,09:00255B38,10:00229540,11:0025C8F8,12:0024F748,13:002419C0,14:0023F258,15:00226AE0,16:00231968,17:002312B8,18:002394C8
func_001FFAB8	exe	116	85f82f26ec69fd61	19	00:00235F80,01:0024B590,02:00239478,03:002256B8,04:002294E0,05:0025F310,06:00245D10,07:0025DD68,08:00241168,09:00255B60,10:00229568,11:0025C920,12:0024F770,13:002419E8,14:0023F280,15:00226B08,16:00231990,17:002312E0,18:002394F0
func_L00_00235FF8	shared	148	0bdee9e0920cb2cd	19	00:00235FF8,01:0024B608,02:002394F0,03:00225730,04:00229558,05:0025F388,06:00245D88,07:0025DDE0,08:002411E0,09:00255BD8,10:002295E0,11:0025C998,12:0024F7E8,13:00241A60,14:0023F2F8,15:00226B80,16:00231A08,17:00231358,18:00239568
func_001FFB38	exe	268	d17177a2f8d8c552	19	00:00236090,01:0024B6A0,02:00239588,03:002257C8,04:002295F0,05:0025F420,06:00245E20,07:0025DE78,08:00241278,09:00255C70,10:00229678,11:0025CA30,12:0024F880,13:00241AF8,14:0023F390,15:00226C18,16:00231AA0,17:002313F0,18:00239600
func_001FFC48	exe	104	2c56e238af3ca147	19	00:002361A0,01:0024B7B0,02:00239698,03:002258D8,04:00229700,05:0025F530,06:00245F30,07:0025DF88,08:00241388,09:00255D80,10:00229788,11:0025CB40,12:0024F990,13:00241C08,14:0023F4A0,15:00226D28,16:00231BB0,17:00231500,18:00239710
func_L00_00236208	shared	144	ea041ce0675d40e0	19	00:00236208,01:0024B818,02:00239700,03:00225940,04:00229768,05:0025F598,06:00245F98,07:0025DFF0,08:002413F0,09:00255DE8,10:002297F0,11:0025CBA8,12:0024F9F8,13:00241C70,14:0023F508,15:00226D90,16:00231C18,17:00231568,18:00239778
func_001FFCB0	exe	128	cc7c57d4d2c386a0	19	00:00236298,01:0024B8A8,02:00239790,03:002259D0,04:002297F8,05:0025F628,06:00246028,07:0025E080,08:00241480,09:00255E78,10:00229880,11:0025CC38,12:0024FA88,13:00241D00,14:0023F598,15:00226E20,16:00231CA8,17:002315F8,18:00239808
func_001FFD30	exe	104	7d5f02553932827d	19	00:00236318,01:0024B928,02:00239810,03:00225A50,04:00229878,05:0025F6A8,06:002460A8,07:0025E100,08:00241500,09:00255EF8,10:00229900,11:0025CCB8,12:0024FB08,13:00241D80,14:0023F618,15:00226EA0,16:00231D28,17:00231678,18:00239888
func_001FFDA0	exe	116	a2b51cc8aff0b3ad	19	00:00236388,01:0024B998,02:00239880,03:00225AC0,04:002298E8,05:0025F718,06:00246118,07:0025E170,08:00241570,09:00255F68,10:00229970,11:0025CD28,12:0024FB78,13:00241DF0,14:0023F688,15:00226F10,16:00231D98,17:002316E8,18:002398F8
func_L00_00236400	shared	104	12e8b1a18f4a78f3	19	00:00236400,01:0024BA10,02:002398F8,03:00225B38,04:00229960,05:0025F790,06:00246190,07:0025E1E8,08:002415E8,09:00255FE0,10:002299E8,11:0025CDA0,12:0024FBF0,13:00241E68,14:0023F700,15:00226F88,16:00231E10,17:00231760,18:00239970
func_L00_00236468	shared	420	dbc7f6bbd18429ec	19	00:00236468,01:0024BA78,02:00239960,03:00225BA0,04:002299C8,05:0025F7F8,06:002461F8,07:0025E250,08:00241650,09:00256048,10:00229A50,11:0025CE08,12:0024FC58,13:00241ED0,14:0023F768,15:00226FF0,16:00231E78,17:002317C8,18:002399D8
func_L00_00236610	shared	204	4b402980dac68a27	19	00:00236610,01:0024BC20,02:00239B08,03:00225D48,04:00229B70,05:0025F9A0,06:002463A0,07:0025E3F8,08:002417F8,09:002561F0,10:00229BF8,11:0025CFB0,12:0024FE00,13:00242078,14:0023F910,15:00227198,16:00232020,17:00231970,18:00239B80
func_L00_002366DC	shared	48	24f5695410d77742	19	00:002366DC,01:0024BCEC,02:00239BD4,03:00225E14,04:00229C3C,05:0025FA6C,06:0024646C,07:0025E4C4,08:002418C4,09:002562BC,10:00229CC4,11:0025D07C,12:0024FECC,13:00242144,14:0023F9DC,15:00227264,16:002320EC,17:00231A3C,18:00239C4C
func_L00_00236710	shared	64	534f387d6a556f35	19	00:00236710,01:0024BD20,02:00239C08,03:00225E48,04:00229C70,05:0025FAA0,06:002464A0,07:0025E4F8,08:002418F8,09:002562F0,10:00229CF8,11:0025D0B0,12:0024FF00,13:00242178,14:0023FA10,15:00227298,16:00232120,17:00231A70,18:00239C80
func_L00_00236750	shared	76	a12df422d1e50024	19	00:00236750,00:00237B20,01:0024BD60,01:0024D130,02:00239C48,02:0023A780,03:00225E88,03:00227258,04:00229CB0,04:0022B080,05:0025FAE0,05:00260EB0,06:002464E0,06:00247018,07:0025E538,07:0025F908,08:00241938,08:00242D08,09:00256330,09:00257700,10:00229D38,10:0022B108,11:0025D0F0,11:0025E4C0,12:0024FF40,12:00251310,13:002421B8,13:00243588,14:0023FA50,14:00240588,15:002272D8,15:002286A8,16:00232160,16:00233530,17:00231AB0,17:00232E80,18:00239CC0,18:0023B090
func_L00_002367A8	shared	128	ee240847586dc2c9	19	00:002367A8,01:0024BDB8,02:00239CA0,03:00225EE0,04:00229D08,05:0025FB38,06:00246538,07:0025E590,08:00241990,09:00256388,10:00229D90,11:0025D148,12:0024FF98,13:00242210,14:0023FAA8,15:00227330,16:002321B8,17:00231B08,18:00239D18
func_L00_00236830	shared	644	0a976f7cf7c6a646	19	00:00236830,01:0024BE40,02:00239D28,03:00225F68,04:00229D90,05:0025FBC0,06:002465C0,07:0025E618,08:00241A18,09:00256410,10:00229E18,11:0025D1D0,12:00250020,13:00242298,14:0023FB30,15:002273B8,16:00232240,17:00231B90,18:00239DA0
func_L00_00236AB8	shared	308	e7688e36d2a926f6	19	00:00236AB8,01:0024C0C8,02:00239FB0,03:002261F0,04:0022A018,05:0025FE48,06:00246848,07:0025E8A0,08:00241CA0,09:00256698,10:0022A0A0,11:0025D458,12:002502A8,13:00242520,14:0023FDB8,15:00227640,16:002324C8,17:00231E18,18:0023A028
func_L00_00236BF8	shared	492	2978dc5cd45f0575	19	00:00236BF8,00:002374A0,01:0024C208,01:0024CAB0,02:0023A100,03:00226330,03:00226BD8,04:0022A158,04:0022AA00,05:0025FF88,05:00260830,06:00246998,07:0025E9E0,07:0025F288,08:00241DE0,08:00242688,09:002567D8,09:00257080,10:0022A1E0,10:0022AA88,11:0025D598,11:0025DE40,12:002503E8,12:00250C90,13:00242660,13:00242F08,14:0023FF08,15:00227780,15:00228028,16:00232608,16:00232EB0,17:00231F58,17:00232800,18:0023A168,18:0023AA10
func_L00_00236DE8	shared	332	343c4055f53b8786	19	00:00236DE8,00:00237690,01:0024C3F8,01:0024CCA0,02:0023A2F0,03:00226520,03:00226DC8,04:0022A348,04:0022ABF0,05:00260178,05:00260A20,06:00246B88,07:0025EBD0,07:0025F478,08:00241FD0,08:00242878,09:002569C8,09:00257270,10:0022A3D0,10:0022AC78,11:0025D788,11:0025E030,12:002505D8,12:00250E80,13:00242850,13:002430F8,14:002400F8,15:00227970,15:00228218,16:002327F8,16:002330A0,17:00232148,17:002329F0,18:0023A358,18:0023AC00
func_L00_00236F38	shared	1384	af4a58caf91feeb3	16	00:00236F38,01:0024C548,03:00226670,04:0022A498,05:002602C8,07:0025ED20,08:00242120,09:00256B18,10:0022A520,11:0025D8D8,12:00250728,13:002429A0,15:00227AC0,16:00232948,17:00232298,18:0023A4A8
func_L00_002377E0	shared	832	99fdcd4623e9f523	19	00:002377E0,01:0024CDF0,02:0023A440,03:00226F18,04:0022AD40,05:00260B70,06:00246CD8,07:0025F5C8,08:002429C8,09:002573C0,10:0022ADC8,11:0025E180,12:00250FD0,13:00243248,14:00240248,15:00228368,16:002331F0,17:00232B40,18:0023AD50
func_L00_00237B70	shared	28	81d8f775af31cf46	19	00:00237B70,00:00238128,00:0025B458,00:002DCD18,00:002ED060,01:0024D180,01:0024D738,01:002702D0,01:002BA878,01:003054B0,01:003193E0,02:0023A7D0,02:0023AD88,02:0025DA60,02:002E7910,02:002FB018,03:002272A8,03:00227860,03:00249E48,03:002D7F68,03:002E9D08,03:002E9D28,03:002EBCA0,04:0022B0D0,04:0022B688,04:0024E408,04:002DEFD8,04:002EED00,04:002EED20,04:002F0CF8,05:00260F00,05:002614B8,05:00285708,05:00312808,05:00329960,06:00247068,06:00247620,06:0026A238,06:002ED900,06:003150C0,07:0025F958,07:0025FF10,07:00283E38,07:003087B0,07:00328930,08:00242D58,08:00243310,08:00265900,08:002FEAA8,08:00315ED0,09:00257750,09:00257D08,09:0027AE50,09:002FE0C8,09:00314B30,10:0022B158,10:0022B710,10:0024DEC8,10:002D18C8,10:002F53A8,11:0025E510,11:0025EAC8,11:002812A8,11:00305ED0,11:00317740,11:0031A610,11:003283D0,12:00251360,12:00251918,12:002742C8,12:002FD0A8,12:003151A0,13:002435D8,13:00243B90,13:00267440,13:002FFD40,13:00317570,14:002405D8,14:00240B90,14:00263880,14:002F9250,14:00313B38,15:002286F8,15:00228CB0,15:0024ACD0,15:002E1C00,15:002F72A0,16:00233580,16:00233B38,16:00256CF8,16:002CC9C8,16:002D1400,16:002DB630,16:002F43D0,17:00232ED0,17:00233488,17:00255DC0,17:002DF588,17:00300F48,18:0023B0E0,18:0023B698,18:0025D728,18:002D7620,18:002E6FE8,18:00305CA8
func_L00_00237B90	shared	1300	71bef4205e028105	19	00:00237B90,01:0024D1A0,02:0023A7F0,03:002272C8,04:0022B0F0,05:00260F20,06:00247088,07:0025F978,08:00242D78,09:00257770,10:0022B178,11:0025E530,12:00251380,13:002435F8,14:002405F8,15:00228718,16:002335A0,17:00232EF0,18:0023B100
func_001FFE88	exe	128	59783e5e9c887c92	19	00:002380A8,01:0024D6B8,02:0023AD08,03:002277E0,04:0022B608,05:00261438,06:002475A0,07:0025FE90,08:00243290,09:00257C88,10:0022B690,11:0025EA48,12:00251898,13:00243B10,14:00240B10,15:00228C30,16:00233AB8,17:00233408,18:0023B618
func_L00_00238148	shared	132	73fde04484f67215	19	00:00238148,01:0024D758,02:0023ADA8,03:00227880,04:0022B6A8,05:002614D8,06:00247640,07:0025FF30,08:00243330,09:00257D28,10:0022B730,11:0025EAE8,12:00251938,13:00243BB0,14:00240BB0,15:00228CD0,16:00233B58,17:002334A8,18:0023B6B8
func_L00_002381D0	shared	680	c0df5571a7d9995a	19	00:002381D0,01:0024D7E0,02:0023AE30,03:00227908,04:0022B730,05:00261560,06:002476C8,07:0025FFB8,08:002433B8,09:00257DB0,10:0022B7B8,11:0025EB70,12:002519C0,13:00243C38,14:00240C38,15:00228D58,16:00233BE0,17:00233530,18:0023B740
func_L00_00238478	shared	184	e93b934053e430ce	19	00:00238478,01:0024DA88,02:0023B0D8,03:00227BB0,04:0022B9D8,05:00261808,06:00247970,07:00260260,08:00243660,09:00258058,10:0022BA60,11:0025EE18,12:00251C68,13:00243EE0,14:00240EE0,15:00229000,16:00233E88,17:002337D8,18:0023B9E8
func_L00_00238530	shared	1788	a84a59c74b8d736b	19	00:00238530,01:0024DB40,02:0023B190,03:00227C68,04:0022BA90,05:002618C0,06:00247A28,07:00260318,08:00243718,09:00258110,10:0022BB18,11:0025EED0,12:00251D20,13:00243F98,14:00240F98,15:002290B8,16:00233F40,17:00233890,18:0023BAA0
func_L00_00238C30	shared	2164	8e003fe9ba91a919	19	00:00238C30,01:0024E240,02:0023B890,03:00228368,04:0022C190,05:00261FC0,06:00248128,07:00260A18,08:00243E18,09:00258810,10:0022C218,11:0025F5D0,12:00252420,13:00244698,14:00241698,15:002297B8,16:00234640,17:00233F90,18:0023C1A0
func_L00_002394A8	shared	104	11f1623ace5af062	8	00:002394A8,04:0022CA08,06:002489A0,07:00261290,09:00259088,10:0022CA90,13:00244F10,17:00234808
func_L00_00239510	shared	1028	c76d85880188f38b	8	00:00239510,04:0022CA70,06:00248A08,07:002612F8,09:002590F0,10:0022CAF8,13:00244F78,17:00234870
func_L00_00239918	shared	1576	8859da215f80bd6b	8	00:00239918,04:0022CE78,06:00248E10,07:00261700,09:002594F8,10:0022CF00,13:00245380,17:00234C78
func_L00_00239F40	shared	128	a7c13073b6768146	19	00:00239F40,01:0024EAC0,02:0023C110,03:00228BE8,04:0022D4A0,05:00262840,06:00249438,07:00261D28,08:00244698,09:00259B20,10:0022D528,11:0025FE50,12:00252CA0,13:002459A8,14:00241F18,15:0022A038,16:00234EC0,17:002352A0,18:0023CA20
func_L00_00239FC0	shared	480	765d2b404cec4a7f	19	00:00239FC0,01:0024EB40,02:0023C190,03:00228C68,04:0022D520,05:002628C0,06:002494B8,07:00261DA8,08:00244718,09:00259BA0,10:0022D5A8,11:0025FED0,12:00252D20,13:00245A28,14:00241F98,15:0022A0B8,16:00234F40,17:00235320,18:0023CAA0
func_L00_0023A1A0	shared	1208	7e66bc8b6ba9e8a8	19	00:0023A1A0,01:0024ED20,02:0023C370,03:00228E48,04:0022D700,05:00262AA0,06:00249698,07:00261F88,08:002448F8,09:00259D80,10:0022D788,11:002600B0,12:00252F00,13:00245C08,14:00242178,15:0022A298,16:00235120,17:00235500,18:0023CC80
func_L00_0023A658	shared	56	4d3926b7dfa806a0	19	00:0023A658,01:0024F1D8,02:0023C828,03:00229300,04:0022DBB8,05:00262F58,06:00249B50,07:00262440,08:00244DB0,09:0025A238,10:0022DC40,11:00260568,12:002533B8,13:002460C0,14:00242630,15:0022A750,16:002355D8,17:002359B8,18:0023D138
func_L00_0023A690	shared	248	b12b77a43c2a0b44	19	00:0023A690,01:0024F210,02:0023C860,03:00229338,04:0022DBF0,05:00262F90,06:00249B88,07:00262478,08:00244DE8,09:0025A270,10:0022DC78,11:002605A0,12:002533F0,13:002460F8,14:00242668,15:0022A788,16:00235610,17:002359F0,18:0023D170
func_L00_0023A788	shared	1020	3246235d09a37bc3	19	00:0023A788,01:0024F308,02:0023C958,03:00229430,04:0022DCE8,05:00263088,06:00249C80,07:00262570,08:00244EE0,09:0025A368,10:0022DD70,11:00260698,12:002534E8,13:002461F0,14:00242760,15:0022A880,16:00235708,17:00235AE8,18:0023D268
func_L00_0023AB88	shared	36	6a207e45d4953f5b	13	00:0023AB88,01:0024F708,02:0023CD58,03:00229830,04:0022E0E8,08:002452E0,09:0025A768,10:0022E170,11:00260A98,12:002538E8,14:00242B60,15:0022AC80,17:00235EE8
func_L00_0023ABB0	shared	180	4e6c9a625015bfab	19	00:0023ABB0,01:0024F730,02:0023CD80,03:00229858,04:0022E110,05:00263FA8,06:0024A430,07:00262D20,08:00245308,09:0025A790,10:0022E198,11:00260AC0,12:00253910,13:002469A0,14:00242B88,15:0022ACA8,16:00236628,17:00235F10,18:0023DA18
func_L00_0023AC68	shared	880	dbdcc0ce1b737e22	19	00:0023AC68,01:0024F7E8,02:0023CE38,03:00229910,04:0022E1C8,05:00264060,06:0024A4E8,07:00262DD8,08:002453C0,09:0025A848,10:0022E250,11:00260B78,12:002539C8,13:00246A58,14:00242C40,15:0022AD60,16:002366E0,17:00235FC8,18:0023DAD0
func_L00_0023AFD8	shared	284	872705baf7960915	19	00:0023AFD8,01:0024FB58,02:0023D1A8,03:00229C80,04:0022E538,05:002643D0,06:0024A858,07:00263148,08:00245730,09:0025ABB8,10:0022E5C0,11:00260EE8,12:00253D38,13:00246DC8,14:00242FB0,15:0022B0D0,16:00236A50,17:00236338,18:0023DE40
func_L00_0023B0F8	shared	68	e17ea6a48c5eadbb	19	00:0023B0F8,01:0024FC78,02:0023D2C8,03:00229DA0,04:0022E658,05:002644F0,06:0024A978,07:00263268,08:00245850,09:0025ACD8,10:0022E6E0,11:00261008,12:00253E58,13:00246EE8,14:002430D0,15:0022B1F0,16:00236B70,17:00236458,18:0023DF60
func_L00_0023B140	shared	748	43b4b3a183d0a6d1	19	00:0023B140,01:0024FCC0,02:0023D310,03:00229DE8,04:0022E6A0,05:00264538,06:0024A9C0,07:002632B0,08:00245898,09:0025AD20,10:0022E728,11:00261050,12:00253EA0,13:00246F30,14:00243118,15:0022B238,16:00236BB8,17:002364A0,18:0023DFA8
func_L00_0023B430	shared	12	e14e8ce064c6c201	18	00:0023B430,01:0024FFB0,03:0022A0D8,04:0022E990,05:00264828,06:0024ACB0,07:002635A0,08:00245B88,09:0025B010,10:0022EA18,11:00261340,12:00254190,13:00247220,14:00243408,15:0022B528,16:00236EA8,17:00236790,18:0023E298
func_L00_0023B440	shared	464	73cd488f4fca32bd	19	00:0023B440,01:0024FFC0,02:0023DAC0,03:0022A0E8,04:0022E9A0,05:00264838,06:0024ACC0,07:002635B0,08:00245B98,09:0025B020,10:0022EA28,11:00261350,12:002541A0,13:00247230,14:00243418,15:0022B538,16:00236EB8,17:002367A0,18:0023E2A8
func_L00_0023B610	shared	316	3cdc8c9b027d2eab	19	00:0023B610,01:00250190,02:0023DC90,03:0022A2B8,04:0022EB70,05:00264A08,06:0024AE90,07:00263780,08:00245D68,09:0025B1F0,10:0022EBF8,11:00261520,12:00254370,13:00247400,14:002435E8,15:0022B708,16:00237088,17:00236970,18:0023E478
func_L00_0023B750	shared	316	6b6d3cff28cb543d	19	00:0023B750,01:002502D0,02:0023DDD0,03:0022A3F8,04:0022ECB0,05:00264B48,06:0024AFD0,07:002638C0,08:00245EA8,09:0025B330,10:0022ED38,11:00261660,12:002544B0,13:00247540,14:00243728,15:0022B848,16:002371C8,17:00236AB0,18:0023E5B8
func_L00_0023B890	shared	56	6fa8fa20c412476c	19	00:0023B890,01:00250410,02:0023DF10,03:0022A538,04:0022EDF0,05:00264CD8,06:0024B110,07:00263A00,08:00245FE8,09:0025B470,10:0022EE78,11:002617A0,12:002545F0,13:00247680,14:00243868,15:0022B988,16:00237358,17:00236BF0,18:0023E6F8
func_001FFFA0	exe	24	728863f234f6de45	19	00:0023B8C8,01:00250448,02:0023DF48,03:0022A570,04:0022EE28,05:00264D10,06:0024B148,07:00263A38,08:00246020,09:0025B4A8,10:0022EEB0,11:002617D8,12:00254628,13:002476B8,14:002438A0,15:0022B9C0,16:00237390,17:00236C28,18:0023E730
func_001FFFB8	exe	468	1fc6b172dca119cf	19	00:0023B8E0,01:00250460,02:0023DF60,03:0022A588,04:0022EE40,05:00264D28,06:0024B160,07:00263A50,08:00246038,09:0025B4C0,10:0022EEC8,11:002617F0,12:00254640,13:002476D0,14:002438B8,15:0022B9D8,16:002373A8,17:00236C40,18:0023E748
func_L00_0023BAB8	shared	228	dd603984b45194ae	19	00:0023BAB8,01:00250638,02:0023E138,03:0022A760,04:0022F018,05:00264F00,06:0024B338,07:00263C28,08:00246210,09:0025B698,10:0022F0A0,11:002619C8,12:00254818,13:002478A8,14:00243A90,15:0022BBB0,16:00237580,17:00236E18,18:0023E920
func_00200198	exe	172	582066d62b3744be	19	00:0023BBA0,01:00250720,02:0023E220,03:0022A848,04:0022F100,05:00264FE8,06:0024B420,07:00263D10,08:002462F8,09:0025B780,10:0022F188,11:00261AB0,12:00254900,13:00247990,14:00243B78,15:0022BC98,16:00237668,17:00236F00,18:0023EA08
func_00200248	exe	544	0e0aa8eb49177067	19	00:0023BC50,01:002507D0,02:0023E2D0,03:0022A8F8,04:0022F1B0,05:00265098,06:0024B4D0,07:00263DC0,08:002463A8,09:0025B830,10:0022F238,11:00261B60,12:002549B0,13:00247A40,14:00243C28,15:0022BD48,16:00237718,17:00236FB0,18:0023EAB8
func_00200468	exe	488	6ff465855316a5cc	19	00:0023BE70,01:002509F0,02:0023E4F0,03:0022AB18,04:0022F3D0,05:002652B8,06:0024B6F0,07:00263FE0,08:002465C8,09:0025BA50,10:0022F458,11:00261D80,12:00254BD0,13:00247C60,14:00243E48,15:0022BF68,16:00237938,17:002371D0,18:0023ECD8
func_L00_0023C058	shared	416	adbbb0ccb2eec314	19	00:0023C058,01:00250BD8,02:0023E6D8,03:0022AD00,04:0022F5B8,05:002654A0,06:0024B8D8,07:002641C8,08:002467B0,09:0025BC38,10:0022F640,11:00261F68,12:00254DB8,13:00247E48,14:00244030,15:0022C150,16:00237B20,17:002373B8,18:0023EEC0
func_00200650	exe	604	1484df761cfc2d18	19	00:0023C1F8,01:00250D78,02:0023E878,03:0022AEA0,04:0022F758,05:00265640,06:0024BA78,07:00264368,08:00246950,09:0025BDD8,10:0022F7E0,11:00262108,12:00254F58,13:00247FE8,14:002441D0,15:0022C2F0,16:00237CC0,17:00237558,18:0023F060
func_L00_0023C458	shared	604	9c84cb5521e40a75	19	00:0023C458,01:00250FD8,02:0023EAD8,03:0022B100,04:0022F9B8,05:002658A0,06:0024BCD8,07:002645C8,08:00246BB0,09:0025C038,10:0022FA40,11:00262368,12:002551B8,13:00248248,14:00244430,15:0022C550,16:00237F20,17:002377B8,18:0023F2C0
func_002008B8	exe	472	3c0a6d8e96adae56	19	00:0023C6B8,01:00251238,02:0023ED38,03:0022B360,04:0022FC18,05:00265B00,06:0024BF38,07:00264828,08:00246E10,09:0025C298,10:0022FCA0,11:002625C8,12:00255418,13:002484A8,14:00244690,15:0022C7B0,16:00238180,17:00237A18,18:0023F520
func_00200A90	exe	528	75c26cd341478eeb	19	00:0023C890,01:00251410,02:0023EF10,03:0022B538,04:0022FDF0,05:00265CD8,06:0024C110,07:00264A00,08:00246FE8,09:0025C470,10:0022FE78,11:002627A0,12:002555F0,13:00248680,14:00244868,15:0022C988,16:00238358,17:00237BF0,18:0023F6F8
func_00200CA0	exe	404	334a790c4f18a8cd	19	00:0023CAA0,01:00251620,02:0023F120,03:0022B748,04:00230000,05:00265EE8,06:0024C320,07:00264C10,08:002471F8,09:0025C680,10:00230088,11:002629B0,12:00255800,13:00248890,14:00244A78,15:0022CB98,16:00238568,17:00237E00,18:0023F908
func_00200E38	exe	852	f271f28fdebcc389	19	00:0023CC38,01:002517B8,02:0023F2B8,03:0022B8E0,04:00230198,05:00266080,06:0024C4B8,07:00264DA8,08:00247390,09:0025C818,10:00230220,11:00262B48,12:00255998,13:00248A28,14:00244C10,15:0022CD30,16:00238700,17:00237F98,18:0023FAA0
func_00201190	exe	440	7231a96b067a70a0	19	00:0023CF90,01:00251B10,02:0023F610,03:0022BC38,04:002304F0,05:002663D8,06:0024C810,07:00265100,08:002476E8,09:0025CB70,10:00230578,11:00262EA0,12:00255CF0,13:00248D80,14:00244F68,15:0022D088,16:00238A58,17:002382F0,18:0023FDF8
func_00201348	exe	368	40f54d6c08d35ec2	19	00:0023D148,01:00251CC8,02:0023F7C8,03:0022BDF0,04:002306A8,05:00266590,06:0024C9C8,07:002652B8,08:002478A0,09:0025CD28,10:00230730,11:00263058,12:00255EA8,13:00248F38,14:00245120,15:0022D240,16:00238C10,17:002384A8,18:0023FFB0
func_002014B8	exe	388	7a26df77fd8d2119	19	00:0023D2B8,00:0023D440,01:00251E38,01:00251FC0,02:0023F938,02:0023FAC0,03:0022BF60,03:0022C0E8,04:00230818,04:002309A0,05:00266700,05:00266888,06:0024CB38,06:0024CCC0,07:00265428,07:002655B0,08:00247A10,08:00247B98,09:0025CE98,09:0025D020,10:002308A0,10:00230A28,11:002631C8,11:00263350,12:00256018,12:002561A0,13:002490A8,13:00249230,14:00245290,14:00245418,15:0022D3B0,15:0022D538,16:00238D80,16:00238F08,17:00238618,17:002387A0,18:00240120,18:002402A8
func_002017C8	exe	384	e94137d6c9fd0df6	19	00:0023D5C8,01:00252148,02:0023FC48,03:0022C270,04:00230B28,05:00266A10,06:0024CE48,07:00265738,08:00247D20,09:0025D1A8,10:00230BB0,11:002634D8,12:00256328,13:002493B8,14:002455A0,15:0022D6C0,16:00239090,17:00238928,18:00240430
func_L00_0023D750	shared	228	b7033b293c46d093	19	00:0023D750,01:002522D0,02:0023FDD0,03:0022C3F8,04:00230CB0,05:00266C28,06:0024CFD0,07:002658C0,08:00247EA8,09:0025D330,10:00230D38,11:00263660,12:002564B0,13:00249540,14:00245728,15:0022D848,16:002392A8,17:00238AB0,18:002405B8
func_L00_0023D838	shared	4	bd1b9e5325908779	19	00:0023D838,00:00275CE0,00:00284618,01:002523B8,01:0028AEA0,01:0029A300,02:0023DAB8,02:0023FEB8,02:00264720,02:00276FE8,02:00285A80,03:0022C4E0,03:00250F88,03:00263ED8,03:002731A0,03:002ECEC0,04:00230D98,04:00255678,04:002685B0,04:00277878,05:0029FD68,05:002AE8C8,06:0024D0B8,06:002848E0,06:00293378,07:002659A8,07:0029E200,07:002ACF68,08:00247F90,08:0026CE48,08:0027FED8,08:0028EC90,08:002E64F8,09:0025D418,09:00282228,09:002945D0,09:002A3338,10:00230E20,10:00268B10,10:00277448,11:00263748,11:0029AE28,11:002A98C0,12:00256598,12:0027B408,12:0028E428,12:0029D1F0,13:00249628,13:0026E7A0,13:002817E0,13:002906A8,14:00245810,14:0027D920,14:0028CD58,15:0022D930,15:00274200,16:0025E018,16:00270E28,16:0027F828,17:00238B98,17:0025D0E0,17:0027E6F0,18:002406A0,18:00277BA8,18:00286510
func_00201960	exe	216	ce23432b445d8688	19	00:0023D840,01:002523C0,02:0023FEC0,03:0022C4E8,04:00230DA0,05:002673F0,06:0024D0C0,07:002659B0,08:00247F98,09:0025D420,10:00230E28,11:00263750,12:002565A0,13:00249630,14:00245818,15:0022D938,16:00239A70,17:00238BA0,18:002406A8
func_00201A38	exe	168	deaa0959caa72ac5	19	00:0023D918,01:00252498,02:0023FF98,03:0022C5C0,04:00230E78,05:002674C8,06:0024D198,07:00265A88,08:00248070,09:0025D4F8,10:00230F00,11:00263828,12:00256678,13:00249708,14:002458F0,15:0022DA10,16:00239B48,17:00238C78,18:00240780
func_L00_0023D9C0	shared	364	ef087461cf93954d	19	00:0023D9C0,01:00252540,02:00240040,03:0022C668,04:00230F20,05:00267570,06:0024D240,07:00265B30,08:00248118,09:0025D5A0,10:00230FA8,11:002638D0,12:00256720,13:002497B0,14:00245998,15:0022DAB8,16:00239BF0,17:00238D20,18:00240828
func_L00_0023DB30	shared	572	7e3a7649d2b3b597	19	00:0023DB30,01:002526B0,02:002401B0,03:0022C7D8,04:00231090,05:002676E0,06:0024D3B0,07:00265CA0,08:00248288,09:0025D710,10:00231118,11:00263A40,12:00256890,13:00249920,14:00245B08,15:0022DC28,16:00239D60,17:00238E90,18:00240998
func_L00_0023DD70	shared	136	6db1ac3760ac66ef	19	00:0023DD70,01:002528F0,02:002403F0,03:0022CA18,04:002312D0,05:00267920,06:0024D5F0,07:00265EE0,08:002484C8,09:0025D950,10:00231358,11:00263C80,12:00256AD0,13:00249B60,14:00245D48,15:0022DE68,16:00239FA0,17:002390D0,18:00240BD8
func_00201D58	exe	180	7a98083a940520c3	19	00:0023DE00,01:00252980,02:00240480,03:0022CAA8,04:00231360,05:002679B0,06:0024D680,07:00265F70,08:00248558,09:0025D9E0,10:002313E8,11:00263D10,12:00256B60,13:00249BF0,14:00245DD8,15:0022DEF8,16:0023A030,17:00239160,18:00240C68
func_00201E10	exe	120	322af05852a55242	19	00:0023DEB8,01:00252A38,02:00240538,03:0022CB60,04:00231418,05:00267A68,06:0024D738,07:00266028,08:00248610,09:0025DA98,10:002314A0,11:00263DC8,12:00256C18,13:00249CA8,14:00245E90,15:0022DFB0,16:0023A0E8,17:00239218,18:00240D20
func_00201E88	exe	972	472d614a6194c910	19	00:0023DF30,01:00252AB0,02:002405B0,03:0022CBD8,04:00231490,05:00267AE0,06:0024D7B0,07:002660A0,08:00248688,09:0025DB10,10:00231518,11:00263E40,12:00256C90,13:00249D20,14:00245F08,15:0022E028,16:0023A160,17:00239290,18:00240D98
func_L00_0023E300	level	452	bf0acd757bd999df	1	00:0023E300
func_L00_0023E4C8	shared	1232	f5eb942987a89602	2	00:0023E4C8,14:00246358
func_002158E0	exe	4	9eab8cbe0f5efe64	19	00:0023E998,00:002624F0,01:00277368,02:00264458,03:00250CC0,04:00255188,05:0028C5B0,06:00271050,07:0028AB00,08:0026CB80,09:00281F60,10:00254F60,11:00287A60,12:0027AF18,13:0026E4D8,14:00246828,14:0026A8B0,15:00251D28,16:0025DD50,17:0025CE18,18:002647C0
func_L00_0023E9A0	shared	608	7d5133021d8dfdc9	2	00:0023E9A0,14:00246830
func_L00_0023EC00	level	884	4262f261660b80bd	1	00:0023EC00
func_L00_0023EF78	shared	344	28ef6c837f758177	19	00:0023EF78,01:00252F08,02:00240A68,03:0022D1B8,04:002318E8,05:00267F38,06:0024DC08,07:00266550,08:00248AE0,09:0025DF68,10:00231970,11:00264298,12:002570E8,13:0024A178,14:00246B08,15:0022E508,16:0023A5B8,17:002396E8,18:002411F0
func_L00_0023F0D0	shared	252	b2078344646c9f55	19	00:0023F0D0,01:00253060,02:00240BC0,03:0022D310,04:00231A40,05:00268090,06:0024DD60,07:002666A8,08:00248C38,09:0025E0C0,10:00231AC8,11:002643F0,12:00257240,13:0024A2D0,14:00246C60,15:0022E660,16:0023A710,17:00239840,18:00241348
func_L00_0023F1D0	shared	88	fa25d0d3aeff27f3	19	00:0023F1D0,01:00253160,02:00240CC0,03:0022D410,04:00231B40,05:00268190,06:0024DE60,07:002667A8,08:00248D38,09:0025E1C0,10:00231BC8,11:002644F0,12:00257340,13:0024A3D0,14:00246D60,15:0022E760,16:0023A810,17:00239940,18:00241448
func_00202260	exe	384	3624b0174df7350d	19	00:0023F228,01:002531B8,02:00240D18,03:0022D468,04:00231B98,05:002681E8,06:0024DEB8,07:00266800,08:00248D90,09:0025E218,10:00231C20,11:00264548,12:00257398,13:0024A428,14:00246DB8,15:0022E7B8,16:0023A868,17:00239998,18:002414A0
func_002023E0	exe	944	43b6e6428bf702f3	19	00:0023F3A8,01:00253338,02:00240E98,03:0022D5E8,04:00231D18,05:00268368,06:0024E038,07:00266980,08:00248F10,09:0025E398,10:00231DA0,11:002646C8,12:00257518,13:0024A5A8,14:00246F38,15:0022E938,16:0023A9E8,17:00239B18,18:00241620
func_00202790	exe	44	70ebbd5f8117c04c	19	00:0023F758,00:002EDB28,01:002536E8,01:00319EA8,02:00241248,02:002A5A80,02:002FBAE0,03:0022D998,03:002EC768,04:002320C8,04:002F17C0,05:00268718,05:0032A428,05:0032BC68,06:0024E3E8,06:00315B88,07:00266D30,07:003293F8,08:002492C0,08:00316998,09:0025E748,09:003155F8,10:00232150,10:002F5E70,11:00264A78,11:00328E98,12:002578C8,12:00315C68,13:0024A958,13:00318038,14:002472E8,14:00314600,15:0022ECE8,15:002F7D68,16:0023AD98,16:002F4E98,16:002F66D8,17:00239EC8,17:00301A10,18:002419D0,18:00306770
func_002027C0	exe	744	111eff2349d75d52	19	00:0023F788,01:00253718,02:00241278,03:0022D9C8,04:002320F8,05:00268748,06:0024E418,07:00266D60,08:002492F0,09:0025E778,10:00232180,11:00264AA8,12:002578F8,13:0024A988,14:00247318,15:0022ED18,16:0023ADC8,17:00239EF8,18:00241A00
func_L00_0023FA70	shared	72	a46b0b5660806ef9	19	00:0023FA70,01:00253A00,02:00241560,03:0022DCB0,04:002323E0,05:00268A30,06:0024E700,07:00267048,08:002495D8,09:0025EA60,10:00232468,11:00264D90,12:00257BE0,13:0024AC70,14:00247600,15:0022F000,16:0023B0B0,17:0023A1E0,18:00241CE8
func_L00_0023FAB8	shared	184	faf6edfa7d8ae706	19	00:0023FAB8,01:00253A48,02:002415A8,03:0022DCF8,04:00232428,05:00268A78,06:0024E748,07:00267090,08:00249620,09:0025EAA8,10:002324B0,11:00264DD8,12:00257C28,13:0024ACB8,14:00247648,15:0022F048,16:0023B0F8,17:0023A228,18:00241D30
func_00202AA8	exe	1104	ab7bed6e926deb2d	19	00:0023FB70,01:00253B00,02:00241660,03:0022DDB0,04:002324E0,05:00268B30,06:0024E800,07:00267148,08:002496D8,09:0025EB60,10:00232568,11:00264E90,12:00257CE0,13:0024AD70,14:00247700,15:0022F100,16:0023B1B0,17:0023A2E0,18:00241DE8
func_00202F00	exe	312	25e19a070fc768d9	19	00:0023FFC8,01:00253F58,02:00241AB8,03:0022E208,04:00232938,05:00268F88,06:0024EC58,07:002675A0,08:00249B30,09:0025EFB8,10:002329C0,11:002652E8,12:00258138,13:0024B1C8,14:00247B58,15:0022F558,16:0023B608,17:0023A738,18:00242240
func_00203038	exe	220	c97c5a205e8845bc	19	00:00240100,01:00254090,02:00241BF0,03:0022E340,04:00232A70,05:002690C0,06:0024ED90,07:002676D8,08:00249C68,09:0025F0F0,10:00232AF8,11:00265420,12:00258270,13:0024B300,14:00247C90,15:0022F690,16:0023B740,17:0023A870,18:00242378
func_00203118	exe	440	266b0632ed652111	19	00:002401E0,01:00254170,02:00241CD0,03:0022E420,04:00232B50,05:002691A0,06:0024EE70,07:002677B8,08:00249D48,09:0025F1D0,10:00232BD8,11:00265500,12:00258350,13:0024B3E0,14:00247D70,15:0022F770,16:0023B820,17:0023A950,18:00242458
func_L00_00240398	shared	1040	21b0a0f9241c0195	19	00:00240398,01:00254328,02:00241E88,03:0022E5D8,04:00232D08,05:00269358,06:0024F028,07:00267970,08:00249F00,09:0025F388,10:00232D90,11:002656B8,12:00258508,13:0024B598,14:00247F28,15:0022F928,16:0023B9D8,17:0023AB08,18:00242610
func_002032D0	exe	628	a6c6112c8dc6d33a	19	00:002407A8,01:00254738,02:00242298,03:0022E9E8,04:00233118,05:00269768,06:0024F438,07:00267D80,08:0024A310,09:0025F798,10:002331A0,11:00265AC8,12:00258918,13:0024B9A8,14:00248338,15:0022FD38,16:0023BDE8,17:0023AF18,18:00242A20
func_00203548	exe	100	cf3cf79cbd6d9196	19	00:00240A20,01:002549B0,02:00242510,03:0022EC60,04:00233390,05:002699E0,06:0024F6B0,07:00267FF8,08:0024A588,09:0025FA10,10:00233418,11:00265D40,12:00258B90,13:0024BC20,14:002485B0,15:0022FFB0,16:0023C060,17:0023B190,18:00242C98
func_002035B0	exe	600	ab80755aaf7c4f56	19	00:00240A88,01:00254A18,02:00242578,03:0022ECC8,04:002333F8,05:00269A48,06:0024F718,07:00268060,08:0024A5F0,09:0025FA78,10:00233480,11:00265DA8,12:00258BF8,13:0024BC88,14:00248618,15:00230018,16:0023C0C8,17:0023B1F8,18:00242D00
func_L00_00240CE0	shared	160	7293d5b1960aa5f7	19	00:00240CE0,01:00254C70,02:002427D0,03:0022EF20,04:00233650,05:00269CA0,06:0024F970,07:002682B8,08:0024A848,09:0025FCD0,10:002336D8,11:00266000,12:00258E50,13:0024BEE0,14:00248870,15:00230270,16:0023C320,17:0023B450,18:00242F58
func_L00_00240D80	shared	96	6c3b0f2cd5772717	19	00:00240D80,01:00254D10,02:00242870,03:0022EFC0,04:002336F0,05:00269D40,06:0024FA10,07:00268358,08:0024A8E8,09:0025FD70,10:00233778,11:002660A0,12:00258EF0,13:0024BF80,14:00248910,15:00230310,16:0023C3C0,17:0023B4F0,18:00242FF8
func_L00_00240DE0	shared	76	400e03615636bd7f	19	00:00240DE0,01:00254D70,02:002428D0,03:0022F020,04:00233750,05:00269DA0,06:0024FA70,07:002683B8,08:0024A948,09:0025FDD0,10:002337D8,11:00266100,12:00258F50,13:0024BFE0,14:00248970,15:00230370,16:0023C420,17:0023B550,18:00243058
func_00203958	exe	448	01eed2040d70a283	19	00:00240E30,01:00254DC0,02:00242920,03:0022F070,04:002337A0,05:00269DF0,06:0024FAC0,07:00268408,08:0024A998,09:0025FE20,10:00233828,11:00266150,12:00258FA0,13:0024C030,14:002489C0,15:002303C0,16:0023C470,17:0023B5A0,18:002430A8
func_00203B18	exe	88	8241c998a991e202	19	00:00240FF0,01:00254F80,02:00242AE0,03:0022F230,04:00233960,05:00269FB0,06:0024FC80,07:002685C8,08:0024AB58,09:0025FFE0,10:002339E8,11:00266310,12:00259160,13:0024C1F0,14:00248B80,15:00230580,16:0023C630,17:0023B760,18:00243268
func_00203B70	exe	772	32faedd73e8d1160	19	00:00241048,01:00254FD8,02:00242B38,03:0022F288,04:002339B8,05:0026A008,06:0024FCD8,07:00268620,08:0024ABB0,09:00260038,10:00233A40,11:00266368,12:002591B8,13:0024C248,14:00248BD8,15:002305D8,16:0023C688,17:0023B7B8,18:002432C0
func_00203E78	exe	236	3c0a60df92a5775f	19	00:00241350,01:002552E0,02:00242E40,03:0022F590,04:00233CC0,05:0026A310,06:0024FFE0,07:00268928,08:0024AEB8,09:00260340,10:00233D48,11:00266670,12:002594C0,13:0024C550,14:00248EE0,15:002308E0,16:0023C990,17:0023BAC0,18:002435C8
func_00203F68	exe	980	2858a8122bd49d49	19	00:00241440,01:002553D0,02:00242F30,03:0022F680,04:00233DB0,05:0026A400,06:002500D0,07:00268A18,08:0024AFA8,09:00260430,10:00233E38,11:00266760,12:002595B0,13:0024C640,14:00248FD0,15:002309D0,16:0023CA80,17:0023BBB0,18:002436B8
func_00204340	exe	1492	9ff395747a53d051	19	00:00241818,01:002557A8,02:00243308,03:0022FA58,04:00234188,05:0026A7D8,06:002504A8,07:00268DF0,08:0024B380,09:00260808,10:00234210,11:00266B38,12:00259988,13:0024CA18,14:002493A8,15:00230DA8,16:0023CE58,17:0023BF88,18:00243A90
func_00204918	exe	720	8bd6ea8cdc09bbf2	19	00:00241DF0,01:00255D80,02:002438E0,03:00230030,04:00234760,05:0026ADB0,06:00250A80,07:002693C8,08:0024B958,09:00260DE0,10:002347E8,11:00267110,12:00259F60,13:0024CFF0,14:00249980,15:00231380,16:0023D430,17:0023C560,18:00244068
func_L00_002420C0	shared	96	9217153b6acb8959	19	00:002420C0,01:00256050,02:00243BB0,03:00230300,04:00234A30,05:0026B080,06:00250D50,07:00269698,08:0024BC28,09:002610B0,10:00234AB8,11:002673E0,12:0025A230,13:0024D2C0,14:00249C50,15:00231650,16:0023D700,17:0023C830,18:00244338
func_L00_00242120	shared	432	67562544465ad56f	19	00:00242120,01:002560B0,02:00243C10,03:00230360,04:00234A90,05:0026B0E0,06:00250DB0,07:002696F8,08:0024BC88,09:00261110,10:00234B18,11:00267440,12:0025A290,13:0024D320,14:00249CB0,15:002316B0,16:0023D760,17:0023C890,18:00244398
func_L00_002422D8	shared	9264	9e50dd6c7c384d58	19	00:002422D8,01:00256268,02:00243DC8,03:00230518,04:00234C48,05:0026B298,06:00250F68,07:002698B0,08:0024BE40,09:002612C8,10:00234CD0,11:002675F8,12:0025A448,13:0024D4D8,14:00249E68,15:00231868,16:0023D918,17:0023CA48,18:00244550
func_00204BE8	exe	120	c3187d43d2922fad	19	00:00244708,01:00258698,02:002461F8,03:00232948,04:00237078,05:0026D6C8,06:00253398,07:0026BCE0,08:0024E270,09:002636F8,10:00237100,11:00269A28,12:0025C878,13:0024F908,14:0024C298,15:00233C98,16:0023FD48,17:0023EE78,18:00246980
func_00204C60	exe	864	06f300191a63f5d5	19	00:00244780,01:00258710,02:00246270,03:002329C0,04:002370F0,05:0026D740,06:00253410,07:0026BD58,08:0024E2E8,09:00263770,10:00237178,11:00269AA0,12:0025C8F0,13:0024F980,14:0024C310,15:00233D10,16:0023FDC0,17:0023EEF0,18:002469F8
func_L00_00244AE0	shared	4264	700114461faff55d	19	00:00244AE0,01:00258A70,02:002465D0,03:00232D20,04:00237450,05:0026DAA0,06:00253770,07:0026C0B8,08:0024E648,09:00263AD0,10:002374D8,11:00269E00,12:0025CC50,13:0024FCE0,14:0024C670,15:00234070,16:00240120,17:0023F250,18:00246D58
func_L00_00245B88	shared	184	a7be03a37f192eca	19	00:00245B88,01:00259B18,02:00247678,03:00233DC8,04:002384F8,05:0026EB48,06:00254818,07:0026D160,08:0024F6F0,09:00264B78,10:00238580,11:0026AEA8,12:0025DCF8,13:00250D88,14:0024D718,15:00235118,16:002411C8,17:002402F8,18:00247E00
func_00204FC0	exe	596	f05b73210d81f7f6	19	00:00245C40,01:00259BD0,02:00247730,03:00233E80,04:002385B0,05:0026EC00,06:002548D0,07:0026D218,08:0024F7A8,09:00264C30,10:00238638,11:0026AF60,12:0025DDB0,13:00250E40,14:0024D7D0,15:002351D0,16:00241280,17:002403B0,18:00247EB8
func_L00_00245E98	shared	248	74df3ae13e8fac9a	19	00:00245E98,01:00259E28,02:00247988,03:002340D8,04:00238808,05:0026EE58,06:00254B28,07:0026D470,08:0024FA00,09:00264E88,10:00238890,11:0026B1B8,12:0025E008,13:00251098,14:0024DA28,15:00235428,16:002414D8,17:00240608,18:00248110
func_00205220	exe	80	dddaf67286633c05	19	00:00245F90,00:002460F0,01:00259F20,01:0025A080,02:00247A80,02:00247BE0,03:002341D0,03:00234330,04:00238900,04:00238A60,05:0026EF50,05:0026F0B0,06:00254C20,06:00254D80,07:0026D568,07:0026D6C8,08:0024FAF8,08:0024FC58,09:00264F80,09:002650E0,10:00238988,10:00238AE8,11:0026B2B0,11:0026B410,12:0025E100,12:0025E260,13:00251190,13:002512F0,14:0024DB20,14:0024DC80,15:00235520,15:00235680,16:002415D0,16:00241730,17:00240700,17:00240860,18:00248208,18:00248368
func_L00_00245FE0	shared	268	5a9f5912751bf2ea	19	00:00245FE0,01:00259F70,02:00247AD0,03:00234220,04:00238950,05:0026EFA0,06:00254C70,07:0026D5B8,08:0024FB48,09:00264FD0,10:002389D8,11:0026B300,12:0025E150,13:002511E0,14:0024DB70,15:00235570,16:00241620,17:00240750,18:00248258
func_00205270	exe	684	0ec919e4bb584de8	19	00:00246140,01:0025A0D0,02:00247C30,03:00234380,04:00238AB0,05:0026F100,06:00254DD0,07:0026D718,08:0024FCA8,09:00265130,10:00238B38,11:0026B460,12:0025E2B0,13:00251340,14:0024DCD0,15:002356D0,16:00241780,17:002408B0,18:002483B8
func_00205520	exe	320	1c07f2c450063dfb	19	00:002463F0,01:0025A380,02:00247EE0,03:00234630,04:00238D60,05:0026F3B0,06:00255080,07:0026D9C8,08:0024FF58,09:002653E0,10:00238DE8,11:0026B710,12:0025E560,13:002515F0,14:0024DF80,15:00235980,16:00241A30,17:00240B60,18:00248668
func_00205660	exe	196	a9cb1da2246a2db7	19	00:00246530,01:0025A4C0,02:00248020,03:00234770,04:00238EA0,05:0026F4F0,06:002551C0,07:0026DB08,08:00250098,09:00265520,10:00238F28,11:0026B850,12:0025E6A0,13:00251730,14:0024E0C0,15:00235AC0,16:00241B70,17:00240CA0,18:002487A8
func_L00_002465F8	shared	2248	7365b9b10876def2	19	00:002465F8,01:0025A588,02:002480E8,03:00234838,04:00238F68,05:0026F5B8,06:00255288,07:0026DBD0,08:00250160,09:002655E8,10:00238FF0,11:0026B918,12:0025E768,13:002517F8,14:0024E188,15:00235B88,16:00241C38,17:00240D68,18:00248870
func_L00_00246EC0	shared	1040	a32346f3edc36b75	19	00:00246EC0,01:0025AE50,02:002489B0,03:00235100,04:00239830,05:0026FE80,06:00255B50,07:0026E498,08:00250A28,09:00265EB0,10:002398B8,11:0026C1E0,12:0025F030,13:002520C0,14:0024EA50,15:00236450,16:00242500,17:00241630,18:00249138
func_L00_002472D0	shared	424	0be8a653a969acd4	19	00:002472D0,01:0025B260,02:00248DC0,03:00235510,04:00239C40,05:00270290,06:00255F60,07:0026E8A8,08:00250E38,09:002662C0,10:00239CC8,11:0026C5F0,12:0025F440,13:002524D0,14:0024EE60,15:00236860,16:00242910,17:00241A40,18:00249548
func_L00_00247478	shared	76	6fa72a02ca045182	19	00:00247478,01:0025B408,02:00248F68,03:002356B8,04:00239DE8,05:00270438,06:00256108,07:0026EA50,08:00250FE0,09:00266468,10:00239E70,11:0026C798,12:0025F5E8,13:00252678,14:0024F008,15:00236A08,16:00242AB8,17:00241BE8,18:002496F0
func_L00_002474C4	shared	24	3a3a56c9a9d99cd7	19	00:002474C4,01:0025B454,02:00248FB4,03:00235704,04:00239E34,05:00270484,06:00256154,07:0026EA9C,08:0025102C,09:002664B4,10:00239EBC,11:0026C7E4,12:0025F634,13:002526C4,14:0024F054,15:00236A54,16:00242B04,17:00241C34,18:0024973C
func_00205790	exe	160	97c098aca681211b	19	00:002474E0,01:0025B470,02:00248FD0,03:00235720,04:00239E50,05:002704A0,06:00256170,07:0026EAB8,08:00251048,09:002664D0,10:00239ED8,11:0026C800,12:0025F650,13:002526E0,14:0024F070,15:00236A70,16:00242B20,17:00241C50,18:00249758
func_00205830	exe	156	ee1f91fc5ba18ded	19	00:00247580,01:0025B510,02:00249070,03:002357C0,04:00239EF0,05:00270540,06:00256210,07:0026EB58,08:002510E8,09:00266570,10:00239F78,11:0026C8A0,12:0025F6F0,13:00252780,14:0024F110,15:00236B10,16:00242BC0,17:00241CF0,18:002497F8
func_L00_00247620	shared	48	2bf8def88435dfe8	19	00:00247620,01:0025B5B0,02:00249110,03:00235860,04:00239F90,05:002705E0,06:002562B0,07:0026EBF8,08:00251188,09:00266610,10:0023A018,11:0026C940,12:0025F790,13:00252820,14:0024F1B0,15:00236BB0,16:00242C60,17:00241D90,18:00249898
func_L00_00247650	shared	20	8b59bd5200a7cbbb	19	00:00247650,01:0025B5E0,02:00249140,03:00235890,04:00239FC0,05:00270610,06:002562E0,07:0026EC28,08:002511B8,09:00266640,10:0023A048,11:0026C970,12:0025F7C0,13:00252850,14:0024F1E0,15:00236BE0,16:00242C90,17:00241DC0,18:002498C8
func_00205918	exe	312	979ed28114655a7c	19	00:00247668,01:0025B5F8,02:00249158,03:002358A8,04:00239FD8,05:00270628,06:002562F8,07:0026EC40,08:002511D0,09:00266658,10:0023A060,11:0026C988,12:0025F7D8,13:00252868,14:0024F1F8,15:00236BF8,16:00242CA8,17:00241DD8,18:002498E0
func_L00_002477A0	shared	48	5d88c2fdf04c4a30	19	00:002477A0,01:0025B730,02:00249290,03:002359E0,04:0023A110,05:00270760,06:00256430,07:0026ED78,08:00251308,09:00266790,10:0023A198,11:0026CAC0,12:0025F910,13:002529A0,14:0024F330,15:00236D30,16:00242DE0,17:00241F10,18:00249A18
func_L00_002477D0	shared	36	8b0133782d7b437d	19	00:002477D0,01:0025B760,02:002492C0,03:00235A10,04:0023A140,05:00270790,06:00256460,07:0026EDA8,08:00251338,09:002667C0,10:0023A1C8,11:0026CAF0,12:0025F940,13:002529D0,14:0024F360,15:00236D60,16:00242E10,17:00241F40,18:00249A48
func_00205AA8	exe	352	76a8810f0ba59f2f	19	00:002477F8,01:0025B788,02:002492E8,03:00235A38,04:0023A168,05:002707B8,06:00256488,07:0026EDD0,08:00251360,09:002667E8,10:0023A1F0,11:0026CB18,12:0025F968,13:002529F8,14:0024F388,15:00236D88,16:00242E38,17:00241F68,18:00249A70
func_00205C08	exe	100	3591009b20b2a293	19	00:00247958,01:0025B8E8,02:00249448,03:00235B98,04:0023A2C8,05:00270918,06:002565E8,07:0026EF30,08:002514C0,09:00266948,10:0023A350,11:0026CC78,12:0025FAC8,13:00252B58,14:0024F4E8,15:00236EE8,16:00242F98,17:002420C8,18:00249BD0
func_00205C70	exe	512	908f5c8fadbe0086	19	00:002479C0,01:0025B950,02:002494B0,03:00235C00,04:0023A330,05:00270980,06:00256650,07:0026EF98,08:00251528,09:002669B0,10:0023A3B8,11:0026CCE0,12:0025FB30,13:00252BC0,14:0024F550,15:00236F50,16:00243000,17:00242130,18:00249C38
func_00205E70	exe	4300	6f4cc17b25b9731e	19	00:00247BC0,01:0025BB50,02:002496B0,03:00235E00,04:0023A530,05:00270B80,06:00256850,07:0026F198,08:00251728,09:00266BB0,10:0023A5B8,11:0026CEE0,12:0025FD30,13:00252DC0,14:0024F750,15:00237150,16:00243200,17:00242330,18:00249E38
func_00206F40	exe	336	c51812736887f34a	19	00:00248C90,01:0025CC20,02:0024A780,03:00236ED0,04:0023B600,05:00271C50,06:00257920,07:00270268,08:002527F8,09:00267C80,10:0023B688,11:0026DFB0,12:00260E00,13:00253E90,14:00250820,15:00238220,16:002442D0,17:00243400,18:0024AF08
func_00207090	exe	280	18025b963ffbc444	19	00:00248DE0,01:0025CD70,02:0024A8D0,03:00237020,04:0023B750,05:00271DA0,06:00257A70,07:002703B8,08:00252948,09:00267DD0,10:0023B7D8,11:0026E100,12:00260F50,13:00253FE0,14:00250970,15:00238370,16:00244420,17:00243550,18:0024B058
func_L00_00248EF8	shared	1808	4c0599164b4f635c	19	00:00248EF8,01:0025CE88,02:0024A9E8,03:00237138,04:0023B868,05:00271EB8,06:00257B88,07:002704D0,08:00252A60,09:00267EE8,10:0023B8F0,11:0026E218,12:00261068,13:002540F8,14:00250A88,15:00238488,16:00244538,17:00243668,18:0024B170
func_002071A8	exe	40	b1fe938573e70696	19	00:00249608,01:0025D598,02:0024B0F8,03:00237848,04:0023BF78,05:002725C8,06:00258298,07:00270D10,08:00253170,09:002685F8,10:0023C000,11:0026E928,12:00261778,13:00254808,14:00251198,15:00238B98,16:00244C48,17:00243D78,18:0024B880
func_002071D0	exe	16	c15c93cbd8a78fd2	19	00:00249630,00:00249640,00:00249650,00:00249818,00:00249828,00:00249838,00:00249848,00:00249858,00:0024A2C0,00:0024A2D0,00:0024A2E0,00:0024A2F0,00:0024A300,00:0024A310,00:0024A360,00:0024A370,00:0024A380,00:0024A390,00:0024A3A0,00:0024A658,00:0024A748,00:0024A758,00:0024A768,00:0024A778,00:0024A788,00:0024F248,01:0025D5C0,01:0025D5D0,01:0025D5E0,01:0025D7A8,01:0025D7B8,01:0025D7C8,01:0025D7D8,01:0025D7E8,01:0025E250,01:0025E260,01:0025E270,01:0025E280,01:0025E290,01:0025E2A0,01:0025E2F0,01:0025E300,01:0025E310,01:0025E320,01:0025E330,01:0025E5E8,01:0025E6D8,01:0025E6E8,01:0025E6F8,01:0025E708,01:0025E718,01:00263D18,02:0024B120,02:0024B130,02:0024B140,02:0024B308,02:0024B318,02:0024B328,02:0024B338,02:0024B348,02:0024BDB0,02:0024BDC0,02:0024BDD0,02:0024BDE0,02:0024BDF0,02:0024BE00,02:0024BE50,02:0024BE60,02:0024BE70,02:0024BE80,02:0024BE90,02:0024C148,02:0024C238,02:0024C248,02:0024C258,02:0024C268,02:0024C278,02:002515D0,03:00237870,03:00237880,03:00237890,03:00237A58,03:00237A68,03:00237A78,03:00237A88,03:00237A98,03:00238500,03:00238510,03:00238520,03:00238530,03:00238540,03:00238550,03:002385A0,03:002385B0,03:002385C0,03:002385D0,03:002385E0,03:00238898,03:00238988,03:00238998,03:002389A8,03:002389B8,03:002389C8,03:0023DD20,04:0023BFA0,04:0023BFB0,04:0023BFC0,04:0023C188,04:0023C198,04:0023C1A8,04:0023C1B8,04:0023C1C8,04:0023CC30,04:0023CC40,04:0023CC50,04:0023CC60,04:0023CC70,04:0023CC80,04:0023CCD0,04:0023CCE0,04:0023CCF0,04:0023CD00,04:0023CD10,04:0023CFC8,04:0023D0B8,04:0023D0C8,04:0023D0D8,04:0023D0E8,04:0023D0F8,04:00241BB8,05:002725F0,05:00272600,05:00272610,05:002727D8,05:002727E8,05:002727F8,05:00272808,05:00272818,05:00273280,05:00273290,05:002732A0,05:002732B0,05:002732C0,05:002732D0,05:00273320,05:00273330,05:00273340,05:00273350,05:00273360,05:00273618,05:00273708,05:00273718,05:00273728,05:00273738,05:00273748,05:002794A8,06:002582C0,06:002582D0,06:002582E0,06:002584A8,06:002584B8,06:002584C8,06:002584D8,06:002584E8,06:00258F50,06:00258F60,06:00258F70,06:00258F80,06:00258F90,06:00258FA0,06:00258FF0,06:00259000,06:00259010,06:00259020,06:00259030,06:002592E8,06:002593D8,06:002593E8,06:002593F8,06:00259408,06:00259418,06:0025DED8,07:00270D38,07:00270D48,07:00270D58,07:00270F20,07:00270F30,07:00270F40,07:00270F50,07:00270F60,07:002719C8,07:002719D8,07:002719E8,07:002719F8,07:00271A08,07:00271A18,07:00271A68,07:00271A78,07:00271A88,07:00271A98,07:00271AA8,07:00271D60,07:00271E50,07:00271E60,07:00271E70,07:00271E80,07:00271E90,07:00277BF0,08:00253198,08:002531A8,08:002531B8,08:00253380,08:00253390,08:002533A0,08:002533B0,08:002533C0,08:00253E28,08:00253E38,08:00253E48,08:00253E58,08:00253E68,08:00253E78,08:00253EC8,08:00253ED8,08:00253EE8,08:00253EF8,08:00253F08,08:002541C0,08:002542B0,08:002542C0,08:002542D0,08:002542E0,08:002542F0,08:002596C0,09:00268620,09:00268630,09:00268640,09:00268808,09:00268818,09:00268828,09:00268838,09:00268848,09:002692B0,09:002692C0,09:002692D0,09:002692E0,09:002692F0,09:00269300,09:00269350,09:00269360,09:00269370,09:00269380,09:00269390,09:00269648,09:00269738,09:00269748,09:00269758,09:00269768,09:00269778,09:0026EAD0,10:0023C028,10:0023C038,10:0023C048,10:0023C210,10:0023C220,10:0023C230,10:0023C240,10:0023C250,10:0023CCB8,10:0023CCC8,10:0023CCD8,10:0023CCE8,10:0023CCF8,10:0023CD08,10:0023CD58,10:0023CD68,10:0023CD78,10:0023CD88,10:0023CD98,10:0023D050,10:0023D140,10:0023D150,10:0023D160,10:0023D170,10:0023D180,10:00241C40,11:0026E950,11:0026E960,11:0026E970,11:0026EB38,11:0026EB48,11:0026EB58,11:0026EB68,11:0026EB78,11:0026F5E0,11:0026F5F0,11:0026F600,11:0026F610,11:0026F620,11:0026F630,11:0026F680,11:0026F690,11:0026F6A0,11:0026F6B0,11:0026F6C0,11:0026F978,11:0026FA68,11:0026FA78,11:0026FA88,11:0026FA98,11:0026FAA8,11:00274FE8,12:002617A0,12:002617B0,12:002617C0,12:00261988,12:00261998,12:002619A8,12:002619B8,12:002619C8,12:00262430,12:00262440,12:00262450,12:00262460,12:00262470,12:00262480,12:002624D0,12:002624E0,12:002624F0,12:00262500,12:00262510,12:002627C8,12:002628B8,12:002628C8,12:002628D8,12:002628E8,12:002628F8,12:00267F08,13:00254830,13:00254840,13:00254850,13:00254A18,13:00254A28,13:00254A38,13:00254A48,13:00254A58,13:002554C0,13:002554D0,13:002554E0,13:002554F0,13:00255500,13:00255510,13:00255560,13:00255570,13:00255580,13:00255590,13:002555A0,13:00255858,13:00255948,13:00255958,13:00255968,13:00255978,13:00255988,13:0025AE50,14:002511C0,14:002511D0,14:002511E0,14:002513A8,14:002513B8,14:002513C8,14:002513D8,14:002513E8,14:00251E50,14:00251E60,14:00251E70,14:00251E80,14:00251E90,14:00251EA0,14:00251EF0,14:00251F00,14:00251F10,14:00251F20,14:00251F30,14:002521E8,14:002522D8,14:002522E8,14:002522F8,14:00252308,14:00252318,14:00257748,15:00238BC0,15:00238BD0,15:00238BE0,15:00238DA8,15:00238DB8,15:00238DC8,15:00238DD8,15:00238DE8,15:00239850,15:00239860,15:00239870,15:00239880,15:00239890,15:002398A0,15:002398F0,15:00239900,15:00239910,15:00239920,15:00239930,15:00239BE8,15:00239CD8,15:00239CE8,15:00239CF8,15:00239D08,15:00239D18,15:0023E7D8,16:00244C70,16:00244C80,16:00244C90,16:00244E58,16:00244E68,16:00244E78,16:00244E88,16:00244E98,16:00245900,16:00245910,16:00245920,16:00245930,16:00245940,16:00245950,16:002459A0,16:002459B0,16:002459C0,16:002459D0,16:002459E0,16:00245C98,16:00245D88,16:00245D98,16:00245DA8,16:00245DB8,16:00245DC8,16:0024A888,17:00243DA0,17:00243DB0,17:00243DC0,17:00243F88,17:00243F98,17:00243FA8,17:00243FB8,17:00243FC8,17:00244A30,17:00244A40,17:00244A50,17:00244A60,17:00244A70,17:00244A80,17:00244AD0,17:00244AE0,17:00244AF0,17:00244B00,17:00244B10,17:00244DC8,17:00244EB8,17:00244EC8,17:00244ED8,17:00244EE8,17:00244EF8,17:002499B8,18:0024B8A8,18:0024B8B8,18:0024B8C8,18:0024BA90,18:0024BAA0,18:0024BAB0,18:0024BAC0,18:0024BAD0,18:0024C538,18:0024C548,18:0024C558,18:0024C568,18:0024C578,18:0024C588,18:0024C5D8,18:0024C5E8,18:0024C5F8,18:0024C608,18:0024C618,18:0024C8D0,18:0024C9C0,18:0024C9D0,18:0024C9E0,18:0024C9F0,18:0024CA00,18:002514C0
func_00207200	exe	188	746e4504c85d600e	19	00:00249660,01:0025D5F0,02:0024B150,03:002378A0,04:0023BFD0,05:00272620,06:002582F0,07:00270D68,08:002531C8,09:00268650,10:0023C058,11:0026E980,12:002617D0,13:00254860,14:002511F0,15:00238BF0,16:00244CA0,17:00243DD0,18:0024B8D8
func_L00_00249720	shared	48	8f6a613bb0755f69	19	00:00249720,01:0025D6B0,02:0024B210,03:00237960,04:0023C090,05:002726E0,06:002583B0,07:00270E28,08:00253288,09:00268710,10:0023C118,11:0026EA40,12:00261890,13:00254920,14:002512B0,15:00238CB0,16:00244D60,17:00243E90,18:0024B998
func_L00_00249750	shared	76	252754c4d7d2be5b	19	00:00249750,01:0025D6E0,02:0024B240,03:00237990,04:0023C0C0,05:00272710,06:002583E0,07:00270E58,08:002532B8,09:00268740,10:0023C148,11:0026EA70,12:002618C0,13:00254950,14:002512E0,15:00238CE0,16:00244D90,17:00243EC0,18:0024B9C8
func_L00_002497A0	shared	64	726ddaca9cbef1d0	19	00:002497A0,01:0025D730,02:0024B290,03:002379E0,04:0023C110,05:00272760,06:00258430,07:00270EA8,08:00253308,09:00268790,10:0023C198,11:0026EAC0,12:00261910,13:002549A0,14:00251330,15:00238D30,16:00244DE0,17:00243F10,18:0024BA18
func_L00_002497E0	shared	40	00ddb922db44d475	19	00:002497E0,00:0024A338,01:0025D770,01:0025E2C8,02:0024B2D0,02:0024BE28,03:00237A20,03:00238578,04:0023C150,04:0023CCA8,05:002727A0,05:002732F8,06:00258470,06:00258FC8,07:00270EE8,07:00271A40,08:00253348,08:00253EA0,09:002687D0,09:00269328,10:0023C1D8,10:0023CD30,11:0026EB00,11:0026F658,12:00261950,12:002624A8,13:002549E0,13:00255538,14:00251370,14:00251EC8,15:00238D70,15:002398C8,16:00244E20,16:00245978,17:00243F50,17:00244AA8,18:0024BA58,18:0024C5B0
func_002073A8	exe	12	43610fde0f8d671e	19	00:00249808,01:0025D798,02:0024B2F8,03:00237A48,04:0023C178,05:002727C8,06:00258498,07:00270F10,08:00253370,09:002687F8,10:0023C200,11:0026EB28,12:00261978,13:00254A08,14:00251398,15:00238D98,16:00244E48,17:00243F78,18:0024BA80
func_00207408	exe	572	1a7fef068afefc9a	19	00:00249868,01:0025D7F8,02:0024B358,03:00237AA8,04:0023C1D8,05:00272828,06:002584F8,07:00270F70,08:002533D0,09:00268858,10:0023C260,11:0026EB88,12:002619D8,13:00254A68,14:002513F8,15:00238DF8,16:00244EA8,17:00243FD8,18:0024BAE0
func_00207648	exe	312	32cd7b4ea04e46d5	19	00:00249AA8,01:0025DA38,02:0024B598,03:00237CE8,04:0023C418,05:00272A68,06:00258738,07:002711B0,08:00253610,09:00268A98,10:0023C4A0,11:0026EDC8,12:00261C18,13:00254CA8,14:00251638,15:00239038,16:002450E8,17:00244218,18:0024BD20
func_00207780	exe	428	3b9088e237ef2bc6	19	00:00249BE0,01:0025DB70,02:0024B6D0,03:00237E20,04:0023C550,05:00272BA0,06:00258870,07:002712E8,08:00253748,09:00268BD0,10:0023C5D8,11:0026EF00,12:00261D50,13:00254DE0,14:00251770,15:00239170,16:00245220,17:00244350,18:0024BE58
func_00207930	exe	192	f1fe0901aee8edad	19	00:00249D90,01:0025DD20,02:0024B880,03:00237FD0,04:0023C700,05:00272D50,06:00258A20,07:00271498,08:002538F8,09:00268D80,10:0023C788,11:0026F0B0,12:00261F00,13:00254F90,14:00251920,15:00239320,16:002453D0,17:00244500,18:0024C008
func_002079F0	exe	144	245f7a469690cf7e	19	00:00249E50,01:0025DDE0,02:0024B940,03:00238090,04:0023C7C0,05:00272E10,06:00258AE0,07:00271558,08:002539B8,09:00268E40,10:0023C848,11:0026F170,12:00261FC0,13:00255050,14:002519E0,15:002393E0,16:00245490,17:002445C0,18:0024C0C8
func_L00_00249EE0	shared	88	b24ba5a67aa27af2	19	00:00249EE0,01:0025DE70,02:0024B9D0,03:00238120,04:0023C850,05:00272EA0,06:00258B70,07:002715E8,08:00253A48,09:00268ED0,10:0023C8D8,11:0026F200,12:00262050,13:002550E0,14:00251A70,15:00239470,16:00245520,17:00244650,18:0024C158
func_L00_00249F40	shared	76	b684804f473b3b21	19	00:00249F40,01:0025DED0,02:0024BA30,03:00238180,04:0023C8B0,05:00272F00,06:00258BD0,07:00271648,08:00253AA8,09:00268F30,10:0023C938,11:0026F260,12:002620B0,13:00255140,14:00251AD0,15:002394D0,16:00245580,17:002446B0,18:0024C1B8
func_00207B30	exe	180	54f31d06fb0e8be0	19	00:00249F90,01:0025DF20,02:0024BA80,03:002381D0,04:0023C900,05:00272F50,06:00258C20,07:00271698,08:00253AF8,09:00268F80,10:0023C988,11:0026F2B0,12:00262100,13:00255190,14:00251B20,15:00239520,16:002455D0,17:00244700,18:0024C208
func_00207BE8	exe	196	2a9e6778088360c6	19	00:0024A048,01:0025DFD8,02:0024BB38,03:00238288,04:0023C9B8,05:00273008,06:00258CD8,07:00271750,08:00253BB0,09:00269038,10:0023CA40,11:0026F368,12:002621B8,13:00255248,14:00251BD8,15:002395D8,16:00245688,17:002447B8,18:0024C2C0
func_L00_0024A110	shared	28	b97a76519c8602a5	19	00:0024A110,01:0025E0A0,02:0024BC00,03:00238350,04:0023CA80,05:002730D0,06:00258DA0,07:00271818,08:00253C78,09:00269100,10:0023CB08,11:0026F430,12:00262280,13:00255310,14:00251CA0,15:002396A0,16:00245750,17:00244880,18:0024C388
func_L00_0024A12C	shared	16	6bcf4f5bf978dd1d	19	00:0024A12C,01:0025E0BC,02:0024BC1C,03:0023836C,04:0023CA9C,05:002730EC,06:00258DBC,07:00271834,08:00253C94,09:0026911C,10:0023CB24,11:0026F44C,12:0026229C,13:0025532C,14:00251CBC,15:002396BC,16:0024576C,17:0024489C,18:0024C3A4
func_L00_0024A140	shared	48	45fad9843393089c	19	00:0024A140,01:0025E0D0,02:0024BC30,03:00238380,04:0023CAB0,05:00273100,06:00258DD0,07:00271848,08:00253CA8,09:00269130,10:0023CB38,11:0026F460,12:002622B0,13:00255340,14:00251CD0,15:002396D0,16:00245780,17:002448B0,18:0024C3B8
func_L00_0024A170	shared	40	9d70bc40362c9361	19	00:0024A170,01:0025E100,02:0024BC60,03:002383B0,04:0023CAE0,05:00273130,06:00258E00,07:00271878,08:00253CD8,09:00269160,10:0023CB68,11:0026F490,12:002622E0,13:00255370,14:00251D00,15:00239700,16:002457B0,17:002448E0,18:0024C3E8
func_L00_0024A198	shared	76	cfd00337c92ee563	19	00:0024A198,00:0024A210,01:0025E128,01:0025E1A0,02:0024BC88,02:0024BD00,03:002383D8,03:00238450,04:0023CB08,04:0023CB80,05:00273158,05:002731D0,06:00258E28,06:00258EA0,07:002718A0,07:00271918,08:00253D00,08:00253D78,09:00269188,09:00269200,10:0023CB90,10:0023CC08,11:0026F4B8,11:0026F530,12:00262308,12:00262380,13:00255398,13:00255410,14:00251D28,14:00251DA0,15:00239728,15:002397A0,16:002457D8,16:00245850,17:00244908,17:00244980,18:0024C410,18:0024C488
func_L00_0024A1E4	shared	40	6fd5b34b69a21aea	19	00:0024A1E4,00:0024A25C,01:0025E174,01:0025E1EC,02:0024BCD4,02:0024BD4C,03:00238424,03:0023849C,04:0023CB54,04:0023CBCC,05:002731A4,05:0027321C,06:00258E74,06:00258EEC,07:002718EC,07:00271964,08:00253D4C,08:00253DC4,09:002691D4,09:0026924C,10:0023CBDC,10:0023CC54,11:0026F504,11:0026F57C,12:00262354,12:002623CC,13:002553E4,13:0025545C,14:00251D74,14:00251DEC,15:00239774,15:002397EC,16:00245824,16:0024589C,17:00244954,17:002449CC,18:0024C45C,18:0024C4D4
func_00207E28	exe	52	a20743230d200b01	19	00:0024A288,01:0025E218,02:0024BD78,03:002384C8,04:0023CBF8,05:00273248,06:00258F18,07:00271990,08:00253DF0,09:00269278,10:0023CC80,11:0026F5A8,12:002623F8,13:00255488,14:00251E18,15:00239818,16:002458C8,17:002449F8,18:0024C500
func_L00_0024A320	shared	24	ac1718c6bbd8bc03	19	00:0024A320,01:0025E2B0,02:0024BE10,03:00238560,04:0023CC90,05:002732E0,06:00258FB0,07:00271A28,08:00253E88,09:00269310,10:0023CD18,11:0026F640,12:00262490,13:00255520,14:00251EB0,15:002398B0,16:00245960,17:00244A90,18:0024C598
func_L00_0024A3B0	shared	84	c5ef15519990d553	19	00:0024A3B0,01:0025E340,02:0024BEA0,03:002385F0,04:0023CD20,05:00273370,06:00259040,07:00271AB8,08:00253F18,09:002693A0,10:0023CDA8,11:0026F6D0,12:00262520,13:002555B0,14:00251F40,15:00239940,16:002459F0,17:00244B20,18:0024C628
func_L00_0024A404	shared	40	ef69f555c322da24	19	00:0024A404,01:0025E394,02:0024BEF4,03:00238644,04:0023CD74,05:002733C4,06:00259094,07:00271B0C,08:00253F6C,09:002693F4,10:0023CDFC,11:0026F724,12:00262574,13:00255604,14:00251F94,15:00239994,16:00245A44,17:00244B74,18:0024C67C
func_L00_0024A430	shared	48	217270a12748c07b	19	00:0024A430,01:0025E3C0,02:0024BF20,03:00238670,04:0023CDA0,05:002733F0,06:002590C0,07:00271B38,08:00253F98,09:00269420,10:0023CE28,11:0026F750,12:002625A0,13:00255630,14:00251FC0,15:002399C0,16:00245A70,17:00244BA0,18:0024C6A8
func_L00_0024A460	shared	48	57c72fdb9edceb5b	19	00:0024A460,01:0025E3F0,02:0024BF50,03:002386A0,04:0023CDD0,05:00273420,06:002590F0,07:00271B68,08:00253FC8,09:00269450,10:0023CE58,11:0026F780,12:002625D0,13:00255660,14:00251FF0,15:002399F0,16:00245AA0,17:00244BD0,18:0024C6D8
func_L00_0024A490	shared	76	a1d92d5034d461d9	19	00:0024A490,01:0025E420,02:0024BF80,03:002386D0,04:0023CE00,05:00273450,06:00259120,07:00271B98,08:00253FF8,09:00269480,10:0023CE88,11:0026F7B0,12:00262600,13:00255690,14:00252020,15:00239A20,16:00245AD0,17:00244C00,18:0024C708
func_L00_0024A4DC	shared	48	bcf77a284ba72695	19	00:0024A4DC,01:0025E46C,02:0024BFCC,03:0023871C,04:0023CE4C,05:0027349C,06:0025916C,07:00271BE4,08:00254044,09:002694CC,10:0023CED4,11:0026F7FC,12:0026264C,13:002556DC,14:0025206C,15:00239A6C,16:00245B1C,17:00244C4C,18:0024C754
func_L00_0024A510	shared	96	da03940c364b1cec	19	00:0024A510,01:0025E4A0,02:0024C000,03:00238750,04:0023CE80,05:002734D0,06:002591A0,07:00271C18,08:00254078,09:00269500,10:0023CF08,11:0026F830,12:00262680,13:00255710,14:002520A0,15:00239AA0,16:00245B50,17:00244C80,18:0024C788
func_L00_0024A570	shared	76	2bb1fe11be9bdda1	19	00:0024A570,01:0025E500,02:0024C060,03:002387B0,04:0023CEE0,05:00273530,06:00259200,07:00271C78,08:002540D8,09:00269560,10:0023CF68,11:0026F890,12:002626E0,13:00255770,14:00252100,15:00239B00,16:00245BB0,17:00244CE0,18:0024C7E8
func_L00_0024A5C0	shared	76	98d5254a5bc60992	19	00:0024A5C0,01:0025E550,02:0024C0B0,03:00238800,04:0023CF30,05:00273580,06:00259250,07:00271CC8,08:00254128,09:002695B0,10:0023CFB8,11:0026F8E0,12:00262730,13:002557C0,14:00252150,15:00239B50,16:00245C00,17:00244D30,18:0024C838
func_L00_0024A60C	shared	76	17c4a77f5f22290a	19	00:0024A60C,01:0025E59C,02:0024C0FC,03:0023884C,04:0023CF7C,05:002735CC,06:0025929C,07:00271D14,08:00254174,09:002695FC,10:0023D004,11:0026F92C,12:0026277C,13:0025580C,14:0025219C,15:00239B9C,16:00245C4C,17:00244D7C,18:0024C884
func_00208208	exe	48	d80f7fee000f43e1	19	00:0024A668,01:0025E5F8,02:0024C158,03:002388A8,04:0023CFD8,05:00273628,06:002592F8,07:00271D70,08:002541D0,09:00269658,10:0023D060,11:0026F988,12:002627D8,13:00255868,14:002521F8,15:00239BF8,16:00245CA8,17:00244DD8,18:0024C8E0
func_00208248	exe	156	41804540e40008e1	19	00:0024A6A8,01:0025E638,02:0024C198,03:002388E8,04:0023D018,05:00273668,06:00259338,07:00271DB0,08:00254210,09:00269698,10:0023D0A0,11:0026F9C8,12:00262818,13:002558A8,14:00252238,15:00239C38,16:00245CE8,17:00244E18,18:0024C920
func_L00_0024A798	shared	288	2098339cbf09a68c	19	00:0024A798,01:0025E728,02:0024C288,03:002389D8,04:0023D108,05:00273758,06:00259428,07:00271EA0,08:00254300,09:00269788,10:0023D190,11:0026FAB8,12:00262908,13:00255998,14:00252328,15:00239D28,16:00245DD8,17:00244F08,18:0024CA10
func_00208338	exe	168	21e4c3573548b660	19	00:0024A8B8,01:0025E848,02:0024C3A8,03:00238AF8,04:0023D228,05:00273878,06:00259548,07:00271FC0,08:00254420,09:002698A8,10:0023D2B0,11:0026FBD8,12:00262A28,13:00255AB8,14:00252448,15:00239E48,16:00245EF8,17:00245028,18:0024CB30
func_002083E0	exe	120	0a0581c830abdd3e	19	00:0024A960,01:0025E8F0,02:0024C450,03:00238BA0,04:0023D2D0,05:00273920,06:002595F0,07:00272068,08:002544C8,09:00269950,10:0023D358,11:0026FC80,12:00262AD0,13:00255B60,14:002524F0,15:00239EF0,16:00245FA0,17:002450D0,18:0024CBD8
func_00208458	exe	560	3eebf7e86f1b14e4	19	00:0024A9D8,01:0025E968,02:0024C4C8,03:00238C18,04:0023D348,05:00273998,06:00259668,07:002720E0,08:00254540,09:002699C8,10:0023D3D0,11:0026FCF8,12:00262B48,13:00255BD8,14:00252568,15:00239F68,16:00246018,17:00245148,18:0024CC50
func_00208688	exe	464	b460ed3e5a445787	19	00:0024AC08,01:0025EB98,02:0024C6F8,03:00238E48,04:0023D578,05:00273BC8,06:00259898,07:00272310,08:00254770,09:00269BF8,10:0023D600,11:0026FF28,12:00262D78,13:00255E08,14:00252798,15:0023A198,16:00246248,17:00245378,18:0024CE80
func_00208858	exe	4	62a6d98c42ef9f66	19	00:0024ADD8,01:0025ED68,02:0024C8C8,03:00239018,04:0023D748,05:00273D98,06:00259A68,07:002724E0,08:00254940,09:00269DC8,10:0023D7D0,11:002700F8,12:00262F48,13:00255FD8,14:00252968,15:0023A368,16:00246418,17:00245548,18:0024D050
func_00208860	exe	592	166c282cb6977c44	19	00:0024ADE0,01:0025ED70,02:0024C8D0,03:00239020,04:0023D750,05:00273DA0,06:00259A70,07:002724E8,08:00254948,09:00269DD0,10:0023D7D8,11:00270100,12:00262F50,13:00255FE0,14:00252970,15:0023A370,16:00246420,17:00245550,18:0024D058
func_00208AB0	exe	380	dafaa13b419d13bb	19	00:0024B030,01:0025EFC0,02:0024CB20,03:00239270,04:0023D9A0,05:00273FF0,06:00259CC0,07:00272738,08:00254B98,09:0026A020,10:0023DA28,11:00270350,12:002631A0,13:00256230,14:00252BC0,15:0023A5C0,16:00246670,17:002457A0,18:0024D2A8
func_L00_0024B1B0	shared	76	7f06549a4ec87447	19	00:0024B1B0,01:0025F140,02:0024CCA0,03:002393F0,04:0023DB20,05:00274170,06:00259E40,07:002728B8,08:00254D18,09:0026A1A0,10:0023DBA8,11:002704D0,12:00263320,13:002563B0,14:00252D40,15:0023A740,16:002467F0,17:00245920,18:0024D428
func_L00_0024B200	shared	164	1bcff03b48742fa2	19	00:0024B200,01:0025F190,02:0024CCF0,03:00239440,04:0023DB70,05:002741C0,06:00259E90,07:00272908,08:00254D68,09:0026A1F0,10:0023DBF8,11:00270520,12:00263370,13:00256400,14:00252D90,15:0023A790,16:00246840,17:00245970,18:0024D478
func_L00_0024B2A4	shared	84	47aa5fffcc3149e8	19	00:0024B2A4,01:0025F234,02:0024CD94,03:002394E4,04:0023DC14,05:00274264,06:00259F34,07:002729AC,08:00254E0C,09:0026A294,10:0023DC9C,11:002705C4,12:00263414,13:002564A4,14:00252E34,15:0023A834,16:002468E4,17:00245A14,18:0024D51C
func_00208D38	exe	616	aa113e06d0dd9d6e	19	00:0024B300,01:0025F290,02:0024CDF0,03:00239540,04:0023DC70,05:002742C0,06:00259F90,07:00272A08,08:00254E68,09:0026A2F0,10:0023DCF8,11:00270620,12:00263470,13:00256500,14:00252E90,15:0023A890,16:00246940,17:00245A70,18:0024D578
func_00208FA0	exe	156	d10e13feb6620bfa	19	00:0024B568,01:0025F4F8,02:0024D058,03:002397A8,04:0023DED8,05:00274528,06:0025A1F8,07:00272C70,08:002550D0,09:0026A558,10:0023DF60,11:00270888,12:002636D8,13:00256768,14:002530F8,15:0023AAF8,16:00246BA8,17:00245CD8,18:0024D7E0
func_00209048	exe	36	09ad5d4117660907	19	00:0024B610,01:0025F5A0,02:0024D100,03:00239850,04:0023DF80,05:002745D0,06:0025A2A0,07:00272D18,08:00255178,09:0026A600,10:0023E008,11:00270930,12:00263780,13:00256810,14:002531A0,15:0023ABA0,16:00246C50,17:00245D80,18:0024D888
func_00209070	exe	240	f9e8e6e6cc2acbe6	19	00:0024B638,01:0025F5C8,02:0024D128,03:00239878,04:0023DFA8,05:002745F8,06:0025A2C8,07:00272D40,08:002551A0,09:0026A628,10:0023E030,11:00270958,12:002637A8,13:00256838,14:002531C8,15:0023ABC8,16:00246C78,17:00245DA8,18:0024D8B0
func_00209160	exe	36	05b246109eb74f75	19	00:0024B728,01:0025F6B8,02:0024D218,03:00239968,04:0023E098,05:002746E8,06:0025A3B8,07:00272E30,08:00255290,09:0026A718,10:0023E120,11:00270A48,12:00263898,13:00256928,14:002532B8,15:0023ACB8,16:00246D68,17:00245E98,18:0024D9A0
func_L00_0024B750	shared	56	c32a6b26f2e33bd5	19	00:0024B750,01:0025F6E0,02:0024D240,03:00239990,04:0023E0C0,05:00274710,06:0025A3E0,07:00272E58,08:002552B8,09:0026A740,10:0023E148,11:00270A70,12:002638C0,13:00256950,14:002532E0,15:0023ACE0,16:00246D90,17:00245EC0,18:0024D9C8
func_L00_0024B788	shared	36	57ab8f86b2beb632	19	00:0024B788,01:0025F718,02:0024D278,03:002399C8,04:0023E0F8,05:00274748,06:0025A418,07:00272E90,08:002552F0,09:0026A778,10:0023E180,11:00270AA8,12:002638F8,13:00256988,14:00253318,15:0023AD18,16:00246DC8,17:00245EF8,18:0024DA00
func_L00_0024B7AC	shared	84	112fd0c5ab66c748	19	00:0024B7AC,01:0025F73C,02:0024D29C,03:002399EC,04:0023E11C,05:0027476C,06:0025A43C,07:00272EB4,08:00255314,09:0026A79C,10:0023E1A4,11:00270ACC,12:0026391C,13:002569AC,14:0025333C,15:0023AD3C,16:00246DEC,17:00245F1C,18:0024DA24
func_00209238	exe	84	6c425f6e2c3b057e	19	00:0024B800,01:0025F790,02:0024D2F0,03:00239A40,04:0023E170,05:002747C0,06:0025A490,07:00272F08,08:00255368,09:0026A7F0,10:0023E1F8,11:00270B20,12:00263970,13:00256A00,14:00253390,15:0023AD90,16:00246E40,17:00245F70,18:0024DA78
func_00209290	exe	88	a75591c609ab7ec4	19	00:0024B858,01:0025F7E8,02:0024D348,03:00239A98,04:0023E1C8,05:00274818,06:0025A4E8,07:00272F60,08:002553C0,09:0026A848,10:0023E250,11:00270B78,12:002639C8,13:00256A58,14:002533E8,15:0023ADE8,16:00246E98,17:00245FC8,18:0024DAD0
func_L00_0024B8B0	shared	64	ce464f0c7cbe50b0	19	00:0024B8B0,01:0025F840,02:0024D3A0,03:00239AF0,04:0023E220,05:00274870,06:0025A540,07:00272FB8,08:00255418,09:0026A8A0,10:0023E2A8,11:00270BD0,12:00263A20,13:00256AB0,14:00253440,15:0023AE40,16:00246EF0,17:00246020,18:0024DB28
func_L00_0024B8F0	shared	24	c0b21b4d66f74ca2	19	00:0024B8F0,01:0025F880,02:0024D3E0,03:00239B30,04:0023E260,05:002748B0,06:0025A580,07:00272FF8,08:00255458,09:0026A8E0,10:0023E2E8,11:00270C10,12:00263A60,13:00256AF0,14:00253480,15:0023AE80,16:00246F30,17:00246060,18:0024DB68
func_L00_0024B908	shared	24	3236727d9fada4cb	19	00:0024B908,01:0025F898,02:0024D3F8,03:00239B48,04:0023E278,05:002748C8,06:0025A598,07:00273010,08:00255470,09:0026A8F8,10:0023E300,11:00270C28,12:00263A78,13:00256B08,14:00253498,15:0023AE98,16:00246F48,17:00246078,18:0024DB80
func_L00_0024B920	shared	32	1654d3f0ae880920	19	00:0024B920,01:0025F8B0,02:0024D410,03:00239B60,04:0023E290,05:002748E0,06:0025A5B0,07:00273028,08:00255488,09:0026A910,10:0023E318,11:00270C40,12:00263A90,13:00256B20,14:002534B0,15:0023AEB0,16:00246F60,17:00246090,18:0024DB98
func_L00_0024B940	shared	28	b667805cb25513d7	19	00:0024B940,00:0024BBCC,01:0025F8D0,01:0025FB5C,02:0024D430,02:0024D6BC,03:00239B80,03:00239E0C,04:0023E2B0,04:0023E53C,05:00274900,05:00274B8C,06:0025A5D0,06:0025A85C,07:00273048,07:002732D4,08:002554A8,08:00255734,09:0026A930,09:0026ABBC,10:0023E338,10:0023E5C4,11:00270C60,11:00270EEC,12:00263AB0,12:00263D3C,13:00256B40,13:00256DCC,14:002534D0,14:0025375C,15:0023AED0,15:0023B15C,16:00246F80,16:0024720C,17:002460B0,17:0024633C,18:0024DBB8,18:0024DE44
func_L00_0024B960	shared	32	e1d213df7cf36c19	19	00:0024B960,00:0024BF98,01:0025F8F0,01:0025FF28,02:0024D450,02:0024DA88,03:00239BA0,03:0023A1D8,04:0023E2D0,04:0023E908,05:00274920,05:00274F58,06:0025A5F0,06:0025AC28,07:00273068,07:002736A0,08:002554C8,08:00255B00,09:0026A950,09:0026AF88,10:0023E358,10:0023E990,11:00270C80,11:002712B8,12:00263AD0,12:00264108,13:00256B60,13:00257198,14:002534F0,14:00253B28,15:0023AEF0,15:0023B528,16:00246FA0,16:002475D8,17:002460D0,17:00246708,18:0024DBD8,18:0024E210
func_L00_0024B980	shared	40	a54346c455058396	19	00:0024B980,00:0024BC04,01:0025F910,01:0025FB94,02:0024D470,02:0024D6F4,03:00239BC0,03:00239E44,04:0023E2F0,04:0023E574,05:00274940,05:00274BC4,06:0025A610,06:0025A894,07:00273088,07:0027330C,08:002554E8,08:0025576C,09:0026A970,09:0026ABF4,10:0023E378,10:0023E5FC,11:00270CA0,11:00270F24,12:00263AF0,12:00263D74,13:00256B80,13:00256E04,14:00253510,14:00253794,15:0023AF10,15:0023B194,16:00246FC0,16:00247244,17:002460F0,17:00246374,18:0024DBF8,18:0024DE7C
func_L00_0024B9B4	shared	40	b362cafad7627224	19	00:0024B9B4,01:0025F944,02:0024D4A4,03:00239BF4,04:0023E324,05:00274974,06:0025A644,07:002730BC,08:0025551C,09:0026A9A4,10:0023E3AC,11:00270CD4,12:00263B24,13:00256BB4,14:00253544,15:0023AF44,16:00246FF4,17:00246124,18:0024DC2C
func_00209418	exe	44	405b0aade6a0bcbc	19	00:0024B9E0,01:0025F970,02:0024D4D0,03:00239C20,04:0023E350,05:002749A0,06:0025A670,07:002730E8,08:00255548,09:0026A9D0,10:0023E3D8,11:00270D00,12:00263B50,13:00256BE0,14:00253570,15:0023AF70,16:00247020,17:00246150,18:0024DC58
func_L00_0024BA10	shared	80	57bc346a590fb3ce	19	00:0024BA10,01:0025F9A0,02:0024D500,03:00239C50,04:0023E380,05:002749D0,06:0025A6A0,07:00273118,08:00255578,09:0026AA00,10:0023E408,11:00270D30,12:00263B80,13:00256C10,14:002535A0,15:0023AFA0,16:00247050,17:00246180,18:0024DC88
func_L00_0024BA60	shared	16	397a8395e1f8d947	19	00:0024BA60,00:0024BF84,01:0025F9F0,01:0025FF14,02:0024D550,02:0024DA74,03:00239CA0,03:0023A1C4,04:0023E3D0,04:0023E8F4,05:00274A20,05:00274F44,06:0025A6F0,06:0025AC14,07:00273168,07:0027368C,08:002555C8,08:00255AEC,09:0026AA50,09:0026AF74,10:0023E458,10:0023E97C,11:00270D80,11:002712A4,12:00263BD0,12:002640F4,13:00256C60,13:00257184,14:002535F0,14:00253B14,15:0023AFF0,15:0023B514,16:002470A0,16:002475C4,17:002461D0,17:002466F4,18:0024DCD8,18:0024E1FC
func_L00_0024BA70	shared	28	0c834d2a824a0f21	19	00:0024BA70,00:0024BBB0,01:0025FA00,01:0025FB40,02:0024D560,02:0024D6A0,03:00239CB0,03:00239DF0,04:0023E3E0,04:0023E520,05:00274A30,05:00274B70,06:0025A700,06:0025A840,07:00273178,07:002732B8,08:002555D8,08:00255718,09:0026AA60,09:0026ABA0,10:0023E468,10:0023E5A8,11:00270D90,11:00270ED0,12:00263BE0,12:00263D20,13:00256C70,13:00256DB0,14:00253600,14:00253740,15:0023B000,15:0023B140,16:002470B0,16:002471F0,17:002461E0,17:00246320,18:0024DCE8,18:0024DE28
func_L00_0024BA8C	shared	28	60725002f1ad0279	19	00:0024BA8C,01:0025FA1C,02:0024D57C,03:00239CCC,04:0023E3FC,05:00274A4C,06:0025A71C,07:00273194,08:002555F4,09:0026AA7C,10:0023E484,11:00270DAC,12:00263BFC,13:00256C8C,14:0025361C,15:0023B01C,16:002470CC,17:002461FC,18:0024DD04
func_002094E0	exe	64	2dc5e94bb7324b22	19	00:0024BAA8,00:0024BC60,01:0025FA38,01:0025FBF0,02:0024D598,02:0024D750,03:00239CE8,03:00239EA0,04:0023E418,04:0023E5D0,05:00274A68,05:00274C20,06:0025A738,06:0025A8F0,07:002731B0,07:00273368,08:00255610,08:002557C8,09:0026AA98,09:0026AC50,10:0023E4A0,10:0023E658,11:00270DC8,11:00270F80,12:00263C18,12:00263DD0,13:00256CA8,13:00256E60,14:00253638,14:002537F0,15:0023B038,15:0023B1F0,16:002470E8,16:002472A0,17:00246218,17:002463D0,18:0024DD20,18:0024DED8
func_L00_0024BAE8	shared	116	10607a33d39fdcdd	19	00:0024BAE8,01:0025FA78,02:0024D5D8,03:00239D28,04:0023E458,05:00274AA8,06:0025A778,07:002731F0,08:00255650,09:0026AAD8,10:0023E4E0,11:00270E08,12:00263C58,13:00256CE8,14:00253678,15:0023B078,16:00247128,17:00246258,18:0024DD60
func_L00_0024BB5C	shared	52	9f1e6d43ad3909a4	19	00:0024BB5C,01:0025FAEC,02:0024D64C,03:00239D9C,04:0023E4CC,05:00274B1C,06:0025A7EC,07:00273264,08:002556C4,09:0026AB4C,10:0023E554,11:00270E7C,12:00263CCC,13:00256D5C,14:002536EC,15:0023B0EC,16:0024719C,17:002462CC,18:0024DDD4
func_L00_0024BB90	shared	8	58a35e8db688e808	19	00:0024BB90,01:0025FB20,02:0024D680,03:00239DD0,04:0023E500,05:00274B50,06:0025A820,07:00273298,08:002556F8,09:0026AB80,10:0023E588,11:00270EB0,12:00263D00,13:00256D90,14:00253720,15:0023B120,16:002471D0,17:00246300,18:0024DE08
func_L00_0024BB98	shared	24	c2db865c1a170d01	19	00:0024BB98,01:0025FB28,02:0024D688,03:00239DD8,04:0023E508,05:00274B58,06:0025A828,07:002732A0,08:00255700,09:0026AB88,10:0023E590,11:00270EB8,12:00263D08,13:00256D98,14:00253728,15:0023B128,16:002471D8,17:00246308,18:0024DE10
func_L00_0024BBE8	shared	28	1db1d7dda4cc15a4	19	00:0024BBE8,00:0024BFE0,01:0025FB78,01:0025FF70,02:0024D6D8,02:0024DAD0,03:00239E28,03:0023A220,04:0023E558,04:0023E950,05:00274BA8,05:00274FA0,06:0025A878,06:0025AC70,07:002732F0,07:002736E8,08:00255750,08:00255B48,09:0026ABD8,09:0026AFD0,10:0023E5E0,10:0023E9D8,11:00270F08,11:00271300,12:00263D58,12:00264150,13:00256DE8,13:002571E0,14:00253778,14:00253B70,15:0023B178,15:0023B570,16:00247228,16:00247620,17:00246358,17:00246750,18:0024DE60,18:0024E258
func_L00_0024BC38	shared	40	aaf92d9f3bedb9d4	19	00:0024BC38,01:0025FBC8,02:0024D728,03:00239E78,04:0023E5A8,05:00274BF8,06:0025A8C8,07:00273340,08:002557A0,09:0026AC28,10:0023E630,11:00270F58,12:00263DA8,13:00256E38,14:002537C8,15:0023B1C8,16:00247278,17:002463A8,18:0024DEB0
func_L00_0024BCA0	shared	80	a134ec0c5c829c29	19	00:0024BCA0,01:0025FC30,02:0024D790,03:00239EE0,04:0023E610,05:00274C60,06:0025A930,07:002733A8,08:00255808,09:0026AC90,10:0023E698,11:00270FC0,12:00263E10,13:00256EA0,14:00253830,15:0023B230,16:002472E0,17:00246410,18:0024DF18
func_L00_0024BCF0	shared	36	ce4c10342f7f3c27	19	00:0024BCF0,01:0025FC80,02:0024D7E0,03:00239F30,04:0023E660,05:00274CB0,06:0025A980,07:002733F8,08:00255858,09:0026ACE0,10:0023E6E8,11:00271010,12:00263E60,13:00256EF0,14:00253880,15:0023B280,16:00247330,17:00246460,18:0024DF68
func_L00_0024BD18	shared	108	5b64adf4784b3a3b	19	00:0024BD18,01:0025FCA8,02:0024D808,03:00239F58,04:0023E688,05:00274CD8,06:0025A9A8,07:00273420,08:00255880,09:0026AD08,10:0023E710,11:00271038,12:00263E88,13:00256F18,14:002538A8,15:0023B2A8,16:00247358,17:00246488,18:0024DF90
func_L00_0024BD84	shared	52	3c0b505972a61704	19	00:0024BD84,01:0025FD14,02:0024D874,03:00239FC4,04:0023E6F4,05:00274D44,06:0025AA14,07:0027348C,08:002558EC,09:0026AD74,10:0023E77C,11:002710A4,12:00263EF4,13:00256F84,14:00253914,15:0023B314,16:002473C4,17:002464F4,18:0024DFFC
func_L00_0024BDB8	shared	24	31bc4265278deac4	19	00:0024BDB8,01:0025FD48,02:0024D8A8,03:00239FF8,04:0023E728,05:00274D78,06:0025AA48,07:002734C0,08:00255920,09:0026ADA8,10:0023E7B0,11:002710D8,12:00263F28,13:00256FB8,14:00253948,15:0023B348,16:002473F8,17:00246528,18:0024E030
func_00209808	exe	80	6dbbbd8fa6c3588c	19	00:0024BDD0,00:0024BE20,00:0024BE90,00:0024BEE0,01:0025FD60,01:0025FDB0,01:0025FE20,01:0025FE70,02:0024D8C0,02:0024D910,02:0024D980,02:0024D9D0,03:0023A010,03:0023A060,03:0023A0D0,03:0023A120,04:0023E740,04:0023E790,04:0023E800,04:0023E850,05:00274D90,05:00274DE0,05:00274E50,05:00274EA0,06:0025AA60,06:0025AAB0,06:0025AB20,06:0025AB70,07:002734D8,07:00273528,07:00273598,07:002735E8,08:00255938,08:00255988,08:002559F8,08:00255A48,09:0026ADC0,09:0026AE10,09:0026AE80,09:0026AED0,10:0023E7C8,10:0023E818,10:0023E888,10:0023E8D8,11:002710F0,11:00271140,11:002711B0,11:00271200,12:00263F40,12:00263F90,12:00264000,12:00264050,13:00256FD0,13:00257020,13:00257090,13:002570E0,14:00253960,14:002539B0,14:00253A20,14:00253A70,15:0023B360,15:0023B3B0,15:0023B420,15:0023B470,16:00247410,16:00247460,16:002474D0,16:00247520,17:00246540,17:00246590,17:00246600,17:00246650,18:0024E048,18:0024E098,18:0024E108,18:0024E158
func_002098A8	exe	32	f904d44c5b80248d	19	00:0024BE70,01:0025FE00,02:0024D960,03:0023A0B0,04:0023E7E0,05:00274E30,06:0025AB00,07:00273578,08:002559D8,09:0026AE60,10:0023E868,11:00271190,12:00263FE0,13:00257070,14:00253A00,15:0023B400,16:002474B0,17:002465E0,18:0024E0E8
func_L00_0024BF30	shared	84	b1f4738074ce7517	19	00:0024BF30,01:0025FEC0,02:0024DA20,03:0023A170,04:0023E8A0,05:00274EF0,06:0025ABC0,07:00273638,08:00255A98,09:0026AF20,10:0023E928,11:00271250,12:002640A0,13:00257130,14:00253AC0,15:0023B4C0,16:00247570,17:002466A0,18:0024E1A8
func_L00_0024BFB8	shared	40	a6ea193ded7543ad	19	00:0024BFB8,00:0024BFFC,01:0025FF48,01:0025FF8C,02:0024DAA8,02:0024DAEC,03:0023A1F8,03:0023A23C,04:0023E928,04:0023E96C,05:00274F78,05:00274FBC,06:0025AC48,06:0025AC8C,07:002736C0,07:00273704,08:00255B20,08:00255B64,09:0026AFA8,09:0026AFEC,10:0023E9B0,10:0023E9F4,11:002712D8,11:0027131C,12:00264128,12:0026416C,13:002571B8,13:002571FC,14:00253B48,14:00253B8C,15:0023B548,15:0023B58C,16:002475F8,16:0024763C,17:00246728,17:0024676C,18:0024E230,18:0024E274
func_00209A60	exe	340	d710879d4a85f0e9	19	00:0024C028,01:0025FFB8,02:0024DB18,03:0023A268,04:0023E998,05:00274FE8,06:0025ACB8,07:00273730,08:00255B90,09:0026B018,10:0023EA20,11:00271348,12:00264198,13:00257228,14:00253BB8,15:0023B5B8,16:00247668,17:00246798,18:0024E2A0
func_00209CE8	exe	212	cd1dd5625ea50818	19	00:0024C188,01:00260118,02:0024DC78,03:0023A3C8,04:0023EAF8,05:00275148,06:0025AE18,07:00273890,08:00255CF0,09:0026B178,10:0023EB80,11:002714A8,12:002642F8,13:00257388,14:00253D18,15:0023B718,16:002477C8,17:002468F8,18:0024E400
func_00209DC0	exe	168	4bf85178eafdd26e	19	00:0024C260,01:002601F0,02:0024DD50,03:0023A4A0,04:0023EBD0,05:00275220,06:0025AEF0,07:00273968,08:00255DC8,09:0026B250,10:0023EC58,11:00271580,12:002643D0,13:00257460,14:00253DF0,15:0023B7F0,16:002478A0,17:002469D0,18:0024E4D8
func_00209E68	exe	7064	af8fc785ff8fec50	19	00:0024C308,01:00260298,02:0024DDF8,03:0023A548,04:0023EC78,05:002752C8,06:0025AF98,07:00273A10,08:00255E70,09:0026B2F8,10:0023ED00,11:00271628,12:00264478,13:00257508,14:00253E98,15:0023B898,16:00247948,17:00246A78,18:0024E580
func_0020BA00	exe	168	05391b4d11f8654b	19	00:0024DEA0,01:00261E30,02:0024F990,03:0023C0E0,04:00240810,05:00276E60,06:0025CB30,07:002755A8,08:00257A08,09:0026CE90,10:00240898,11:002731C0,12:00266010,13:002590A0,14:00255A30,15:0023D430,16:002494E0,17:00248610,18:00250118
func_0020BAA8	exe	48	b33ade7e0ff99f01	19	00:0024DF48,01:00261ED8,02:0024FA38,03:0023C188,04:002408B8,05:00276F08,06:0025CBD8,07:00275650,08:00257AB0,09:0026CF38,10:00240940,11:00273268,12:002660B8,13:00259148,14:00255AD8,15:0023D4D8,16:00249588,17:002486B8,18:002501C0
func_0020BAD8	exe	56	fddcda134789c708	19	00:0024DF78,01:00261F08,02:0024FA68,03:0023C1B8,04:002408E8,05:00276F38,06:0025CC08,07:00275680,08:00257AE0,09:0026CF68,10:00240970,11:00273298,12:002660E8,13:00259178,14:00255B08,15:0023D508,16:002495B8,17:002486E8,18:002501F0
func_L00_0024DFB0	shared	20	2d193c41ed43bd5a	19	00:0024DFB0,01:00261F40,02:0024FAA0,03:0023C1F0,04:00240920,05:00276F70,06:0025CC40,07:002756B8,08:00257B18,09:0026CFA0,10:002409A8,11:002732D0,12:00266120,13:002591B0,14:00255B40,15:0023D540,16:002495F0,17:00248720,18:00250228
func_L00_0024DFC4	shared	96	7f91281aef828fd9	19	00:0024DFC4,01:00261F54,02:0024FAB4,03:0023C204,04:00240934,05:00276F84,06:0025CC54,07:002756CC,08:00257B2C,09:0026CFB4,10:002409BC,11:002732E4,12:00266134,13:002591C4,14:00255B54,15:0023D554,16:00249604,17:00248734,18:0025023C
func_0020BB88	exe	60	656a57f3485352cf	19	00:0024E028,01:00261FB8,02:0024FB18,03:0023C268,04:00240998,05:00276FE8,06:0025CCB8,07:00275730,08:00257B90,09:0026D018,10:00240A20,11:00273348,12:00266198,13:00259228,14:00255BB8,15:0023D5B8,16:00249668,17:00248798,18:002502A0
func_0020BBC8	exe	232	e4f634bf09d10455	19	00:0024E068,01:00261FF8,02:0024FB58,03:0023C2A8,04:002409D8,05:00277028,06:0025CCF8,07:00275770,08:00257BD0,09:0026D058,10:00240A60,11:00273388,12:002661D8,13:00259268,14:00255BF8,15:0023D5F8,16:002496A8,17:002487D8,18:002502E0
func_0020BCB0	exe	188	210a1dea3b809993	19	00:0024E150,01:002620E0,02:0024FC40,03:0023C390,04:00240AC0,05:00277110,06:0025CDE0,07:00275858,08:00257CB8,09:0026D140,10:00240B48,11:00273470,12:002662C0,13:00259350,14:00255CE0,15:0023D6E0,16:00249790,17:002488C0,18:002503C8
func_0020BD70	exe	596	887843520baf76da	19	00:0024E210,01:002621A0,02:0024FD00,03:0023C450,04:00240B80,05:002771D0,06:0025CEA0,07:00275918,08:00257D78,09:0026D200,10:00240C08,11:00273530,12:00266380,13:00259410,14:00255DA0,15:0023D7A0,16:00249850,17:00248980,18:00250488
func_0020BFC8	exe	580	9f2c4036b3a855fb	19	00:0024E468,01:002623F8,02:0024FF58,03:0023C6A8,04:00240DD8,05:00277428,06:0025D0F8,07:00275B70,08:00257FD0,09:0026D458,10:00240E60,11:00273788,12:002665D8,13:00259668,14:00255FF8,15:0023D9F8,16:00249AA8,17:00248BD8,18:002506E0
func_0020C210	exe	32	e7b7c71b8d03c0a1	19	00:0024E6B0,01:00262640,02:002501A0,03:0023C8F0,04:00241020,05:00277670,06:0025D340,07:00275DB8,08:00258218,09:0026D6A0,10:002410A8,11:002739D0,12:00266820,13:002598B0,14:00256240,15:0023DC40,16:00249CF0,17:00248E20,18:00250928
func_0020C230	exe	56	141811be3b6c8a02	19	00:0024E6D0,01:00262660,02:002501C0,03:0023C910,04:00241040,05:00277690,06:0025D360,07:00275DD8,08:00258238,09:0026D6C0,10:002410C8,11:002739F0,12:00266840,13:002598D0,14:00256260,15:0023DC60,16:00249D10,17:00248E40,18:00250948
func_0020C268	exe	140	0188dd17d8b691de	19	00:0024E708,01:00262698,02:002501F8,03:0023C948,04:00241078,05:002776C8,06:0025D398,07:00275E10,08:00258270,09:0026D6F8,10:00241100,11:00273A28,12:00266878,13:00259908,14:00256298,15:0023DC98,16:00249D48,17:00248E78,18:00250980
func_L00_0024E798	shared	352	504f2eefddc4f000	19	00:0024E798,01:00262728,02:00250288,03:0023C9D8,04:00241108,05:00277758,06:0025D428,07:00275EA0,08:00258300,09:0026D788,10:00241190,11:00273AB8,12:00266908,13:00259998,14:00256328,15:0023DD28,16:00249DD8,17:00248F08,18:00250A10
func_00218A78	exe	4	2a6f3e0d3ecf858e	19	00:0024E8F8,01:00262888,02:002503E8,03:0023CB38,04:00241268,05:002778B8,06:0025D588,07:00276000,08:00258460,09:0026D8E8,10:002412F0,11:00273C18,12:00266A68,13:00259AF8,14:00256488,15:0023DE88,16:00249F38,17:00249068,18:00250B70
func_L00_0024E8FC	shared	12	5a1459bf4c6bc682	19	00:0024E8FC,01:0026288C,02:002503EC,03:0023CB3C,04:0024126C,05:002778BC,06:0025D58C,07:00276004,08:00258464,09:0026D8EC,10:002412F4,11:00273C1C,12:00266A6C,13:00259AFC,14:0025648C,15:0023DE8C,16:00249F3C,17:0024906C,18:00250B74
func_0020C468	exe	720	002e05b23c7fb2be	19	00:0024E908,01:00262898,02:002503F8,03:0023CB48,04:00241278,05:002778C8,06:0025D598,07:00276010,08:00258470,09:0026D8F8,10:00241300,11:00273C28,12:00266A78,13:00259B08,14:00256498,15:0023DE98,16:00249F48,17:00249078,18:00250B80
func_0020C738	exe	32	ba09213f8b770435	19	00:0024EBD8,01:00262B68,02:002506C8,03:0023CE18,04:00241548,05:00277B98,06:0025D868,07:002762E0,08:00258740,09:0026DBC8,10:002415D0,11:00273EF8,12:00266D48,13:00259DD8,14:00256768,15:0023E168,16:0024A218,17:00249348,18:00250E50
func_L00_0024EBF8	shared	40	280dfc33385dc440	19	00:0024EBF8,01:00262B88,02:002506E8,03:0023CE38,04:00241568,05:00277BB8,06:0025D888,07:00276300,08:00258760,09:0026DBE8,10:002415F0,11:00273F18,12:00266D68,13:00259DF8,14:00256788,15:0023E188,16:0024A238,17:00249368,18:00250E70
func_L00_0024EC20	shared	28	7368f2e7f89ac4a3	8	00:0024EC20,04:00241590,06:0025D8B0,10:00241618,15:0023E1B0,16:0024A260,17:00249390,18:00250E98
func_0020C7A0	exe	416	1b131214339d88e5	19	00:0024EC40,01:00263710,02:00250FC8,03:0023D718,04:002415B0,05:00278EA0,06:0025D8D0,07:002775E8,08:002590B8,09:0026E4C8,10:00241638,11:002749E0,12:00267900,13:0025A848,14:00257140,15:0023E1D0,16:0024A280,17:002493B0,18:00250EB8
func_0020C940	exe	272	a87c53add0d26744	19	00:0024EDE0,01:002638B0,02:00251168,03:0023D8B8,04:00241750,05:00279040,06:0025DA70,07:00277788,08:00259258,09:0026E668,10:002417D8,11:00274B80,12:00267AA0,13:0025A9E8,14:002572E0,15:0023E370,16:0024A420,17:00249550,18:00251058
func_L00_0024EEF0	shared	56	0e9e6dcfd6fa39fe	19	00:0024EEF0,01:002639C0,02:00251278,03:0023D9C8,04:00241860,05:00279150,06:0025DB80,07:00277898,08:00259368,09:0026E778,10:002418E8,11:00274C90,12:00267BB0,13:0025AAF8,14:002573F0,15:0023E480,16:0024A530,17:00249660,18:00251168
func_L00_0024EF28	shared	244	dd70a87b930b5140	19	00:0024EF28,01:002639F8,02:002512B0,03:0023DA00,04:00241898,05:00279188,06:0025DBB8,07:002778D0,08:002593A0,09:0026E7B0,10:00241920,11:00274CC8,12:00267BE8,13:0025AB30,14:00257428,15:0023E4B8,16:0024A568,17:00249698,18:002511A0
func_0020CB80	exe	40	3c256573197ada44	19	00:0024F020,00:0024F0B0,00:0024F0D8,00:0024F100,01:00263AF0,01:00263B80,01:00263BA8,01:00263BD0,02:002513A8,02:00251438,02:00251460,02:00251488,03:0023DAF8,03:0023DB88,03:0023DBB0,03:0023DBD8,04:00241990,04:00241A20,04:00241A48,04:00241A70,05:00279280,05:00279310,05:00279338,05:00279360,06:0025DCB0,06:0025DD40,06:0025DD68,06:0025DD90,07:002779C8,07:00277A58,07:00277A80,07:00277AA8,08:00259498,08:00259528,08:00259550,08:00259578,09:0026E8A8,09:0026E938,09:0026E960,09:0026E988,10:00241A18,10:00241AA8,10:00241AD0,10:00241AF8,11:00274DC0,11:00274E50,11:00274E78,11:00274EA0,12:00267CE0,12:00267D70,12:00267D98,12:00267DC0,13:0025AC28,13:0025ACB8,13:0025ACE0,13:0025AD08,14:00257520,14:002575B0,14:002575D8,14:00257600,15:0023E5B0,15:0023E640,15:0023E668,15:0023E690,16:0024A660,16:0024A6F0,16:0024A718,16:0024A740,17:00249790,17:00249820,17:00249848,17:00249870,18:00251298,18:00251328,18:00251350,18:00251378
func_L00_0024F048	shared	12	b2c89d3e592d2431	19	00:0024F048,01:00263B18,02:002513D0,03:0023DB20,04:002419B8,05:002792A8,06:0025DCD8,07:002779F0,08:002594C0,09:0026E8D0,10:00241A40,11:00274DE8,12:00267D08,13:0025AC50,14:00257548,15:0023E5D8,16:0024A688,17:002497B8,18:002512C0
func_0020CC88	exe	44	87cd88a272d7f9f2	19	00:0024F054,00:0024F128,01:00263B24,01:00263BF8,02:002513DC,02:002514B0,03:0023DB2C,03:0023DC00,04:002419C4,04:00241A98,05:002792B4,05:00279388,06:0025DCE4,06:0025DDB8,07:002779FC,07:00277AD0,08:002594CC,08:002595A0,09:0026E8DC,09:0026E9B0,10:00241A4C,10:00241B20,11:00274DF4,11:00274EC8,12:00267D14,12:00267DE8,13:0025AC5C,13:0025AD30,14:00257554,14:00257628,15:0023E5E4,15:0023E6B8,16:0024A694,16:0024A768,17:002497C4,17:00249898,18:002512CC,18:002513A0
func_0020CBE0	exe	44	400f69d04b855184	19	00:0024F080,01:00263B50,02:00251408,03:0023DB58,04:002419F0,05:002792E0,06:0025DD10,07:00277A28,08:002594F8,09:0026E908,10:00241A78,11:00274E20,12:00267D40,13:0025AC88,14:00257580,15:0023E610,16:0024A6C0,17:002497F0,18:002512F8
func_0020CCB8	exe	24	5c040962afad2528	19	00:0024F158,01:00263C28,02:002514E0,03:0023DC30,04:00241AC8,05:002793B8,06:0025DDE8,07:00277B00,08:002595D0,09:0026E9E0,10:00241B50,11:00274EF8,12:00267E18,13:0025AD60,14:00257658,15:0023E6E8,16:0024A798,17:002498C8,18:002513D0
func_L00_0024F170	shared	40	a7c4be72b2295b37	19	00:0024F170,01:00263C40,02:002514F8,03:0023DC48,04:00241AE0,05:002793D0,06:0025DE00,07:00277B18,08:002595E8,09:0026E9F8,10:00241B68,11:00274F10,12:00267E30,13:0025AD78,14:00257670,15:0023E700,16:0024A7B0,17:002498E0,18:002513E8
func_L00_0024F198	shared	44	c5c02bed8664b003	19	00:0024F198,01:00263C68,02:00251520,03:0023DC70,04:00241B08,05:002793F8,06:0025DE28,07:00277B40,08:00259610,09:0026EA20,10:00241B90,11:00274F38,12:00267E58,13:0025ADA0,14:00257698,15:0023E728,16:0024A7D8,17:00249908,18:00251410
func_L00_0024F1C8	shared	36	aadfdd91a9911e04	19	00:0024F1C8,01:00263C98,02:00251550,03:0023DCA0,04:00241B38,05:00279428,06:0025DE58,07:00277B70,08:00259640,09:0026EA50,10:00241BC0,11:00274F68,12:00267E88,13:0025ADD0,14:002576C8,15:0023E758,16:0024A808,17:00249938,18:00251440
func_0020CD58	exe	40	ee4207bebf2ff930	19	00:0024F1F8,01:00263CC8,02:00251580,03:0023DCD0,04:00241B68,05:00279458,06:0025DE88,07:00277BA0,08:00259670,09:0026EA80,10:00241BF0,11:00274F98,12:00267EB8,13:0025AE00,14:002576F8,15:0023E788,16:0024A838,17:00249968,18:00251470
func_L00_0024F220	shared	28	2aeb96e24c74ce68	19	00:0024F220,01:00263CF0,02:002515A8,03:0023DCF8,04:00241B90,05:00279480,06:0025DEB0,07:00277BC8,08:00259698,09:0026EAA8,10:00241C18,11:00274FC0,12:00267EE0,13:0025AE28,14:00257720,15:0023E7B0,16:0024A860,17:00249990,18:00251498
func_L00_0024F258	shared	32	9922021ecfd53648	19	00:0024F258,01:00263D28,02:002515E0,03:0023DD30,04:00241BC8,05:002794B8,06:0025DEE8,07:00277C00,08:002596D0,09:0026EAE0,10:00241C50,11:00274FF8,12:00267F18,13:0025AE60,14:00257758,15:0023E7E8,16:0024A898,17:002499C8,18:002514D0
func_0020CDE0	exe	1376	5d9743283812ae0e	19	00:0024F280,01:00263D50,02:00251608,03:0023DD58,04:00241BF0,05:002794E0,06:0025DF10,07:00277C28,08:002596F8,09:0026EB08,10:00241C78,11:00275020,12:00267F40,13:0025AE88,14:00257780,15:0023E810,16:0024A8C0,17:002499F0,18:002514F8
func_L00_0024F7E0	shared	140	fdeb8020280fccd3	19	00:0024F7E0,01:002642B0,02:00251B68,03:0023E2B8,04:00242150,05:00279A40,06:0025E470,07:00278188,08:00259C58,09:0026F068,10:002421D8,11:00275580,12:002684A0,13:0025B3E8,14:00257CE0,15:0023ED70,16:0024AE20,17:00249F50,18:00251A58
func_0020D348	exe	248	4296f7622bee6e7c	19	00:0024F870,01:00264340,02:00251BF8,03:0023E348,04:002421E0,05:00279AD0,06:0025E500,07:00278218,08:00259CE8,09:0026F0F8,10:00242268,11:00275610,12:00268530,13:0025B478,14:00257D70,15:0023EE00,16:0024AEB0,17:00249FE0,18:00251AE8
func_0020D440	exe	568	8e8a12f0106bbe73	19	00:0024F968,01:00264438,02:00251CF0,03:0023E440,04:002422D8,05:00279BC8,06:0025E5F8,07:00278310,08:00259DE0,09:0026F1F0,10:00242360,11:00275708,12:00268628,13:0025B570,14:00257E68,15:0023EEF8,16:0024AFA8,17:0024A0D8,18:00251BE0
func_0020D678	exe	88	45dbcd810df0d03d	19	00:0024FBA0,01:00264670,02:00251F28,03:0023E678,04:00242510,05:00279E00,06:0025E830,07:00278548,08:0025A018,09:0026F428,10:00242598,11:00275940,12:00268860,13:0025B7A8,14:002580A0,15:0023F130,16:0024B1E0,17:0024A310,18:00251E18
func_0020D6D0	exe	188	8a609d4d59600711	19	00:0024FBF8,01:002646C8,02:00251F80,03:0023E6D0,04:00242568,05:00279E58,06:0025E888,07:002785A0,08:0025A070,09:0026F480,10:002425F0,11:00275998,12:002688B8,13:0025B800,14:002580F8,15:0023F188,16:0024B238,17:0024A368,18:00251E70
func_0020D790	exe	152	8385b37b79048e1b	19	00:0024FCB8,01:00264788,02:00252040,03:0023E790,04:00242628,05:00279F18,06:0025E948,07:00278660,08:0025A130,09:0026F540,10:002426B0,11:00275A58,12:00268978,13:0025B8C0,14:002581B8,15:0023F248,16:0024B2F8,17:0024A428,18:00251F30
func_L00_0024FD50	shared	168	107fc368ef6ad18a	19	00:0024FD50,01:00264820,02:002520D8,03:0023E828,04:002426C0,05:00279FB0,06:0025E9E0,07:002786F8,08:0025A1C8,09:0026F5D8,10:00242748,11:00275AF0,12:00268A10,13:0025B958,14:00258250,15:0023F2E0,16:0024B390,17:0024A4C0,18:00251FC8
func_0020D830	exe	244	520711a7130bd72f	19	00:0024FE00,01:002648D0,02:00252188,03:0023E8D8,04:00242770,05:0027A060,06:0025EA90,07:002787A8,08:0025A278,09:0026F688,10:002427F8,11:00275BA0,12:00268AC0,13:0025BA08,14:00258300,15:0023F390,16:0024B440,17:0024A570,18:00252078
func_L00_0024FEF8	shared	20	3d5c53d0213d92ca	14	00:0024FEF8,03:0023E9D0,05:0027A158,06:0025EB88,07:002788A0,08:0025A370,09:0026F780,10:002428F0,11:00275C98,12:00268BB8,13:0025BB00,14:002583F8,16:0024B538,18:00252170
func_L00_0024FF10	shared	216	0d377ca190759845	19	00:0024FF10,01:00264C68,02:00252520,03:0023E9E8,04:00242BC8,05:0027A170,06:0025EBA0,07:002788B8,08:0025A388,09:0026F798,10:00242908,11:00275CB0,12:00268BD0,13:0025BB18,14:00258410,15:0023F508,16:0024B550,17:0024A740,18:00252188
func_L00_0024FFE8	shared	116	ec41e2f53430fd9d	19	00:0024FFE8,01:00264D40,02:002525F8,03:0023EAC0,04:00242CA0,05:0027A248,06:0025EC78,07:00278990,08:0025A460,09:0026F870,10:002429E0,11:00275D88,12:00268CA8,13:0025BBF0,14:002584E8,15:0023F5E0,16:0024B628,17:0024A818,18:00252260
func_L00_00250060	shared	192	66c58f5fe654d7f9	19	00:00250060,01:00264DB8,02:00252670,03:0023EB38,04:00242D18,05:0027A2C0,06:0025ECF0,07:00278A08,08:0025A4D8,09:0026F8E8,10:00242A58,11:00275E00,12:00268D20,13:0025BC68,14:00258560,15:0023F658,16:0024B6A0,17:0024A890,18:002522D8
func_L00_00250120	shared	164	ee9dcfba2f1a7543	19	00:00250120,01:00264E78,02:00252730,03:0023EBF8,04:00242DD8,05:0027A380,06:0025EDB0,07:00278AC8,08:0025A598,09:0026F9A8,10:00242B18,11:00275EC0,12:00268DE0,13:0025BD28,14:00258620,15:0023F718,16:0024B760,17:0024A950,18:00252398
func_L00_002501C8	shared	588	6f139b16174ef939	19	00:002501C8,01:00264F20,02:002527D8,03:0023ECA0,04:00242E80,05:0027A428,06:0025EE58,07:00278B70,08:0025A640,09:0026FA50,10:00242BC0,11:00275F68,12:00268E88,13:0025BDD0,14:002586C8,15:0023F7C0,16:0024B808,17:0024A9F8,18:00252440
func_L00_00250418	shared	92	d7fb16763e29ac74	19	00:00250418,01:00265170,02:00252A28,03:0023EEF0,04:002430D0,05:0027A678,06:0025F0A8,07:00278DC0,08:0025A890,09:0026FCA0,10:00242E10,11:002761B8,12:002690D8,13:0025C020,14:00258918,15:0023FA10,16:0024BA58,17:0024AC48,18:00252690
func_L00_00250478	shared	336	db69e9e682beff24	19	00:00250478,01:002651D0,02:00252A88,03:0023EF50,04:00243130,05:0027A6D8,06:0025F108,07:00278E20,08:0025A8F0,09:0026FD00,10:00242E70,11:00276218,12:00269138,13:0025C080,14:00258978,15:0023FA70,16:0024BAB8,17:0024ACA8,18:002526F0
func_0020D960	exe	120	c1e9265c2a0474cb	19	00:002505C8,01:00265320,02:00252BD8,03:0023F0A0,04:00243280,05:0027A828,06:0025F258,07:00278F70,08:0025AA40,09:0026FE50,10:00242FC0,11:00276368,12:00269288,13:0025C1D0,14:00258AC8,15:0023FBC0,16:0024BC08,17:0024ADF8,18:00252840
func_0020D9D8	exe	144	32b0e099b778d39a	19	00:00250640,01:00265398,02:00252C50,03:0023F118,04:002432F8,05:0027A8A0,06:0025F2D0,07:00278FE8,08:0025AAB8,09:0026FEC8,10:00243038,11:002763E0,12:00269300,13:0025C248,14:00258B40,15:0023FC38,16:0024BC80,17:0024AE70,18:002528B8
func_L00_002506D0	shared	48	48d8efed64909e66	19	00:002506D0,01:00265428,02:00252CE0,03:0023F1A8,04:00243388,05:0027A930,06:0025F360,07:00279078,08:0025AB48,09:0026FF58,10:002430C8,11:00276470,12:00269390,13:0025C2D8,14:00258BD0,15:0023FCC8,16:0024BD10,17:0024AF00,18:00252948
func_L00_00250700	shared	20	b88e98a85988adc3	19	00:00250700,01:00265458,02:00252D10,03:0023F1D8,04:002433B8,05:0027A960,06:0025F390,07:002790A8,08:0025AB78,09:0026FF88,10:002430F8,11:002764A0,12:002693C0,13:0025C308,14:00258C00,15:0023FCF8,16:0024BD40,17:0024AF30,18:00252978
func_0020DAB0	exe	72	9b1309b5398a98b4	19	00:00250718,01:00265470,02:00252D28,03:0023F1F0,04:002433D0,05:0027A978,06:0025F3A8,07:002790C0,08:0025AB90,09:0026FFA0,10:00243110,11:002764B8,12:002693D8,13:0025C320,14:00258C18,15:0023FD10,16:0024BD58,17:0024AF48,18:00252990
func_0020DAF8	exe	160	ce4ce9348559fa0d	19	00:00250760,01:002654B8,02:00252D70,03:0023F238,04:00243418,05:0027A9C0,06:0025F3F0,07:00279108,08:0025ABD8,09:0026FFE8,10:00243158,11:00276500,12:00269420,13:0025C368,14:00258C60,15:0023FD58,16:0024BDA0,17:0024AF90,18:002529D8
func_L00_00250800	shared	136	5a2548eab852be7f	19	00:00250800,01:00265558,02:00252E10,03:0023F2D8,04:002434B8,05:0027AA60,06:0025F490,07:002791A8,08:0025AC78,09:00270088,10:002431F8,11:002765A0,12:002694C0,13:0025C408,14:00258D00,15:0023FDF8,16:0024BE40,17:0024B030,18:00252A78
func_0020DB98	exe	160	eea52d716bfd4e73	19	00:00250888,01:002655E0,02:00252E98,03:0023F360,04:00243540,05:0027AAE8,06:0025F518,07:00279230,08:0025AD00,09:00270110,10:00243280,11:00276628,12:00269548,13:0025C490,14:00258D88,15:0023FE80,16:0024BEC8,17:0024B0B8,18:00252B00
func_L00_00250928	shared	212	251d8bea021269dd	19	00:00250928,01:00265680,02:00252F38,03:0023F400,04:002435E0,05:0027AB88,06:0025F5B8,07:002792D0,08:0025ADA0,09:002701B0,10:00243320,11:002766C8,12:002695E8,13:0025C530,14:00258E28,15:0023FF20,16:0024BF68,17:0024B158,18:00252BA0
func_0020DC40	exe	264	2af5cc5c2669c9ca	19	00:00250A00,01:00265758,02:00253010,03:0023F4D8,04:002436B8,05:0027AC60,06:0025F690,07:002793A8,08:0025AE78,09:00270288,10:002433F8,11:002767A0,12:002696C0,13:0025C608,14:00258F00,15:0023FFF8,16:0024C040,17:0024B230,18:00252C78
func_0020DD48	exe	216	d2522876b11dd5e2	19	00:00250B08,01:00265860,02:00253118,03:0023F5E0,04:002437C0,05:0027AD68,06:0025F798,07:002794B0,08:0025AF80,09:00270390,10:00243500,11:002768A8,12:002697C8,13:0025C710,14:00259008,15:00240100,16:0024C148,17:0024B338,18:00252D80
func_0020DE20	exe	144	3cd0ccf39d20eead	19	00:00250BE0,01:00265938,02:002531F0,03:0023F6B8,04:00243898,05:0027AE40,06:0025F870,07:00279588,08:0025B058,09:00270468,10:002435D8,11:00276980,12:002698A0,13:0025C7E8,14:002590E0,15:002401D8,16:0024C220,17:0024B410,18:00252E58
func_0020DEB0	exe	324	a644f5e34d41af40	19	00:00250C70,01:002659C8,02:00253280,03:0023F748,04:00243928,05:0027AED0,06:0025F900,07:00279618,08:0025B0E8,09:002704F8,10:00243668,11:00276A10,12:00269930,13:0025C878,14:00259170,15:00240268,16:0024C2B0,17:0024B4A0,18:00252EE8
func_0020DFF8	exe	68	eb5e0ddd8edc06d7	19	00:00250DB8,01:00265B10,02:002533C8,03:0023F890,04:00243A70,05:0027B018,06:0025FA48,07:00279760,08:0025B230,09:00270640,10:002437B0,11:00276B58,12:00269A78,13:0025C9C0,14:002592B8,15:002403B0,16:0024C3F8,17:0024B5E8,18:00253030
func_0020E040	exe	40	886e3b574be7ffce	19	00:00250E00,01:00265B58,02:00253410,03:0023F8D8,04:00243AB8,05:0027B060,06:0025FA90,07:002797A8,08:0025B278,09:00270688,10:002437F8,11:00276BA0,12:00269AC0,13:0025CA08,14:00259300,15:002403F8,16:0024C440,17:0024B630,18:00253078
func_0020E068	exe	44	74c5a02e1183ae40	19	00:00250E28,01:00265B80,02:00253438,03:0023F900,04:00243AE0,05:0027B088,06:0025FAB8,07:002797D0,08:0025B2A0,09:002706B0,10:00243820,11:00276BC8,12:00269AE8,13:0025CA30,14:00259328,15:00240420,16:0024C468,17:0024B658,18:002530A0
func_0020E098	exe	44	661f24e25935965f	19	00:00250E58,01:00265BB0,02:00253468,03:0023F930,04:00243B10,05:0027B0B8,06:0025FAE8,07:00279800,08:0025B2D0,09:002706E0,10:00243850,11:00276BF8,12:00269B18,13:0025CA60,14:00259358,15:00240450,16:0024C498,17:0024B688,18:002530D0
func_0020E0C8	exe	184	bdc516ae62e22655	19	00:00250E88,01:00265BE0,02:00253498,03:0023F960,04:00243B40,05:0027B0E8,06:0025FB18,07:00279830,08:0025B300,09:00270710,10:00243880,11:00276C28,12:00269B48,13:0025CA90,14:00259388,15:00240480,16:0024C4C8,17:0024B6B8,18:00253100
func_0020E180	exe	128	16c501701ef3a7ea	19	00:00250F40,01:00265C98,02:00253550,03:0023FA18,04:00243BF8,05:0027B1A0,06:0025FBD0,07:002798E8,08:0025B3B8,09:002707C8,10:00243938,11:00276CE0,12:00269C00,13:0025CB48,14:00259440,15:00240538,16:0024C580,17:0024B770,18:002531B8
func_0020E200	exe	172	eadd7bcf5370c610	19	00:00250FC0,01:00265D18,02:002535D0,03:0023FA98,04:00243C78,05:0027B220,06:0025FC50,07:00279968,08:0025B438,09:00270848,10:002439B8,11:00276D60,12:00269C80,13:0025CBC8,14:002594C0,15:002405B8,16:0024C600,17:0024B7F0,18:00253238
func_0020E2B0	exe	128	cbc9ccacc9583faa	19	00:00251070,01:00265DC8,02:00253680,03:0023FB48,04:00243D28,05:0027B2D0,06:0025FD00,07:00279A18,08:0025B4E8,09:002708F8,10:00243A68,11:00276E10,12:00269D30,13:0025CC78,14:00259570,15:00240668,16:0024C6B0,17:0024B8A0,18:002532E8
func_L00_002510F0	shared	484	810e2e2532328ad7	19	00:002510F0,01:00265E48,02:00253700,03:0023FBC8,04:00243DA8,05:0027B350,06:0025FD80,07:00279A98,08:0025B568,09:00270978,10:00243AE8,11:00276E90,12:00269DB0,13:0025CCF8,14:002595F0,15:002406E8,16:0024C730,17:0024B920,18:00253368
func_L00_002512D8	shared	44	15827afdd1932f65	19	00:002512D8,01:00266030,02:002538E8,03:0023FDB0,04:00243F90,05:0027B538,06:0025FF68,07:00279C80,08:0025B750,09:00270B60,10:00243CD0,11:00277078,12:00269F98,13:0025CEE0,14:002597D8,15:002408D0,16:0024C918,17:0024BB08,18:00253550
func_0020E340	exe	32	e6b48a6ab04d98a0	19	00:00251308,01:00266060,02:00253918,03:0023FDE0,04:00243FC0,05:0027B568,06:0025FF98,07:00279CB0,08:0025B780,09:00270B90,10:00243D00,11:002770A8,12:00269FC8,13:0025CF10,14:00259808,15:00240900,16:0024C948,17:0024BB38,18:00253580
func_L00_00251328	shared	48	d326ec7579414cdd	19	00:00251328,01:00266080,02:00253938,03:0023FE00,04:00243FE0,05:0027B588,06:0025FFB8,07:00279CD0,08:0025B7A0,09:00270BB0,10:00243D20,11:002770C8,12:00269FE8,13:0025CF30,14:00259828,15:00240920,16:0024C968,17:0024BB58,18:002535A0
func_L00_00251358	shared	48	e85cee67769ab7bc	19	00:00251358,01:002660B0,02:00253968,03:0023FE30,04:00244010,05:0027B5B8,06:0025FFE8,07:00279D00,08:0025B7D0,09:00270BE0,10:00243D50,11:002770F8,12:0026A018,13:0025CF60,14:00259858,15:00240950,16:0024C998,17:0024BB88,18:002535D0
func_L00_00251388	shared	64	1fd52e45bbaade0b	19	00:00251388,00:002513F8,01:002660E0,01:00266150,02:00253998,02:00253A08,03:0023FE60,03:0023FED0,04:00244040,04:002440B0,05:0027B5E8,05:0027B658,06:00260018,06:00260088,07:00279D30,07:00279DA0,08:0025B800,08:0025B870,09:00270C10,09:00270C80,10:00243D80,10:00243DF0,11:00277128,11:00277198,12:0026A048,12:0026A0B8,13:0025CF90,13:0025D000,14:00259888,14:002598F8,15:00240980,15:002409F0,16:0024C9C8,16:0024CA38,17:0024BBB8,17:0024BC28,18:00253600,18:00253670
func_L00_002513C8	shared	48	a12057da96166f6d	19	00:002513C8,00:00251438,01:00266120,01:00266190,02:002539D8,02:00253A48,03:0023FEA0,03:0023FF10,04:00244080,04:002440F0,05:0027B628,05:0027B698,06:00260058,06:002600C8,07:00279D70,07:00279DE0,08:0025B840,08:0025B8B0,09:00270C50,09:00270CC0,10:00243DC0,10:00243E30,11:00277168,11:002771D8,12:0026A088,12:0026A0F8,13:0025CFD0,13:0025D040,14:002598C8,14:00259938,15:002409C0,15:00240A30,16:0024CA08,16:0024CA78,17:0024BBF8,17:0024BC68,18:00253640,18:002536B0
func_L00_00251468	shared	80	454250b0e410eb0a	19	00:00251468,01:002661C0,02:00253A78,03:0023FF40,04:00244120,05:0027B6C8,06:002600F8,07:00279E10,08:0025B8E0,09:00270CF0,10:00243E60,11:00277208,12:0026A128,13:0025D070,14:00259968,15:00240A60,16:0024CAA8,17:0024BC98,18:002536E0
func_L00_002514B8	shared	184	f7dbc09bb317b6a2	19	00:002514B8,01:00266210,02:00253AC8,03:0023FF90,04:00244170,05:0027B718,06:00260148,07:00279E60,08:0025B930,09:00270D40,10:00243EB0,11:00277258,12:0026A178,13:0025D0C0,14:002599B8,15:00240AB0,16:0024CAF8,17:0024BCE8,18:00253730
func_L00_00251570	shared	184	789f2aa5718c3864	19	00:00251570,01:002662C8,02:00253B80,03:00240048,04:00244228,05:0027B7D0,06:00260200,07:00279F18,08:0025B9E8,09:00270DF8,10:00243F68,11:00277310,12:0026A230,13:0025D178,14:00259A70,15:00240B68,16:0024CBB0,17:0024BDA0,18:002537E8
func_L00_00251628	shared	160	3877fd9d6138e093	19	00:00251628,01:00266380,02:00253C38,03:00240100,04:002442E0,05:0027B888,06:002602B8,07:00279FD0,08:0025BAA0,09:00270EB0,10:00244020,11:002773C8,12:0026A2E8,13:0025D230,14:00259B28,15:00240C20,16:0024CC68,17:0024BE58,18:002538A0
func_L00_002516C8	shared	216	313d6dc83f691dd3	19	00:002516C8,01:00266420,02:00253CD8,03:002401A0,04:00244380,05:0027B928,06:00260358,07:0027A070,08:0025BB40,09:00270F50,10:002440C0,11:00277468,12:0026A388,13:0025D2D0,14:00259BC8,15:00240CC0,16:0024CD08,17:0024BEF8,18:00253940
func_0020E6B8	exe	384	20e0da65daa3bd51	19	00:002517A0,01:002664F8,02:00253DB0,03:00240278,04:00244458,05:0027BA00,06:00260430,07:0027A148,08:0025BC18,09:00271028,10:00244198,11:00277540,12:0026A460,13:0025D3A8,14:00259CA0,15:00240D98,16:0024CDE0,17:0024BFD0,18:00253A18
func_0020E838	exe	344	1477674a5443a172	19	00:00251920,01:00266678,02:00253F30,03:002403F8,04:002445D8,05:0027BB80,06:002605B0,07:0027A2C8,08:0025BD98,09:002711A8,10:00244318,11:002776C0,12:0026A5E0,13:0025D528,14:00259E20,15:00240F18,16:0024CF60,17:0024C150,18:00253B98
func_L00_00251A78	shared	80	f13caa18c175beb2	19	00:00251A78,01:002667D0,02:00254088,03:00240550,04:00244730,05:0027BCD8,06:00260708,07:0027A420,08:0025BEF0,09:00271300,10:00244470,11:00277818,12:0026A738,13:0025D680,14:00259F78,15:00241070,16:0024D0B8,17:0024C2A8,18:00253CF0
func_0020E9F0	exe	128	30c5cd9c65cc1041	19	00:00251AD8,01:00266830,02:002540E8,03:002405B0,04:00244790,05:0027BD38,06:00260768,07:0027A480,08:0025BF50,09:00271360,10:002444D0,11:00277878,12:0026A798,13:0025D6E0,14:00259FD8,15:002410D0,16:0024D118,17:0024C308,18:00253D50
func_L00_00251B58	shared	448	a02cfd5ed626fdc1	19	00:00251B58,01:002668B0,02:00254168,03:00240630,04:00244810,05:0027BDB8,06:002607E8,07:0027A500,08:0025BFD0,09:002713E0,10:00244550,11:002778F8,12:0026A818,13:0025D760,14:0025A058,15:00241150,16:0024D198,17:0024C388,18:00253DD0
func_L00_00251D18	shared	276	bcd55fc427c18167	19	00:00251D18,01:00266A70,02:00254328,03:002407F0,04:002449D0,05:0027BF78,06:002609A8,07:0027A6C0,08:0025C190,09:002715A0,10:00244710,11:00277AB8,12:0026A9D8,13:0025D920,14:0025A218,15:00241310,16:0024D358,17:0024C548,18:00253F90
func_L00_00251E30	shared	264	cd8666009dd5196a	19	00:00251E30,01:00266B88,02:00254440,03:00240908,04:00244AE8,05:0027C090,06:00260AC0,07:0027A7D8,08:0025C2A8,09:002716B8,10:00244828,11:00277BD0,12:0026AAF0,13:0025DA38,14:0025A330,15:00241428,16:0024D470,17:0024C660,18:002540A8
func_L00_00251F38	shared	152	6e26d03b3a7f5877	19	00:00251F38,01:00266C90,02:00254548,03:00240A10,04:00244BF0,05:0027C198,06:00260BC8,07:0027A8E0,08:0025C3B0,09:002717C0,10:00244930,11:00277CD8,12:0026ABF8,13:0025DB40,14:0025A438,15:00241530,16:0024D578,17:0024C768,18:002541B0
func_0020EEE8	exe	72	30d745de22ab7929	19	00:00251FD0,01:00266D28,02:002545E0,03:00240AA8,04:00244C88,05:0027C230,06:00260C60,07:0027A978,08:0025C448,09:00271858,10:002449C8,11:00277D70,12:0026AC90,13:0025DBD8,14:0025A4D0,15:002415C8,16:0024D610,17:0024C800,18:00254248
func_L00_00252018	shared	3284	758cfa5c3d3f50c0	19	00:00252018,01:00266D70,02:00254628,03:00240AF0,04:00244CD0,05:0027C278,06:00260CA8,07:0027A9C0,08:0025C490,09:002718A0,10:00244A10,11:00277DB8,12:0026ACD8,13:0025DC20,14:0025A518,15:00241610,16:0024D658,17:0024C848,18:00254290
func_L00_00252CEC	shared	48	da1d3bc50f7ae288	19	00:00252CEC,01:00267A44,02:002552FC,03:002417C4,04:002459A4,05:0027CF4C,06:0026197C,07:0027B694,08:0025D164,09:00272574,10:002456E4,11:00278A8C,12:0026B9AC,13:0025E8F4,14:0025B1EC,15:002422E4,16:0024E32C,17:0024D51C,18:00254F64
func_L00_00252D20	shared	2216	f5e4dcad84bde227	19	00:00252D20,01:00267A78,02:00255330,03:002417F8,04:002459D8,05:0027CF80,06:002619B0,07:0027B6C8,08:0025D198,09:002725A8,10:00245718,11:00278AC0,12:0026B9E0,13:0025E928,14:0025B220,15:00242318,16:0024E360,17:0024D550,18:00254F98
func_L00_002535C8	shared	1024	29c2be14f5a55be7	19	00:002535C8,01:00268320,02:00255BD8,03:002420A0,04:00246280,05:0027D828,06:00262258,07:0027BF70,08:0025DA40,09:00272E50,10:00245FC0,11:00279368,12:0026C288,13:0025F1D0,14:0025BAC8,15:00242BC0,16:0024EC08,17:0024DDF8,18:00255840
func_L00_002539C8	shared	1896	e5faed4d3d353049	19	00:002539C8,01:00268720,02:00255FD8,03:002424A0,04:00246680,05:0027DC28,06:00262658,07:0027C370,08:0025DE40,09:00273250,10:002463C0,11:00279768,12:0026C688,13:0025F5D0,14:0025BEC8,15:00242FC0,16:0024F008,17:0024E1F8,18:00255C40
func_L00_00254130	shared	232	2efa6f90dff46680	19	00:00254130,01:00268E88,02:00256740,03:00242C08,04:00246DE8,05:0027E390,06:00262DC0,07:0027CAD8,08:0025E5A8,09:002739B8,10:00246B28,11:00279ED0,12:0026CDF0,13:0025FD38,14:0025C630,15:00243728,16:0024F770,17:0024E960,18:002563A8
func_L00_00254218	shared	2136	9e90160e95993a65	19	00:00254218,01:00268F70,02:00256828,03:00242CF0,04:00246ED0,05:0027E478,06:00262EA8,07:0027CBC0,08:0025E690,09:00273AA0,10:00246C10,11:00279FB8,12:0026CED8,13:0025FE20,14:0025C718,15:00243810,16:0024F858,17:0024EA48,18:00256490
func_L00_00254A70	shared	1040	f5a345c65fab19f4	19	00:00254A70,01:002697C8,02:00257080,03:00243548,04:00247728,05:0027ECD0,06:00263700,07:0027D418,08:0025EEE8,09:002742F8,10:00247468,11:0027A810,12:0026D730,13:00260678,14:0025CF70,15:00244068,16:002500B0,17:0024F2A0,18:00256CE8
func_00211548	exe	340	d6d0d9195e832ac8	19	00:00254E80,01:00269BD8,02:00257490,03:00243958,04:00247B38,05:0027F0E0,06:00263B10,07:0027D828,08:0025F2F8,09:00274708,10:00247878,11:0027AC20,12:0026DB40,13:00260A88,14:0025D380,15:00244478,16:002504C0,17:0024F6B0,18:002570F8
func_002116A0	exe	356	cf188706b405bde2	19	00:00254FD8,01:00269D30,02:002575E8,03:00243AB0,04:00247C90,05:0027F238,06:00263C68,07:0027D980,08:0025F450,09:00274860,10:002479D0,11:0027AD78,12:0026DC98,13:00260BE0,14:0025D4D8,15:002445D0,16:00250618,17:0024F808,18:00257250
func_00211808	exe	2640	24201d5b4748ecfa	19	00:00255140,01:00269E98,02:00257750,03:00243C18,04:00247DF8,05:0027F3A0,06:00263DD0,07:0027DAE8,08:0025F5B8,09:002749C8,10:00247B38,11:0027AEE0,12:0026DE00,13:00260D48,14:0025D640,15:00244738,16:00250780,17:0024F970,18:002573B8
func_L00_00255B90	shared	2664	c064f4b42a40c099	19	00:00255B90,01:0026A8E8,02:002581A0,03:00244668,04:00248848,05:0027FDF0,06:00264820,07:0027E538,08:00260008,09:00275418,10:00248588,11:0027B930,12:0026E850,13:00261798,14:0025E090,15:00245188,16:002511D0,17:002503C0,18:00257E08
func_00212258	exe	688	29a20e8ba737b764	19	00:002565F8,01:0026B350,02:00258C08,03:002450D0,04:002492B0,05:00280858,06:00265288,07:0027EFA0,08:00260A70,09:00275E80,10:00248FF0,11:0027C398,12:0026F2B8,13:00262200,14:0025EAF8,15:00245BF0,16:00251C38,17:00250E28,18:00258870
func_00212508	exe	112	ecec204347be5c5b	19	00:002568A8,01:0026B600,02:00258EB8,03:00245380,04:00249560,05:00280B08,06:00265538,07:0027F250,08:00260D20,09:00276130,10:002492A0,11:0027C648,12:0026F568,13:002624B0,14:0025EDA8,15:00245EA0,16:00251EE8,17:002510D8,18:00258B20
func_00212578	exe	224	6dc406f89e5b92fc	19	00:00256918,01:0026B670,02:00258F28,03:002453F0,04:002495D0,05:00280B78,06:002655A8,07:0027F2C0,08:00260D90,09:002761A0,10:00249310,11:0027C6B8,12:0026F5D8,13:00262520,14:0025EE18,15:00245F10,16:00251F58,17:00251148,18:00258B90
func_L00_002569F8	shared	3664	9e1528ac4cd66b8a	19	00:002569F8,01:0026B750,02:00259008,03:002454D0,04:002496B0,05:00280C58,06:00265688,07:0027F3A0,08:00260E70,09:00276280,10:002493F0,11:0027C798,12:0026F6B8,13:00262600,14:0025EEF8,15:00245FF0,16:00252038,17:00251228,18:00258C70
func_L00_00257848	shared	1488	79d782a7d7cd226e	19	00:00257848,01:0026C5A0,02:00259E58,03:00246320,04:0024A500,05:00281AA8,06:002664D8,07:002801F0,08:00261CC0,09:002770D0,10:0024A240,11:0027D5E8,12:00270508,13:00263450,14:0025FD48,15:00246E40,16:00252E88,17:00252078,18:00259AC0
func_L00_00257E18	shared	164	3a8592e2894db799	19	00:00257E18,01:0026CB70,02:0025A428,03:002468F0,04:0024AAD0,05:00282078,06:00266AA8,07:002807C0,08:00262290,09:002776A0,10:0024A810,11:0027DBB8,12:00270AD8,13:00263A20,14:00260318,15:00247410,16:00253458,17:00252648,18:0025A090
func_L00_00257EBC	shared	144	6788736280c9f01a	19	00:00257EBC,01:0026CC14,02:0025A4CC,03:00246994,04:0024AB74,05:0028211C,06:00266B4C,07:00280864,08:00262334,09:00277744,10:0024A8B4,11:0027DC5C,12:00270B7C,13:00263AC4,14:002603BC,15:002474B4,16:002534FC,17:002526EC,18:0025A134
func_L00_00257F4C	shared	104	cd523267402df833	19	00:00257F4C,01:0026CCA4,02:0025A55C,03:00246A24,04:0024AC04,05:002821AC,06:00266BDC,07:002808F4,08:002623C4,09:002777D4,10:0024A944,11:0027DCEC,12:00270C0C,13:00263B54,14:0026044C,15:00247544,16:0025358C,17:0025277C,18:0025A1C4
func_L00_00257FB4	shared	152	02784f8806b16de8	19	00:00257FB4,01:0026CD0C,02:0025A5C4,03:00246A8C,04:0024AC6C,05:00282214,06:00266C44,07:0028095C,08:0026242C,09:0027783C,10:0024A9AC,11:0027DD54,12:00270C74,13:00263BBC,14:002604B4,15:002475AC,16:002535F4,17:002527E4,18:0025A22C
func_L00_0025804C	shared	16	a485a9af3e43839f	19	00:0025804C,01:0026CDA4,02:0025A65C,03:00246B24,04:0024AD04,05:002822AC,06:00266CDC,07:002809F4,08:002624C4,09:002778D4,10:0024AA44,11:0027DDEC,12:00270D0C,13:00263C54,14:0026054C,15:00247644,16:0025368C,17:0025287C,18:0025A2C4
func_L00_0025805C	shared	496	2cde96d4cfe06023	19	00:0025805C,01:0026CDB4,02:0025A66C,03:00246B34,04:0024AD14,05:002822BC,06:00266CEC,07:00280A04,08:002624D4,09:002778E4,10:0024AA54,11:0027DDFC,12:00270D1C,13:00263C64,14:0026055C,15:00247654,16:0025369C,17:0025288C,18:0025A2D4
func_L00_00258250	shared	596	ae08c1e0a8ae800b	19	00:00258250,01:0026CFA8,02:0025A860,03:00246D28,04:0024AF08,05:002824B0,06:00266EE0,07:00280BF8,08:002626C8,09:00277AD8,10:0024AC48,11:0027DFF0,12:00270F10,13:00263E58,14:00260750,15:00247848,16:00253890,17:00252A80,18:0025A4C8
func_L00_002584A8	shared	852	7164e29176b1fe0a	19	00:002584A8,01:0026D200,02:0025AAB8,03:00246F80,04:0024B160,05:00282708,06:00267138,07:00280E50,08:00262920,09:00277D30,10:0024AEA0,11:0027E248,12:00271168,13:002640B0,14:002609A8,15:00247AA0,16:00253AE8,17:00252CD8,18:0025A720
func_00213D28	exe	184	1ea7d990c98da794	19	00:00258800,01:0026D558,02:0025AE10,03:002472D8,04:0024B4B8,05:00282A60,06:00267490,07:002811A8,08:00262C78,09:00278088,10:0024B1F8,11:0027E5A0,12:002714C0,13:00264408,14:00260D00,15:00247DF8,16:00253E40,17:00253030,18:0025AA78
func_00213DE0	exe	328	2ca6fb17d673bf90	19	00:002588B8,01:0026D610,02:0025AEC8,03:00247390,04:0024B570,05:00282B18,06:00267548,07:00281260,08:00262D30,09:00278140,10:0024B2B0,11:0027E658,12:00271578,13:002644C0,14:00260DB8,15:00247EB0,16:00253EF8,17:002530E8,18:0025AB30
func_00213F28	exe	340	82d914752dc76b7b	19	00:00258A00,01:0026D758,02:0025B010,03:002474D8,04:0024B6B8,05:00282C60,06:00267690,07:002813A8,08:00262E78,09:00278288,10:0024B3F8,11:0027E7A0,12:002716C0,13:00264608,14:00260F00,15:00247FF8,16:00254040,17:00253230,18:0025AC78
func_00214080	exe	44	1d0ca33b4d5c1595	19	00:00258B58,01:0026D8B0,02:0025B168,03:00247630,04:0024B810,05:00282DB8,06:002677E8,07:00281500,08:00262FD0,09:002783E0,10:0024B550,11:0027E8F8,12:00271818,13:00264760,14:00261058,15:00248150,16:00254198,17:00253388,18:0025ADD0
func_002140B0	exe	60	47f294dab45108a2	19	00:00258B88,01:0026D8E0,02:0025B198,03:00247660,04:0024B840,05:00282DE8,06:00267818,07:00281530,08:00263000,09:00278410,10:0024B580,11:0027E928,12:00271848,13:00264790,14:00261088,15:00248180,16:002541C8,17:002533B8,18:0025AE00
func_L00_00258BC8	shared	84	1168e7e2f65a683b	19	00:00258BC8,01:0026D920,02:0025B1D8,03:002476A0,04:0024B880,05:00282E28,06:00267858,07:00281570,08:00263040,09:00278450,10:0024B5C0,11:0027E968,12:00271888,13:002647D0,14:002610C8,15:002481C0,16:00254208,17:002533F8,18:0025AE40
func_002140F8	exe	92	ebfcff61e8af4690	19	00:00258C20,01:0026D978,02:0025B230,03:002476F8,04:0024B8D8,05:00282E80,06:002678B0,07:002815C8,08:00263098,09:002784A8,10:0024B618,11:0027E9C0,12:002718E0,13:00264828,14:00261120,15:00248218,16:00254260,17:00253450,18:0025AE98
func_L00_00258C80	shared	104	e33ee91c51459505	19	00:00258C80,01:0026D9D8,02:0025B290,03:00247758,04:0024B938,05:00282EE0,06:00267910,07:00281628,08:002630F8,09:00278508,10:0024B678,11:0027EA20,12:00271940,13:00264888,14:00261180,15:00248278,16:002542C0,17:002534B0,18:0025AEF8
func_00214158	exe	80	830d4cee672b44f1	19	00:00258CE8,01:0026DA40,02:0025B2F8,03:002477C0,04:0024B9A0,05:00282F48,06:00267978,07:00281690,08:00263160,09:00278570,10:0024B6E0,11:0027EA88,12:002719A8,13:002648F0,14:002611E8,15:002482E0,16:00254328,17:00253518,18:0025AF60
func_002141A8	exe	120	f9c543eafbc8d092	19	00:00258D38,01:0026DA90,02:0025B348,03:00247810,04:0024B9F0,05:00282F98,06:002679C8,07:002816E0,08:002631B0,09:00278618,10:0024B730,11:0027EAD8,12:002719F8,13:00264998,14:00261238,15:00248330,16:00254378,17:00253568,18:0025AFB0
func_L00_00258DB0	shared	168	38855fa14adc99a6	19	00:00258DB0,01:0026DB08,02:0025B3C0,03:00247888,04:0024BA68,05:00283010,06:00267A40,07:00281758,08:00263228,09:00278700,10:0024B7A8,11:0027EB50,12:00271A70,13:00264A80,14:002612B0,15:002483A8,16:002543F0,17:002535E0,18:0025B028
func_L00_00258E58	shared	56	5c9a0cd3fc8d4103	19	00:00258E58,01:0026DBB0,02:0025B468,03:00247930,04:0024BB10,05:002830B8,06:00267AE8,07:00281800,08:002632D0,09:002787A8,10:0024B850,11:0027EBF8,12:00271B18,13:00264B28,14:00261358,15:00248450,16:00254498,17:00253688,18:0025B0D0
func_00214220	exe	148	916c0f812baa2844	19	00:00258E90,01:0026DBE8,02:0025B4A0,03:00247968,04:0024BB48,05:002830F0,06:00267B20,07:00281838,08:00263308,09:002787E0,10:0024B888,11:0027EC30,12:00271B50,13:00264B60,14:00261390,15:00248488,16:002544D0,17:002536C0,18:0025B108
func_L00_00258F28	shared	124	387abc6fd163eccc	19	00:00258F28,01:0026DC80,02:0025B538,03:00247A00,04:0024BBE0,05:00283188,06:00267BB8,07:002818D0,08:002633A0,09:00278878,10:0024B920,11:0027ECC8,12:00271BE8,13:00264BF8,14:00261428,15:00248520,16:00254568,17:00253758,18:0025B1A0
func_L00_00258FA8	shared	224	fca4e40cb185e0c7	19	00:00258FA8,01:0026DD00,02:0025B5B8,03:00247A80,04:0024BC60,05:00283208,06:00267C38,07:00281950,08:00263420,09:002788F8,10:0024B9A0,11:0027ED48,12:00271C68,13:00264C78,14:002614A8,15:002485A0,16:002545E8,17:002537D8,18:0025B220
func_L00_00259088	shared	192	8938cfb0409b51ee	19	00:00259088,01:0026DDE0,02:0025B698,03:00247B60,04:0024BD40,05:002832E8,06:00267D18,07:00281A30,08:00263500,09:002789D8,10:0024BA80,11:0027EE28,12:00271D48,13:00264D58,14:00261588,15:00248680,16:002546C8,17:002538B8,18:0025B300
func_L00_00259148	shared	360	3a11a688b760bcee	19	00:00259148,01:0026DEA0,02:0025B758,03:00247C20,04:0024BE00,05:002833A8,06:00267DD8,07:00281AF0,08:002635C0,09:00278A98,10:0024BB40,11:0027EEE8,12:00271E08,13:00264E18,14:00261648,15:00248740,16:00254788,17:00253978,18:0025B3C0
func_L00_002592B0	shared	360	8e469e78fd4f8ec4	19	00:002592B0,01:0026E008,02:0025B8C0,03:00247D88,04:0024BF68,05:00283510,06:00267F40,07:00281C58,08:00263728,09:00278C00,10:0024BCA8,11:0027F050,12:00271F70,13:00264F80,14:002617B0,15:002488A8,16:002548F0,17:00253AE0,18:0025B528
func_L00_00259418	shared	12	41230841fa5a578e	19	00:00259418,01:0026E170,02:0025BA28,03:00247EF0,04:0024C0D0,05:00283678,06:002680A8,07:00281DC0,08:00263890,09:00278D68,10:0024BE10,11:0027F1B8,12:002720D8,13:002650E8,14:00261918,15:00248A10,16:00254A58,17:00253C48,18:0025B690
func_L00_00259428	shared	160	55fd4c28e32aaef1	19	00:00259428,01:0026E180,02:0025BA38,03:00247F00,04:0024C0E0,05:00283688,06:002680B8,07:00281DD0,08:002638A0,09:00278D78,10:0024BE20,11:0027F1C8,12:002720E8,13:002650F8,14:00261928,15:00248A20,16:00254A68,17:00253C58,18:0025B6A0
func_L00_002594C8	shared	916	d3e1af5c7281660e	19	00:002594C8,01:0026E220,02:0025BAD8,03:00247FA0,04:0024C180,05:00283728,06:00268158,07:00281E70,08:00263940,09:00278E18,10:0024BEC0,11:0027F268,12:00272188,13:00265198,14:002619C8,15:00248AC0,16:00254B08,17:00253CF8,18:0025B740
func_L00_00259868	shared	668	688b4e4b84828799	19	00:00259868,01:0026E5C0,02:0025BE78,03:00248340,04:0024C520,05:00283AC8,06:002684F8,07:00282210,08:00263CE0,09:002791B8,10:0024C260,11:0027F608,12:00272528,13:00265538,14:00261D68,15:00248FC0,16:00254EA8,17:00254098,18:0025BAE0
func_L00_00259B08	shared	124	585a72a26bdd3991	19	00:00259B08,01:0026E860,02:0025C118,03:002485E0,04:0024C7C0,05:00283D68,06:00268798,07:002824B0,08:00263F80,09:00279458,10:0024C500,11:0027F8A8,12:002727C8,13:002657D8,14:00262008,15:00249260,16:00255148,17:00254338,18:0025BD80
func_L00_00259B88	shared	1228	d71537538a3baaea	19	00:00259B88,01:0026E958,02:0025C210,03:002486D8,04:0024C8B8,05:00283E60,06:00268890,07:00282530,08:00264078,09:00279550,10:0024C5F8,11:0027F9A0,12:002728C0,13:002658D0,14:00262100,15:00249358,16:00255240,17:002543B8,18:0025BE00
func_L00_0025A060	shared	372	acaa5bcdbcf6e9f5	19	00:0025A060,01:0026EE30,02:0025C6E8,03:00248BB0,04:0024CD90,05:00284338,06:00268D68,07:00282A08,08:00264550,09:00279A28,10:0024CAD0,11:0027FE78,12:00272E28,13:00265DA8,14:002625D8,15:00249830,16:00255718,17:00254890,18:0025C2D8
func_L00_0025A1D8	shared	20	ded30594529a1c43	10	00:0025A1D8,02:0025C860,03:00248D28,04:0024CF08,05:002844B0,07:00282B80,08:002646C8,10:0024CC48,17:00254A08,18:0025C450
func_L00_0025A208	shared	232	7f2e1d9e05387009	19	00:0025A208,01:0026F100,02:0025C890,03:00248DA8,04:0024CF38,05:00284538,06:00268FE8,07:00282C58,08:00264750,09:00279CA0,10:0024CC78,11:002800F8,12:002730F8,13:00266290,14:00262800,15:00249B00,16:00255AA8,17:00254C10,18:0025C4D8
func_L00_0025A2F0	shared	84	75b6701e5616e7cc	19	00:0025A2F0,01:0026F1E8,02:0025C978,03:00248E90,04:0024D020,05:00284620,06:002690D0,07:00282D40,08:00264838,09:00279D88,10:0024CD60,11:002801E0,12:002731E0,13:00266378,14:002628E8,15:00249BE8,16:00255B90,17:00254CF8,18:0025C5C0
func_L00_0025A344	shared	248	a0bdf6d8bf7dccfd	19	00:0025A344,01:0026F23C,02:0025C9CC,03:00248EE4,04:0024D074,05:00284674,06:00269124,07:00282D94,08:0026488C,09:00279DDC,10:0024CDB4,11:00280234,12:00273234,13:002663CC,14:0026293C,15:00249C3C,16:00255BE4,17:00254D4C,18:0025C614
func_L00_0025A43C	shared	24	bea116232caecfd7	19	00:0025A43C,01:0026F334,02:0025CAC4,03:00248FDC,04:0024D16C,05:0028476C,06:0026921C,07:00282E8C,08:00264984,09:00279ED4,10:0024CEAC,11:0028032C,12:0027332C,13:002664C4,14:00262A34,15:00249D34,16:00255CDC,17:00254E44,18:0025C70C
func_L00_0025A458	shared	12	a51cf443b3b57506	18	00:0025A458,01:0026F350,02:0025CAE0,03:00248FF8,04:0024D188,05:00284788,06:00269238,08:002649A0,09:00279EF0,10:0024CEC8,11:00280348,12:00273348,13:002664E0,14:00262A50,15:00249D50,16:00255CF8,17:00254E60,18:0025C728
func_L00_0025A468	shared	56	321b6a0aabe49e7f	19	00:0025A468,01:0026F360,02:0025CAF0,03:00249008,04:0024D198,05:00284798,06:00269248,07:00282EE8,08:002649B0,09:00279F00,10:0024CED8,11:00280358,12:00273358,13:002664F0,14:00262A60,15:00249D60,16:00255D08,17:00254E70,18:0025C738
func_L00_0025A4A0	shared	160	c4d44378ccb0aa18	19	00:0025A4A0,01:0026F398,02:0025CB28,03:00249040,04:0024D1D0,05:002847D0,06:00269280,07:00282F20,08:002649E8,09:00279F38,10:0024CF10,11:00280390,12:00273390,13:00266528,14:00262A98,15:00249D98,16:00255D40,17:00254EA8,18:0025C770
func_L00_0025A540	shared	152	6d39b806b8f06741	19	00:0025A540,01:0026F438,02:0025CBC8,03:002490E0,04:0024D270,05:00284870,06:00269320,07:00282FC0,08:00264A88,09:00279FD8,10:0024CFB0,11:00280430,12:00273430,13:002665C8,14:00262B38,15:00249E38,16:00255DE0,17:00254F48,18:0025C810
func_L00_0025A5D8	shared	244	8b7a8d8b4aea3aa0	19	00:0025A5D8,01:0026F4D0,02:0025CC60,03:00249178,04:0024D308,05:00284908,06:002693B8,07:00283058,08:00264B20,09:0027A070,10:0024D048,11:002804C8,12:002734C8,13:00266660,14:00262BD0,15:00249ED0,16:00255E78,17:00254FE0,18:0025C8A8
func_00214358	exe	116	9d64b4cab4455ebd	19	00:0025A6D0,01:0026F5C8,02:0025CD58,03:00249270,04:0024D400,05:00284A00,06:002694B0,07:00283150,08:00264C18,09:0027A168,10:0024D140,11:002805C0,12:002735C0,13:00266758,14:00262CC8,15:00249FC8,16:00255F70,17:002550D8,18:0025C9A0
func_L00_0025A748	shared	36	96f45c2fc8772ad8	19	00:0025A748,01:0026F640,02:0025CDD0,03:002492E8,04:0024D478,05:00284A78,06:00269528,07:002831C8,08:00264C90,09:0027A1E0,10:0024D1B8,11:00280638,12:00273638,13:002667D0,14:00262D40,15:0024A040,16:00255FE8,17:00255150,18:0025CA18
func_L00_0025A778	shared	204	9451bde38a6c9a37	19	00:0025A778,01:0026F670,02:0025CE00,03:00249318,04:0024D548,05:00284AA8,06:00269558,07:002831F8,08:00264CC0,09:0027A210,10:0024D1E8,11:00280668,12:00273668,13:00266800,14:00262D70,15:0024A070,16:00256018,17:00255180,18:0025CA48
func_L00_0025A848	shared	28	150ae4209c0e1c51	18	00:0025A848,01:0026F740,02:0025CED0,03:002493E8,05:00284B78,06:00269628,07:002832C8,08:00264D90,09:0027A2E0,10:0024D2B8,11:00280738,12:00273738,13:002668D0,14:00262E40,15:0024A140,16:002560E8,17:00255250,18:0025CB18
func_L00_0025A868	shared	36	5f3056cce839d066	19	00:0025A868,01:0026F760,02:0025CEF0,03:00249408,04:0024D8B8,05:00284B98,06:00269648,07:002832E8,08:00264DB0,09:0027A300,10:0024D2D8,11:00280758,12:00273758,13:002668F0,14:00262E60,15:0024A160,16:00256108,17:00255270,18:0025CB38
func_L00_0025A890	shared	44	e671fe0c4b7c54df	19	00:0025A890,01:0026F788,02:0025CF18,03:00249430,04:0024D8E0,05:00284BC0,06:00269670,07:00283310,08:00264DD8,09:0027A328,10:0024D300,11:00280780,12:00273780,13:00266918,14:00262E88,15:0024A188,16:00256130,17:00255298,18:0025CB60
func_L00_0025A8C0	shared	36	ac3a809d90cc1fad	19	00:0025A8C0,01:0026F7B8,02:0025CF48,03:00249460,04:0024D910,05:00284BF0,06:002696A0,07:00283340,08:00264E08,09:0027A358,10:0024D330,11:002807B0,12:002737B0,13:00266948,14:00262EB8,15:0024A1B8,16:00256160,17:002552C8,18:0025CB90
func_L00_0025A8E8	shared	308	cf770ad083c83521	17	00:0025A8E8,01:0026F7E0,02:0025CF70,04:0024D938,05:00284C18,06:002696C8,07:00283368,08:00264E30,09:0027A380,10:0024D358,11:002807D8,12:002737D8,13:00266970,15:0024A1E0,16:00256188,17:002552F0,18:0025CBB8
func_L00_0025AA20	shared	160	76f90a069f6548a1	5	00:0025AA20,06:00269800,10:0024D490,16:002562C0,18:0025CCF0
func_L00_0025AAC0	shared	316	2e3ff9673aa53149	19	00:0025AAC0,01:0026F918,02:0025D0A8,03:00249490,04:0024DA70,05:00284D50,06:002698A0,07:002834A0,08:00264F68,09:0027A4B8,10:0024D530,11:00280910,12:00273910,13:00266AA8,14:00262EE8,15:0024A318,16:00256360,17:00255428,18:0025CD90
func_L00_0025AC00	shared	312	457a5a2ce0857257	19	00:0025AC00,01:0026FA58,02:0025D1E8,03:002495D0,04:0024DBB0,05:00284E90,06:002699E0,07:002835E0,08:002650A8,09:0027A5F8,10:0024D670,11:00280A50,12:00273A50,13:00266BE8,14:00263028,15:0024A458,16:002564A0,17:00255568,18:0025CED0
func_L00_0025AD38	shared	36	b6fee8ff24aac59d	19	00:0025AD38,01:0026FB90,02:0025D320,03:00249708,04:0024DCE8,05:00284FC8,06:00269B18,07:00283718,08:002651E0,09:0027A730,10:0024D7A8,11:00280B88,12:00273B88,13:00266D20,14:00263160,15:0024A590,16:002565D8,17:002556A0,18:0025D008
func_L00_0025AD60	shared	332	c1140f642a7aaf84	19	00:0025AD60,01:0026FBB8,02:0025D348,03:00249730,04:0024DD10,05:00284FF0,06:00269B40,07:00283740,08:00265208,09:0027A758,10:0024D7D0,11:00280BB0,12:00273BB0,13:00266D48,14:00263188,15:0024A5B8,16:00256600,17:002556C8,18:0025D030
func_00214440	exe	248	7ee0907eb6ce9aa8	19	00:0025AEB0,01:0026FD08,02:0025D498,03:00249880,04:0024DE60,05:00285140,06:00269C90,07:00283890,08:00265358,09:0027A8A8,10:0024D920,11:00280D00,12:00273D00,13:00266E98,14:002632D8,15:0024A708,16:00256750,17:00255818,18:0025D180
func_L00_0025AFA8	shared	148	2bbdaad170253574	19	00:0025AFA8,01:0026FE00,02:0025D590,03:00249978,04:0024DF58,05:00285238,06:00269D88,07:00283988,08:00265450,09:0027A9A0,10:0024DA18,11:00280DF8,12:00273DF8,13:00266F90,14:002633D0,15:0024A800,16:00256848,17:00255910,18:0025D278
func_L00_0025B040	shared	296	f2cf4c95d9a729b7	19	00:0025B040,01:0026FE98,02:0025D628,03:00249A10,04:0024DFF0,05:002852D0,06:00269E20,07:00283A20,08:002654E8,09:0027AA38,10:0024DAB0,11:00280E90,12:00273E90,13:00267028,14:00263468,15:0024A898,16:002568E0,17:002559A8,18:0025D310
func_L00_0025B168	shared	12	f3ff479e78d51f56	13	00:0025B168,04:0024E118,06:00269F48,07:00283B48,08:00265610,09:0027AB60,10:0024DBD8,11:00280FB8,13:00267150,14:00263590,16:00256A08,17:00255AD0,18:0025D438
func_L00_0025B178	shared	192	635bc6084eb18c45	19	00:0025B178,01:0026FFF0,02:0025D780,03:00249B68,04:0024E128,05:00285428,06:00269F58,07:00283B58,08:00265620,09:0027AB70,10:0024DBE8,11:00280FC8,12:00273FE8,13:00267160,14:002635A0,15:0024A9F0,16:00256A18,17:00255AE0,18:0025D448
func_00214550	exe	544	682c3b540b367ace	19	00:0025B238,01:002700B0,02:0025D840,03:00249C28,04:0024E1E8,05:002854E8,06:0026A018,07:00283C18,08:002656E0,09:0027AC30,10:0024DCA8,11:00281088,12:002740A8,13:00267220,14:00263660,15:0024AAB0,16:00256AD8,17:00255BA0,18:0025D508
func_L00_0025B478	shared	52	8aeaa26d2c16a64f	19	00:0025B478,01:002702F0,02:0025DA80,03:00249E68,04:0024E428,05:00285728,06:0026A258,07:00283E58,08:00265920,09:0027AE70,10:0024DEE8,11:002812C8,12:002742E8,13:00267460,14:002638A0,15:0024ACF0,16:00256D18,17:00255DE0,18:0025D748
func_L00_0025B4AC	shared	28	7c71127d08f29c0e	19	00:0025B4AC,01:00270324,02:0025DAB4,03:00249E9C,04:0024E45C,05:0028575C,06:0026A28C,07:00283E8C,08:00265954,09:0027AEA4,10:0024DF1C,11:002812FC,12:0027431C,13:00267494,14:002638D4,15:0024AD24,16:00256D4C,17:00255E14,18:0025D77C
func_L00_0025B4D0	shared	1408	72ad6ddf2d5a708f	19	00:0025B4D0,01:00270348,02:0025DAD8,03:00249EC0,04:0024E480,05:00285780,06:0026A2B0,07:00283EB0,08:00265978,09:0027AEC8,10:0024DF40,11:00281320,12:00274340,13:002674B8,14:002638F8,15:0024AD48,16:00256D70,17:00255E38,18:0025D7A0
func_L00_0025BA50	shared	332	46b42d1620369705	19	00:0025BA50,01:002708C8,02:0025E058,03:0024A440,04:0024EA00,05:00285D00,06:0026A830,07:00284430,08:00265EF8,09:0027B448,10:0024E4C0,11:002818A0,12:002748C0,13:00267A38,14:00263E78,15:0024B2C8,16:002572F0,17:002563B8,18:0025DD20
func_L00_0025BBA0	shared	168	16e9226e534c6e91	18	00:0025BBA0,01:00270A18,02:0025E1A8,03:0024A590,04:0024EB50,05:00285E50,06:0026A980,07:00284580,08:00266048,09:0027B598,10:0024E610,11:002819F0,12:00274A10,13:00267B88,15:0024B418,16:00257440,17:00256508,18:0025DE70
func_L00_0025BC48	shared	176	481658446c7383ba	19	00:0025BC48,01:00270AC0,02:0025E250,03:0024A638,04:0024EBF8,05:00285EF8,06:0026AA28,07:00284628,08:002660F0,09:0027B640,10:0024E6B8,11:00281A98,12:00274AB8,13:00267C30,14:00263FC8,15:0024B4C0,16:002574E8,17:002565B0,18:0025DF18
func_L00_0025BCF8	shared	1936	af8b88d75634f419	19	00:0025BCF8,01:00270B70,02:0025E300,03:0024A6E8,04:0024ECA8,05:00285FA8,06:0026AAD8,07:002846D8,08:002661A0,09:0027B6F0,10:0024E768,11:00281B48,12:00274B68,13:00267CE0,14:00264078,15:0024B570,16:00257598,17:00256660,18:0025DFC8
func_L00_0025C488	shared	12	a6ad3c82823e6160	19	00:0025C488,01:00271300,02:0025EA90,03:0024AE78,04:0024F438,05:00286738,06:0026B268,07:00284E68,08:00266930,09:0027BE80,10:0024EEF8,11:002822D8,12:002752F8,13:00268470,14:00264808,15:0024BD00,16:00257D28,17:00256DF0,18:0025E758
func_L00_0025C498	shared	604	f6f828599d376e95	19	00:0025C498,01:00271310,02:0025EAA0,03:0024AE88,04:0024F448,05:00286748,06:0026B278,07:00284E78,08:00266940,09:0027BE90,10:0024EF08,11:002822E8,12:00275308,13:00268480,14:00264818,15:0024BD10,16:00257D38,17:00256E00,18:0025E768
func_L00_0025C700	shared	16	86043772e82db72b	19	00:0025C700,01:00271578,02:0025ED08,03:0024B0F0,04:0024F6B0,05:002869B0,06:0026B4E0,07:002850E0,08:00266BA8,09:0027C0F8,10:0024F170,11:00282550,12:00275570,13:002686E8,14:00264A80,15:0024BF78,16:00257FA0,17:00257068,18:0025E9D0
func_L00_0025C710	shared	152	d8c444ef0b45d208	19	00:0025C710,01:00271588,02:0025ED18,03:0024B100,04:0024F6C0,05:002869C0,06:0026B4F0,07:002850F0,08:00266BB8,09:0027C108,10:0024F180,11:00282560,12:00275580,13:002686F8,14:00264A90,15:0024BF88,16:00257FB0,17:00257078,18:0025E9E0
func_L00_0025C7A8	shared	68	65ad16f228217f72	7	00:0025C7A8,04:0024F758,06:0026B588,10:0024F218,12:00275618,14:00264B28,18:0025EA78
func_L00_0025C7F0	shared	208	d07e8363280c3eaf	19	00:0025C7F0,01:00271628,02:0025EDB8,03:0024B1A0,04:0024F7A0,05:00286A60,06:0026B5D0,07:00285190,08:00266C58,09:0027C1A8,10:0024F260,11:00282600,12:00275660,13:00268798,14:00264B70,15:0024C028,16:00258050,17:00257118,18:0025EAC0
func_00214D28	exe	84	b634e78ec2f550c3	19	00:0025C8C0,01:002716F8,02:0025EE88,03:0024B270,04:0024F870,05:00286B30,06:0026B6A0,07:00285260,08:00266D28,09:0027C278,10:0024F330,11:002826D0,12:00275730,13:00268868,14:00264C40,15:0024C0F8,16:00258120,17:002571E8,18:0025EB90
func_L00_0025C918	shared	172	167852995c0703f7	19	00:0025C918,01:00271750,02:0025EEE0,03:0024B2C8,04:0024F8C8,05:00286B88,06:0026B6F8,07:002852B8,08:00266D80,09:0027C2D0,10:0024F388,11:00282728,12:00275788,13:002688C0,14:00264C98,15:0024C150,16:00258178,17:00257240,18:0025EBE8
func_00214D88	exe	456	f02869fb9054e070	19	00:0025C9C8,01:00271800,02:0025EF90,03:0024B378,04:0024F978,05:00286C38,06:0026B7A8,07:00285368,08:00266E30,09:0027C380,10:0024F438,11:002827D8,12:00275838,13:00268970,14:00264D48,15:0024C200,16:00258228,17:002572F0,18:0025EC98
func_L00_0025CB90	shared	200	4a5f972e158d40d2	19	00:0025CB90,01:002719C8,02:0025F158,03:0024B540,04:0024FB40,05:00286E00,06:0026B970,07:00285530,08:00266FF8,09:0027C548,10:0024F600,11:002829A0,12:00275A00,13:00268B38,14:00264F10,15:0024C3C8,16:002583F0,17:002574B8,18:0025EE60
func_L00_0025CC58	shared	152	df9a6b14bafbf28d	19	00:0025CC58,01:00271A90,02:0025F220,03:0024B608,04:0024FC08,05:00286EC8,06:0026BA38,07:002855F8,08:002670C0,09:0027C610,10:0024F6C8,11:00282A68,12:00275AC8,13:00268C00,14:00264FD8,15:0024C490,16:002584B8,17:00257580,18:0025EF28
func_L00_0025CCF0	shared	356	67e9cea142b056f5	19	00:0025CCF0,01:00271B28,02:0025F2B8,03:0024B6A0,04:0024FCA0,05:00286F60,06:0026BAD0,07:00285690,08:00267158,09:0027C6A8,10:0024F760,11:00282B00,12:00275B60,13:00268C98,14:00265070,15:0024C528,16:00258550,17:00257618,18:0025EFC0
func_L00_0025CE58	shared	472	be43b8e616abad99	19	00:0025CE58,01:00271C90,02:0025F420,03:0024B808,04:0024FE08,05:002870C8,06:0026BC38,07:002857F8,08:002672C0,09:0027C810,10:0024F8C8,11:00282C68,12:00275CC8,13:00268E00,14:002651D8,15:0024C690,16:002586B8,17:00257780,18:0025F128
func_L00_0025D038	shared	164	c895733f246cc181	19	00:0025D038,01:00271E70,02:0025F600,03:0024B9E8,04:0024FFE8,05:002872A8,06:0026BE18,07:002859D8,08:002674A0,09:0027C9F0,10:0024FAA8,11:00282E48,12:00275EA8,13:00268FE0,14:002653B8,15:0024C870,16:00258898,17:00257960,18:0025F308
func_L00_0025D0E0	shared	92	c902727a152fd5ac	19	00:0025D0E0,01:00271F18,02:0025F6A8,03:0024BA90,04:00250090,05:00287350,06:0026BEC0,07:00285A80,08:00267548,09:0027CA98,10:0024FB50,11:00282EF0,12:00275F50,13:00269088,14:00265460,15:0024C918,16:00258940,17:00257A08,18:0025F3B0
func_L00_0025D140	shared	132	4a47fc20dfa8b0f8	19	00:0025D140,01:00271F78,02:0025F708,03:0024BAF0,04:002500F0,05:002873B0,06:0026BF20,07:00285AE0,08:002675A8,09:0027CAF8,10:0024FBB0,11:00282F50,12:00275FB0,13:002690E8,14:002654C0,15:0024C978,16:002589A0,17:00257A68,18:0025F410
func_00214F78	exe	188	d5f8e3f43686f890	19	00:0025D1C8,01:00272000,02:0025F790,03:0024BB78,04:00250178,05:00287438,06:0026BFA8,07:00285B68,08:00267630,09:0027CB80,10:0024FC38,11:00282FD8,12:00276038,13:00269170,14:00265548,15:0024CA00,16:00258A28,17:00257AF0,18:0025F498
func_L00_0025D288	shared	124	54dfa332e5d822f5	19	00:0025D288,01:002720C0,02:0025F850,03:0024BC38,04:00250238,05:002874F8,06:0026C068,07:00285C28,08:002676F0,09:0027CC40,10:0024FCF8,11:00283098,12:002760F8,13:00269230,14:00265608,15:0024CAC0,16:00258AE8,17:00257BB0,18:0025F558
func_L00_0025D308	shared	132	50099d9250400c40	19	00:0025D308,01:00272140,02:0025F8D0,03:0024BCB8,04:002502B8,05:00287578,06:0026C0E8,07:00285CA8,08:00267770,09:0027CCC0,10:0024FD78,11:00283118,12:00276178,13:002692B0,14:00265688,15:0024CB40,16:00258B68,17:00257C30,18:0025F5D8
func_L00_0025D390	shared	16	68d4936d053812d1	19	00:0025D390,00:0025D3C0,00:00261448,01:002721C8,01:002721F8,01:00276280,02:0025F958,02:0025F988,02:002633B0,03:0024BD40,03:0024BD70,03:0024FAA0,04:00250340,04:00250370,04:002540A0,05:00287600,05:00287630,05:0028B4C8,06:0026C170,06:0026C1A0,06:0026FFA8,07:00285D30,07:00285D60,07:00289A18,08:002677F8,08:00267828,08:0026BAD8,09:0027CD48,09:0027CD78,09:00280EB8,10:0024FE00,10:0024FE30,10:00253EB8,11:002831A0,11:002831D0,11:00286978,12:00276200,12:00276230,12:00279E30,13:00269338,13:00269368,13:0026D3F0,14:00265710,14:00265740,14:002697C8,15:0024CBC8,15:0024CBF8,15:00250C80,16:00258BF0,16:00258C20,16:0025CCA8,17:00257CB8,17:00257CE8,17:0025BD70,18:0025F660,18:0025F690,18:00263718
func_L00_0025D3A0	shared	32	6be2a65f8cd62e23	19	00:0025D3A0,00:0025D3D0,01:002721D8,01:00272208,02:0025F968,02:0025F998,03:0024BD50,03:0024BD80,04:00250350,04:00250380,05:00287610,05:00287640,06:0026C180,06:0026C1B0,07:00285D40,07:00285D70,08:00267808,08:00267838,09:0027CD58,09:0027CD88,10:0024FE10,10:0024FE40,11:002831B0,11:002831E0,12:00276210,12:00276240,13:00269348,13:00269378,14:00265720,14:00265750,15:0024CBD8,15:0024CC08,16:00258C00,16:00258C30,17:00257CC8,17:00257CF8,18:0025F670,18:0025F6A0
func_L00_0025D3F0	shared	448	ce81d63632b7dfa1	19	00:0025D3F0,01:00272228,02:0025F9B8,03:0024BDA0,04:002503A0,05:00287660,06:0026C1D0,07:00285D90,08:00267858,09:0027CDA8,10:0024FE60,11:00283200,12:00276260,13:00269398,14:00265770,15:0024CC28,16:00258C50,17:00257D18,18:0025F6C0
func_L00_0025D5B0	shared	316	00d6c96b5d6d2191	19	00:0025D5B0,01:002723E8,02:0025FB78,03:0024BF60,04:00250560,05:00287820,06:0026C390,07:00285F50,08:00267A18,09:0027CF68,10:00250020,11:002833C0,12:00276420,13:00269558,14:00265930,15:0024CDE8,16:00258E10,17:00257ED8,18:0025F880
func_L00_0025D6F0	shared	2136	f527dcd9076274ae	19	00:0025D6F0,01:00272528,02:0025FCB8,03:0024C0A0,04:002506A0,05:00287960,06:0026C4D0,07:00286090,08:00267B58,09:0027D0A8,10:00250160,11:00283500,12:00276560,13:00269698,14:00265A70,15:0024CF28,16:00258F50,17:00258018,18:0025F9C0
func_002150B0	exe	628	d311d6bdbc365c57	19	00:0025DF48,01:00272D80,02:00260510,03:0024C8F8,04:00250EF8,05:002881B8,06:0026CD28,07:002868E8,08:002683B0,09:0027D900,10:002509B8,11:00283D58,12:00276DB8,13:00269EF0,14:002662C8,15:0024D780,16:002597A8,17:00258870,18:00260218
func_00215328	exe	76	a0c79c25994b4394	19	00:0025E1C0,01:00272FF8,02:00260788,03:0024CB70,04:00251170,05:00288430,06:0026CFA0,07:00286B60,08:00268628,09:0027DB78,10:00250C30,11:00283FD0,12:00277030,13:0026A168,14:00266540,15:0024D9F8,16:00259A20,17:00258AE8,18:00260490
func_L00_0025E210	shared	20	ce4afe432c52ff1d	19	00:0025E210,01:00273048,02:002607D8,03:0024CBC0,04:002511C0,05:00288480,06:0026CFF0,07:00286BB0,08:00268678,09:0027DBC8,10:00250C80,11:00284020,12:00277080,13:0026A1B8,14:00266590,15:0024DA48,16:00259A70,17:00258B38,18:002604E0
func_00215380	exe	100	7e3ba44ec58c0462	19	00:0025E228,01:00273060,02:002607F0,03:0024CBD8,04:002511D8,05:00288498,06:0026D008,07:00286BC8,08:00268690,09:0027DBE0,10:00250C98,11:00284038,12:00277098,13:0026A1D0,14:002665A8,15:0024DA60,16:00259A88,17:00258B50,18:002604F8
func_L00_0025E290	shared	248	b210bf33b242479d	19	00:0025E290,01:002730C8,02:00260858,03:0024CC40,04:00251240,05:00288500,06:0026D070,07:00286C30,08:002686F8,09:0027DC48,10:00250D00,11:002840A0,12:00277100,13:0026A238,14:00266610,15:0024DAC8,16:00259AF0,17:00258BB8,18:00260560
func_002153E8	exe	292	0545bb9cb7aef303	19	00:0025E388,01:002731C0,02:00260950,03:0024CD38,04:00251338,05:002885F8,06:0026D168,07:00286D28,08:002687F0,09:0027DD40,10:00250DF8,11:00284198,12:002771F8,13:0026A330,14:00266708,15:0024DBC0,16:00259BE8,17:00258CB0,18:00260658
func_L00_0025E4B0	shared	224	87f81408d64d5dd4	19	00:0025E4B0,01:002732E8,02:00260A78,03:0024CE60,04:00251460,05:00288720,06:0026D290,07:00286E50,08:00268918,09:0027DE68,10:00250F20,11:002842C0,12:00277320,13:0026A458,14:00266830,15:0024DCE8,16:00259D10,17:00258DD8,18:00260780
func_L00_0025E590	shared	616	dc2a701b67bc0fdb	19	00:0025E590,01:002733C8,02:00260B58,03:0024CF40,04:00251540,05:00288800,06:0026D370,07:00286F30,08:002689F8,09:0027DF48,10:00251000,11:002843A0,12:00277400,13:0026A538,14:00266910,15:0024DDC8,16:00259DF0,17:00258EB8,18:00260860
func_L00_0025E7F8	shared	48	6acdacc092af6e81	17	00:0025E7F8,01:00273630,03:0024D1A8,04:002517A8,05:00288A68,06:0026D5D8,07:00287198,08:00268C60,09:0027E1B0,10:00251268,12:00277668,13:0026A7A0,14:00266B78,15:0024E030,16:0025A058,17:00259120,18:00260AC8
func_L00_0025E828	shared	52	880de54701b83f5f	17	00:0025E828,01:00273660,03:0024D1D8,04:002517D8,05:00288A98,06:0026D608,07:002871C8,08:00268C90,09:0027E1E0,10:00251298,12:00277698,13:0026A7D0,14:00266BA8,15:0024E060,16:0025A088,17:00259150,18:00260AF8
func_L00_0025E860	shared	616	d337f0fee64b6b4b	17	00:0025E860,01:00273698,03:0024D210,04:00251810,05:00288AD0,06:0026D640,07:00287200,08:00268CC8,09:0027E218,10:002512D0,12:002776D0,13:0026A808,14:00266BE0,15:0024E098,16:0025A0C0,17:00259188,18:00260B30
func_L00_0025EAC8	shared	144	1360caf61ec7a875	19	00:0025EAC8,01:00273900,02:00260DC8,03:0024D478,04:00251A78,05:00288D38,06:0026D8A8,07:00287468,08:00268F30,09:0027E480,10:00251538,11:00284610,12:00277938,13:0026AA70,14:00266E48,15:0024E300,16:0025A328,17:002593F0,18:00260D98
func_L00_0025EB58	shared	468	867bbf1077de75e9	19	00:0025EB58,01:00273990,02:00260E58,03:0024D508,04:00251B08,05:00288DC8,06:0026D938,07:002874F8,08:00268FC0,09:0027E510,10:002515C8,11:002846A0,12:002779C8,13:0026AB00,14:00266ED8,15:0024E390,16:0025A3B8,17:00259480,18:00260E28
func_L00_0025ED30	shared	656	8ba2e1447d9fe57c	19	00:0025ED30,01:00273B68,02:00261030,03:0024D6E0,04:00251CE0,05:00288FA0,06:0026DB10,07:002876D0,08:00269198,09:0027E6E8,10:002517A0,11:00284878,12:00277BA0,13:0026ACD8,14:002670B0,15:0024E568,16:0025A590,17:00259658,18:00261000
func_L00_0025EFC0	shared	924	8287f81666e5b4f7	17	00:0025EFC0,01:00273DF8,03:0024D970,04:00251F70,05:00289230,06:0026DDA0,07:00287960,08:00269428,09:0027E978,10:00251A30,12:00277E30,13:0026AF68,14:00267340,15:0024E7F8,16:0025A820,17:002598E8,18:00261290
func_L00_0025F360	shared	4	9d6ae10ccac63cde	19	00:0025F360,00:00260D28,00:0026B588,00:0026F240,00:002732D0,00:00276588,01:00274198,01:00275B60,01:00280298,01:002841C8,01:002884C0,01:0028B8A8,01:0028C2D0,01:002EEDD0,02:00262C90,02:0026CB50,02:00270808,02:002747E8,02:002779F0,03:0024DD10,03:00259658,03:0025D430,03:002616D8,03:002648E0,03:00265308,04:001F39A8,04:0024D788,04:00252310,04:0025DD28,04:00261B00,04:00265CC8,04:00268FB8,04:002699E0,05:002895D0,05:0028B028,05:00295490,05:00299148,05:0029D568,05:002A0770,06:0026E140,06:0026FB08,06:0027A2F0,06:0027E100,06:002820E0,06:002852E8,07:00287D00,07:002896C8,07:002937B0,07:00297468,07:0029B690,07:0029EAA8,08:002697C8,08:0026B3B8,08:00275620,08:00279430,08:0027D6D8,08:00280A50,08:002F1018,09:0027ED18,09:002806E0,09:00289E48,09:0028DC58,09:00291CE8,09:00294E78,09:002F0778,09:002F7A20,10:00251DD0,10:00253798,10:0025E278,10:00261F30,10:00266228,10:002693B8,11:002864D8,11:00290878,11:00294530,11:00298628,11:0029B830,12:002781D0,12:00279B98,12:00283D90,12:00287A48,12:0028BB40,12:0028EFA0,12:0028F9C8,13:0026B308,13:0026CCD0,13:00276EA0,13:0027AB58,13:0027EDD0,13:002821E8,13:0030BB88,14:002676E0,14:002690A8,14:002730A0,14:00276E78,14:0027AF10,14:0027E498,14:0027EEC0,15:0024EB98,15:00250560,15:0025AAB0,15:0025E8C0,15:00262B30,15:00265FD8,15:002D5B30,16:0025ABC0,16:0025C588,16:002668E0,16:0026A598,16:0026E628,16:002716D0,17:00259C88,17:0025B650,17:00264F40,17:00268D50,17:0026CDE0,17:002703A8,17:002D4290,18:00261630,18:00262FF8,18:0026D438,18:002710F0,18:00275280,18:00278450
func_L00_0025F368	shared	84	16a164ba4a3974c6	19	00:0025F368,01:002741A0,02:002612D0,03:0024DD18,04:00252318,05:002895D8,06:0026E148,07:00287D08,08:002697D0,09:0027ED20,10:00251DD8,11:00284B18,12:002781D8,13:0026B310,14:002676E8,15:0024EBA0,16:0025ABC8,17:00259C90,18:00261638
func_L00_0025F3C0	shared	76	acccfc4d6bc5941b	19	00:0025F3C0,01:002741F8,02:00261328,03:0024DD70,04:00252370,05:00289630,06:0026E1A0,07:00287D60,08:00269828,09:0027ED78,10:00251E30,11:00284B70,12:00278230,13:0026B368,14:00267740,15:0024EBF8,16:0025AC20,17:00259CE8,18:00261690
func_L00_0025F410	shared	16	7a1848a6278b17d8	19	00:0025F410,01:00274248,02:00261378,03:0024DDC0,04:002523C0,05:00289680,06:0026E1F0,07:00287DB0,08:00269878,09:0027EDC8,10:00251E80,11:00284BC0,12:00278280,13:0026B3B8,14:00267790,15:0024EC48,16:0025AC70,17:00259D38,18:002616E0
func_L00_0025F420	shared	48	d4daaffa11894e3a	19	00:0025F420,01:00274258,02:00261388,03:0024DDD0,04:002523D0,05:00289690,06:0026E200,07:00287DC0,08:00269888,09:0027EDD8,10:00251E90,11:00284BD0,12:00278290,13:0026B3C8,14:002677A0,15:0024EC58,16:0025AC80,17:00259D48,18:002616F0
func_L00_0025F450	shared	80	5b3a919e68fdfb84	19	00:0025F450,01:00274288,02:002613B8,03:0024DE00,04:00252400,05:002896C0,06:0026E230,07:00287DF0,08:002698B8,09:0027EE08,10:00251EC0,11:00284C00,12:002782C0,13:0026B3F8,14:002677D0,15:0024EC88,16:0025ACB0,17:00259D78,18:00261720
func_L00_0025F4A8	shared	3168	647f4685864fe8cd	19	00:0025F4A8,01:002742E0,02:00261410,03:0024DE58,04:00252458,05:00289718,06:0026E288,07:00287E48,08:00269910,09:0027EE60,10:00251F18,11:00284C58,12:00278318,13:0026B450,14:00267828,15:0024ECE0,16:0025AD08,17:00259DD0,18:00261778
func_L00_00260108	shared	852	9ec13ad79b4682d6	19	00:00260108,01:00274F40,02:00262070,03:0024EAB8,04:002530B8,05:0028A378,06:0026EEE8,07:00288AA8,08:0026A570,09:0027FAC0,10:00252B78,11:002858B8,12:00278F78,13:0026C0B0,14:00268488,15:0024F940,16:0025B968,17:0025AA30,18:002623D8
func_L00_00260460	shared	836	9ba472fedef3429a	19	00:00260460,01:00275298,02:002623C8,03:0024EE10,04:00253410,05:0028A6D0,06:0026F240,07:00288E00,08:0026A8C8,09:0027FE18,10:00252ED0,11:00285C10,12:002792D0,13:0026C408,14:002687E0,15:0024FC98,16:0025BCC0,17:0025AD88,18:00262730
func_L00_002607A8	shared	76	ec58bf99a3948fd1	19	00:002607A8,01:002755E0,02:00262710,03:0024F158,04:00253758,05:0028AA18,06:0026F588,07:00289148,08:0026AC10,09:00280160,10:00253218,11:00285F58,12:00279618,13:0026C750,14:00268B28,15:0024FFE0,16:0025C008,17:0025B0D0,18:00262A78
func_L00_002607F8	shared	124	ce457d619bca3e25	19	00:002607F8,01:00275630,02:00262760,03:0024F1A8,04:002537A8,05:0028AAF8,06:0026F5D8,07:00289198,08:0026ACF0,09:002801B0,10:00253268,11:00285FA8,12:00279668,13:0026C7A0,14:00268B78,15:00250030,16:0025C058,17:0025B120,18:00262AC8
func_L00_00260878	shared	88	d62359c7d23f7fb9	19	00:00260878,01:002756B0,02:002627E0,03:0024F228,04:00253828,05:0028AB78,06:0026F658,07:00289218,08:0026AD70,09:00280230,10:002532E8,11:00286028,12:002796E8,13:0026C820,14:00268BF8,15:002500B0,16:0025C0D8,17:0025B1A0,18:00262B48
func_L00_002608D0	shared	28	70732b3e941dd536	19	00:002608D0,01:00275708,02:00262838,03:0024F280,04:00253880,05:0028ABD0,06:0026F6B0,07:00289270,08:0026ADC8,09:00280288,10:00253340,11:00286080,12:00279740,13:0026C878,14:00268C50,15:00250108,16:0025C130,17:0025B1F8,18:00262BA0
func_L00_002608F0	shared	76	bf86c7e39c2cccb1	19	00:002608F0,01:00275728,02:00262858,03:0024F2A0,04:002538A0,05:0028ABF0,06:0026F6D0,07:00289290,08:0026ADE8,09:002802A8,10:00253360,11:002860A0,12:00279760,13:0026C898,14:00268C70,15:00250128,16:0025C150,17:0025B218,18:00262BC0
func_L00_0026093C	shared	20	5bb45cb4db20c757	19	00:0026093C,01:00275774,02:002628A4,03:0024F2EC,04:002538EC,05:0028AC3C,06:0026F71C,07:002892DC,08:0026AE34,09:002802F4,10:002533AC,11:002860EC,12:002797AC,13:0026C8E4,14:00268CBC,15:00250174,16:0025C19C,17:0025B264,18:00262C0C
func_L00_00260958	shared	128	52e30a2358cead52	19	00:00260958,01:00275790,02:002628C0,03:0024F308,04:00253908,05:0028AC58,06:0026F738,07:002892F8,08:0026AE50,09:00280310,10:002533C8,11:00286108,12:002797C8,13:0026C900,14:00268CD8,15:00250190,16:0025C1B8,17:0025B280,18:00262C28
func_00215570	exe	216	e4f303ac71d1433a	19	00:002609D8,01:00275810,02:00262940,03:0024F388,04:00253988,05:0028ACD8,06:0026F7B8,07:00289378,08:0026AED0,09:00280390,10:00253448,11:00286188,12:00279848,13:0026C980,14:00268D58,15:00250210,16:0025C238,17:0025B300,18:00262CA8
func_L00_00260AB0	shared	180	a849c8a8648891e0	19	00:00260AB0,01:002758E8,02:00262A18,03:0024F460,04:00253A60,05:0028ADB0,06:0026F890,07:00289450,08:0026AFA8,09:00280468,10:00253520,11:00286260,12:00279920,13:0026CA58,14:00268E30,15:002502E8,16:0025C310,17:0025B3D8,18:00262D80
func_L00_00260B68	shared	136	91de3cb7ff50055b	19	00:00260B68,01:002759A0,02:00262AD0,03:0024F518,04:00253B18,05:0028AE68,06:0026F948,07:00289508,08:0026B060,09:00280520,10:002535D8,11:00286318,12:002799D8,13:0026CB10,14:00268EE8,15:002503A0,16:0025C3C8,17:0025B490,18:00262E38
func_00215650	exe	140	dd650505f7cbe850	19	00:00260BF0,01:00275A28,02:00262B58,03:0024F5A0,04:00253BA0,05:0028AEF0,06:0026F9D0,07:00289590,08:0026B280,09:002805A8,10:00253660,11:002863A0,12:00279A60,13:0026CB98,14:00268F70,15:00250428,16:0025C450,17:0025B518,18:00262EC0
func_002156E0	exe	168	41a91ea5ef10ba8c	19	00:00260C80,01:00275AB8,02:00262BE8,03:0024F630,04:00253C30,05:0028AF80,06:0026FA60,07:00289620,08:0026B310,09:00280638,10:002536F0,11:00286430,12:00279AF0,13:0026CC28,14:00269000,15:002504B8,16:0025C4E0,17:0025B5A8,18:00262F50
func_L00_00260D30	shared	640	f7912fb937229fce	16	00:00260D30,01:00275B68,02:00262C98,03:0024F810,04:00253E10,07:002896D0,08:0026B3C0,09:002806E8,10:002537A0,12:00279BA0,13:0026CCD8,14:002690B0,15:00250568,16:0025C590,17:0025B658,18:00263000
func_L00_00260FB0	shared	1164	8cd8a6c1475511e3	15	00:00260FB0,01:00275DE8,02:00262F18,05:0028B030,06:0026FB10,08:0026B640,09:00280968,10:00253A20,11:002864E0,13:0026CF58,14:00269330,15:002507E8,16:0025C810,17:0025B8D8,18:00263280
func_L00_00261458	shared	24	08a4c7d00cf806fe	19	00:00261458,01:00276290,02:002633C0,03:0024FAB0,04:002540B0,05:0028B4D8,06:0026FFB8,07:00289A28,08:0026BAE8,09:00280EC8,10:00253EC8,11:00286988,12:00279E40,13:0026D400,14:002697D8,15:00250C90,16:0025CCB8,17:0025BD80,18:00263728
func_L00_00261478	shared	240	bee224b0a6ef3bfe	19	00:00261478,01:002762B0,02:002633E0,03:0024FAD0,04:002540D0,05:0028B4F8,06:0026FFD8,07:00289A48,08:0026BB08,09:00280EE8,10:00253EE8,11:002869A8,12:00279E60,13:0026D420,14:002697F8,15:00250CB0,16:0025CCD8,17:0025BDA0,18:00263748
func_L00_00261568	shared	372	fe97a820516ce292	19	00:00261568,01:002763A0,02:002634D0,03:0024FBC0,04:002541C0,05:0028B5E8,06:002700C8,07:00289B38,08:0026BBF8,09:00280FD8,10:00253FD8,11:00286A98,12:00279F50,13:0026D510,14:002698E8,15:00250DA0,16:0025CDC8,17:0025BE90,18:00263838
func_L00_002616E0	shared	204	03573a5e7749962c	19	00:002616E0,01:00276518,02:00263648,03:0024FD38,04:00254338,05:0028B760,06:00270240,07:00289CB0,08:0026BD70,09:00281150,10:00254150,11:00286C10,12:0027A0C8,13:0026D688,14:00269A60,15:00250F18,16:0025CF40,17:0025C008,18:002639B0
func_L00_002617B0	shared	148	8824b8992a95f4a2	19	00:002617B0,01:002765E8,02:00263718,03:0024FE08,04:00254408,05:0028B830,06:00270310,07:00289D80,08:0026BE40,09:00281220,10:00254220,11:00286CE0,12:0027A198,13:0026D758,14:00269B30,15:00250FE8,16:0025D010,17:0025C0D8,18:00263A80
func_L00_00261848	shared	144	b88d6a21f3881482	19	00:00261848,01:002766C0,02:002637B0,03:0024FEE0,04:002544E0,05:0028B908,06:002703A8,07:00289E58,08:0026BED8,09:002812B8,10:002542B8,11:00286DB8,12:0027A270,13:0026D830,14:00269C08,15:00251080,16:0025D0A8,17:0025C170,18:00263B18
func_L00_002618D8	shared	552	2e6cfc69e38032bd	19	00:002618D8,01:00276750,02:00263840,03:0024FF70,04:00254570,05:0028B998,06:00270438,07:00289EE8,08:0026BF68,09:00281348,10:00254348,11:00286E48,12:0027A300,13:0026D8C0,14:00269C98,15:00251110,16:0025D138,17:0025C200,18:00263BA8
func_L00_00261B00	shared	2252	1dc3c79d5a426b7e	19	00:00261B00,01:00276978,02:00263A68,03:00250198,04:00254798,05:0028BBC0,06:00270660,07:0028A110,08:0026C190,09:00281570,10:00254570,11:00287070,12:0027A528,13:0026DAE8,14:00269EC0,15:00251338,16:0025D360,17:0025C428,18:00263DD0
func_L00_002623D0	shared	128	38a2c9c1514d3ded	19	00:002623D0,01:00277248,02:00264338,03:00250A68,04:00255068,05:0028C490,06:00270F30,07:0028A9E0,08:0026CA60,09:00281E40,10:00254E40,11:00287940,12:0027ADF8,13:0026E3B8,14:0026A790,15:00251C08,16:0025DC30,17:0025CCF8,18:002646A0
func_L00_00262450	shared	160	5fff6bebb882dc0c	19	00:00262450,01:002772C8,02:002643B8,03:00250AE8,04:002550E8,05:0028C510,06:00270FB0,07:0028AA60,08:0026CAE0,09:00281EC0,10:00254EC0,11:002879C0,12:0027AE78,13:0026E438,14:0026A810,15:00251C88,16:0025DCB0,17:0025CD78,18:00264720
func_002158E8	exe	296	b34641efc2829a85	19	00:002624F8,01:00277370,02:00264460,03:00250CC8,04:00255190,05:0028C5B8,06:00271058,07:0028AB08,08:0026CB88,09:00281F68,10:00254F68,11:00287A68,12:0027AF20,13:0026E4E0,14:0026A8B8,15:00251D30,16:0025DD58,17:0025CE20,18:002647C8
func_00215A10	exe	132	488403679f42cd02	19	00:00262620,01:00277498,02:00264588,03:00250DF0,04:002552B8,05:0028C6E0,06:00271180,07:0028AC30,08:0026CCB0,09:00282090,10:00255090,11:00287B90,12:0027B048,13:0026E608,14:0026A9E0,15:00251E58,16:0025DE80,17:0025CF48,18:002648F0
func_L00_002626A8	shared	552	053227b0d0c0d7e0	6	00:002626A8,04:00255340,06:00271208,10:00255118,12:0027B0D0,18:00264978
func_00215A98	exe	124	c657c7032cf757f3	19	00:002628D0,01:00277520,02:00264610,03:00250E78,04:00255568,05:0028C768,06:00271430,07:0028ACB8,08:0026CD38,09:00282118,10:00255340,11:00287C18,12:0027B2F8,13:0026E690,14:0026AA68,15:00251EE0,16:0025DF08,17:0025CFD0,18:00264BA0
func_00215B18	exe	140	75dcffb68065dc5e	19	00:00262950,01:002775A0,02:00264690,03:00250EF8,04:002555E8,05:0028C7E8,06:002714B0,07:0028AD38,08:0026CDB8,09:00282198,10:002553C0,11:00287C98,12:0027B378,13:0026E710,14:0026AAE8,15:00251F60,16:0025DF88,17:0025D050,18:00264C20
func_L00_002629E0	shared	476	cbb96e2aff2eb785	10	00:002629E0,01:00277630,05:0028C878,06:00271540,07:0028ADC8,10:00255450,11:00287D28,14:0026AB78,15:00251FF0,18:00264CB0
func_L00_00262BC0	shared	548	6cfa50bd8a5a6bd2	19	00:00262BC0,01:00277810,02:00264728,03:00250F90,04:00255680,05:0028CA58,06:00271720,07:0028AFA8,08:0026CE50,09:00282230,10:00255630,11:00287F08,12:0027B410,13:0026E7A8,14:0026AD58,15:002521D0,16:0025E020,17:0025D0E8,18:00264E90
func_L00_00262DE8	shared	4	1fa5df652c0fb05f	18	00:00262DE8,00:00263CC0,01:00278B38,02:00265578,03:00252108,04:00256530,05:0028E1C8,06:00272EF0,07:0028C468,08:0026D078,08:0026DF50,09:00282E58,10:00256EA0,11:00289678,11:003121B8,13:0026E9D0,13:0026F8A8,14:0026BBA8,15:00253348,16:0025E248,16:0025F120,17:0025DF38,18:002650B8
func_L00_00262DF0	shared	692	0e8979a2f4600abe	9	00:00262DF0,05:0028D080,06:00271D48,08:0026D080,10:00255C58,11:00288530,13:0026E9D8,16:0025E250,18:002650C0
func_L00_002630A8	shared	816	5474d13e19195e7a	19	00:002630A8,01:00277CA8,02:00264960,03:002511C8,04:002558B8,05:0028D338,06:00272000,07:0028B5D8,08:0026D338,09:00282468,10:00255F10,11:002887E8,12:0027B648,13:0026EC90,14:0026AF90,15:00252408,16:0025E508,17:0025D320,18:00265378
func_L00_002633D8	shared	288	a2958abb7a500e2e	19	00:002633D8,01:00278250,02:00264C90,03:002514F8,04:00255BE8,05:0028D8E0,06:002725A8,07:0028BB80,08:0026D668,09:00282798,10:002564B8,11:00288D90,12:0027B978,13:0026EFC0,14:0026B2C0,15:00252738,16:0025E838,17:0025D650,18:002656A8
func_L00_002634F8	shared	124	f808c9d6393fe02f	19	00:002634F8,01:00278370,02:00264DB0,03:00251618,04:00255D08,05:0028DA00,06:002726C8,07:0028BCA0,08:0026D788,09:002828B8,10:002565D8,11:00288EB0,12:0027BA98,13:0026F0E0,14:0026B3E0,15:00252858,16:0025E958,17:0025D770,18:002657C8
func_L00_00263578	shared	40	d90d650aa5172a79	19	00:00263578,01:002783F0,02:00264E30,03:00251698,04:00255D88,05:0028DA80,06:00272748,07:0028BD20,08:0026D808,09:00282938,10:00256658,11:00288F30,12:0027BB18,13:0026F160,14:0026B460,15:002528D8,16:0025E9D8,17:0025D7F0,18:00265848
func_L00_002635A0	shared	224	74df95a0804c0ed5	19	00:002635A0,01:00278418,02:00264E58,03:002516C0,04:00255DB0,05:0028DAA8,06:00272770,07:0028BD48,08:0026D830,09:00282960,10:00256680,11:00288F58,12:0027BB40,13:0026F188,14:0026B488,15:00252900,16:0025EA00,17:0025D818,18:00265870
func_L00_00263680	shared	568	f7c14eb617012823	19	00:00263680,01:002784F8,02:00264F38,03:002517A0,04:00255E90,05:0028DB88,06:00272850,07:0028BE28,08:0026D910,09:00282A40,10:00256760,11:00289038,12:0027BC20,13:0026F268,14:0026B568,15:002529E0,16:0025EAE0,17:0025D8F8,18:00265950
func_L00_002638B8	shared	128	2070df1f539a91bc	19	00:002638B8,01:00278730,02:00265170,03:002519D8,04:002560C8,05:0028DDC0,06:00272A88,07:0028C060,08:0026DB48,09:00282C78,10:00256998,11:00289270,12:0027BE58,13:0026F4A0,14:0026B7A0,15:00252C18,16:0025ED18,17:0025DB30,18:00265B88
func_L00_00263938	shared	20	661e005b7f7d378b	13	00:00263938,01:002787B0,02:002651F0,05:0028DE40,07:0028C0E0,08:0026DBC8,09:00282CF8,11:002892F0,12:0027BED8,13:0026F520,14:0026B820,16:0025ED98,17:0025DBB0
func_L00_00263950	shared	552	8f6d69bffd6ccc86	17	00:00263950,01:002787C8,02:00265208,03:00251D98,04:002561C0,05:0028DE58,06:00272B80,07:0028C0F8,08:0026DBE0,11:00289308,12:0027BEF0,13:0026F538,14:0026B838,15:00252FD8,16:0025EDB0,17:0025DBC8,18:00265EE8
func_L00_00263B78	shared	124	8eb7fe91d73f99b4	19	00:00263B78,01:002789F0,02:00265430,03:00251FC0,04:002563E8,05:0028E080,06:00272DA8,07:0028C320,08:0026DE08,09:00282D10,10:00256D58,11:00289530,12:0027C118,13:0026F760,14:0026BA60,15:00253200,16:0025EFD8,17:0025DDF0,18:00266110
func_L00_00263BF8	shared	196	0bd0acbcaa369091	19	00:00263BF8,01:00278A70,02:002654B0,03:00252040,04:00256468,05:0028E100,06:00272E28,07:0028C3A0,08:0026DE88,09:00282D90,10:00256DD8,11:002895B0,12:0027C198,13:0026F7E0,14:0026BAE0,15:00253280,16:0025F058,17:0025DE70,18:00266190
func_00215C00	exe	156	8d598c484453d7b8	19	00:00263CC8,01:00278B40,02:00265580,03:00252110,04:00256538,05:0028E1D0,06:00272EF8,07:0028C470,08:0026DF58,09:00282E60,10:00256EA8,11:00289680,12:0027C470,13:0026F8B0,14:0026BBB0,15:00253350,16:0025F128,17:0025DF40,18:00266468
func_L00_00263D68	shared	68	6edf7982ae15451b	17	00:00263D68,01:00278BE0,03:002521B0,04:002565D8,05:0028E270,07:0028C510,08:0026DFF8,09:00282F00,10:00256F48,11:00289720,12:0027C510,13:0026F950,14:0026BC50,15:002533F0,16:0025F1C8,17:0025DFE0,18:00266508
func_L00_00263DB0	shared	264	b70814c195bc573c	19	00:00263DB0,01:00278C28,02:00265628,03:002521F8,04:00256620,05:0028E2B8,06:00272FA0,07:0028C558,08:0026E040,09:00282F48,10:00256F90,11:00289768,12:0027C558,13:0026F998,14:0026BC98,15:00253438,16:0025F210,17:0025E028,18:00266550
func_00215CA8	exe	632	c9e2853b0c17cf0c	19	00:00263EB8,01:00278D30,02:00265730,03:00252300,04:00256728,05:0028E3C0,06:002730A8,07:0028C660,08:0026E148,09:00283050,10:00257098,11:00289870,12:0027C660,13:0026FAA0,14:0026BDA0,15:00253540,16:0025F318,17:0025E130,18:00266658
func_L00_00264130	shared	12	e84a72b3148fc680	18	00:00264130,01:00279000,02:002659A8,03:002525D0,04:002569A0,05:0028E638,06:00273320,07:0028C8D8,08:0026E3C0,09:002832C8,10:00257368,11:00289AE8,13:0026FD70,14:0026C070,15:002537B8,16:0025F590,17:0025E3A8,18:002668D0
func_L00_00264140	shared	928	2a48a519f95fdc4e	8	00:00264140,04:002569B0,07:0028C8E8,09:002832D8,10:00257378,13:0026FD80,15:002537C8,18:002668E0
func_L00_002644E0	shared	140	71e8fc97b060ab93	19	00:002644E0,01:00279010,02:002659B8,03:002525E0,04:00256D50,05:0028E648,06:00273330,07:0028CC88,08:0026E3D0,09:00283678,10:00257718,11:00289AF8,12:0027CB18,13:00270120,14:0026C080,15:00253B68,16:0025F5A0,17:0025E3B8,18:00266C80
func_L00_00264570	shared	288	464d955246558488	19	00:00264570,01:002790A0,02:00265A48,03:00252670,04:00256DE0,05:0028E6D8,06:002733C0,07:0028CD18,08:0026E460,09:00283708,10:002577A8,11:00289B88,12:0027CBA8,13:002701B0,14:0026C110,15:00253BF8,16:0025F630,17:0025E448,18:00266D10
func_L00_00264690	shared	464	b842d967018e7f65	19	00:00264690,01:002791C0,02:00265B68,03:00252790,04:00256F00,05:0028E7F8,06:002734E0,07:0028CE38,08:0026E580,09:00283828,10:002578C8,11:00289CA8,12:0027CCC8,13:002702D0,14:0026C230,15:00253D18,16:0025F750,17:0025E568,18:00266E30
func_L00_00264860	shared	12	795b08bfc0df3326	8	00:00264860,04:002570D0,07:0028D008,09:002839F8,10:00257A98,13:002704A0,15:00253EE8,17:0025E738
func_L00_00264870	shared	720	45088b4c978a0631	14	00:00264870,01:00279440,03:00252A10,04:002570E0,05:0028EA78,06:00273760,07:0028D018,08:0026E800,10:00257AA8,12:0027CF48,13:002704B0,14:0026C4B0,15:00253EF8,17:0025E748
func_L00_00264B40	shared	112	8684a558516386cf	19	00:00264B40,01:00279710,02:00265DE8,03:00252CE0,04:002573B0,05:0028ED48,06:00273A30,07:0028D2E8,08:0026EAD0,09:00283A08,10:00257D78,11:00289F28,12:0027D218,13:00270780,14:0026C780,15:002541C8,16:0025F9D0,17:0025EA18,18:002670A0
func_L00_00264BB0	shared	24	d062e89c8db5de18	10	00:00264BB0,03:00252D50,04:00257420,05:0028EDB8,07:0028D358,12:0027D288,15:00254238,16:0025FA40,17:0025EA88,18:00267110
func_L00_00264BC8	shared	16	c6629c262a02eb31	10	00:00264BC8,03:00252D68,04:00257438,05:0028EDD0,07:0028D370,12:0027D2A0,15:00254250,16:0025FA58,17:0025EAA0,18:00267128
func_L00_00264BD8	shared	12	0a0c6c802aab4974	17	00:00264BD8,01:00279780,03:00252D78,04:00257448,05:0028EDE0,06:00273AA0,07:0028D380,08:0026EB40,09:00283A78,10:00257DE8,11:00289F98,12:0027D2B0,13:002707F0,14:0026C7F0,15:00254260,17:0025EAB0,18:00267138
func_L00_00264BE8	shared	464	75faf23204473a8d	5	00:00264BE8,01:00279800,07:0028D400,16:0025FF40,18:00267148
func_L00_00264DB8	shared	108	652c8f6206ab498c	19	00:00264DB8,01:002799D0,02:00266330,03:00252DF8,04:002574C8,05:0028EE60,06:00273B20,07:0028D5D0,08:0026EBC0,09:00283AF8,10:00257E68,11:0028A018,12:0027D330,13:00270870,14:0026C870,15:002542E0,16:00260110,17:0025EB30,18:00267318
func_L00_00264E28	shared	124	c0ef179e9603c21b	19	00:00264E28,01:00279A40,02:002663A0,03:00252E68,04:00257538,05:0028EED0,06:00273B90,07:0028D640,08:0026EC30,09:00283B68,10:00257ED8,11:0028A088,12:0027D3A0,13:002708E0,14:0026C8E0,15:00254350,16:00260180,17:0025EBA0,18:00267388
func_L00_00264EA8	shared	420	98ecd8b265178a6a	13	00:00264EA8,02:00266420,03:00252EE8,04:002575B8,06:00273C10,08:0026ECB0,09:00283BE8,10:00257F58,11:0028A108,12:0027D420,15:002543D0,16:00260200,17:0025EC20
func_L00_00265050	shared	840	0741b5a3db0b866b	19	00:00265050,01:00279AC8,02:002665C8,03:00253090,04:00257760,05:0028EF58,06:00273DB8,07:0028D6C8,08:0026EE58,09:00283D90,10:00258100,11:0028A2B0,12:0027D5C8,13:00270968,14:0026C968,15:00254578,16:002603A8,17:0025EDC8,18:00267410
func_L00_002653A0	shared	156	2e0b363df7bd99be	19	00:002653A0,01:00279EA8,02:002669A8,03:00253470,04:00257B40,05:0028F2A8,06:00274108,07:0028DA18,08:0026F238,09:00284170,10:002584E0,11:0028A690,12:0027D9A8,13:00270CB8,14:0026CCB8,15:002548C8,16:002606F8,17:0025F1A8,18:00267760
func_00215F80	exe	164	03cb218a02d1dfe3	19	00:00265440,01:00279F48,02:00266A48,03:00253510,04:00257BE0,05:0028F348,06:002741A8,07:0028DAB8,08:0026F2D8,09:00284210,10:00258580,11:0028A730,12:0027DA48,13:00270D58,14:0026CD58,15:00254968,16:00260798,17:0025F248,18:00267800
func_00216028	exe	112	c1fa1a493ac97c74	19	00:002654E8,01:00279FF0,02:00266AF0,03:002535B8,04:00257C88,05:0028F3F0,06:00274250,07:0028DB60,08:0026F380,09:002842B8,10:00258628,11:0028A7D8,12:0027DAF0,13:00270E00,14:0026CE00,15:00254A10,16:00260840,17:0025F2F0,18:002678A8
func_L00_00265558	shared	96	c05548d909472330	19	00:00265558,01:0027A060,02:00266B60,03:00253628,04:00257CF8,05:0028F460,06:002742C0,07:0028DBD0,08:0026F3F0,09:00284328,10:00258698,11:0028A848,12:0027DB60,13:00270E70,14:0026CE70,15:00254A80,16:002608B0,17:0025F360,18:00267918
func_00216098	exe	72	ed6f3d05d68b9dc9	19	00:002655B8,01:0027A0C0,02:00266BC0,03:00253688,04:00257D58,05:0028F4C0,06:00274320,07:0028DC30,08:0026F450,09:00284388,10:002586F8,11:0028A8A8,12:0027DBC0,13:00270ED0,14:0026CED0,15:00254AE0,16:00260910,17:0025F3C0,18:00267978
func_002160E0	exe	112	021cd4d8fb345b28	19	00:00265600,01:0027A108,02:00266C08,03:002536D0,04:00257DA0,05:0028F508,06:00274368,07:0028DC78,08:0026F498,09:002843D0,10:00258740,11:0028A8F0,12:0027DC08,13:00270F18,14:0026CF18,15:00254B28,16:00260958,17:0025F408,18:002679C0
func_00216150	exe	72	6a5e2368b925d2e5	19	00:00265670,01:0027A178,02:00266C78,03:00253740,04:00257E10,05:0028F578,06:002743D8,07:0028DCE8,08:0026F508,09:00284440,10:002587B0,11:0028A960,12:0027DC78,13:00270F88,14:0026CF88,15:00254B98,16:002609C8,17:0025F478,18:00267A30
func_00216198	exe	72	7b32ef66ada34192	19	00:002656B8,01:0027A1C0,02:00266CC0,03:00253788,04:00257E58,05:0028F5C0,06:00274420,07:0028DD30,08:0026F550,09:00284488,10:002587F8,11:0028A9A8,12:0027DCC0,13:00270FD0,14:0026CFD0,15:00254BE0,16:00260A10,17:0025F4C0,18:00267A78
func_00213BB8	exe	180	2b0b204d71d34cc8	19	00:00265700,01:0027A208,02:00266D08,03:002537D0,04:00257EA0,05:0028F608,06:00274468,07:0028DD78,08:0026F598,09:002844D0,10:00258840,11:0028A9F0,12:0027DD08,13:00271018,14:0026D018,15:00254C28,16:00260A58,17:0025F508,18:00267AC0
func_L00_002657B8	shared	260	c3e5e63eb8ff505c	19	00:002657B8,01:0027A2C0,02:00266DC0,03:00253888,04:00257F58,05:0028F6C0,06:00274520,07:0028DE30,08:0026F650,09:00284588,10:002588F8,11:0028AAA8,12:0027DDC0,13:002710D0,14:0026D0D0,15:00254CE0,16:00260B10,17:0025F5C0,18:00267B78
func_00213C78	exe	148	0767e63939bf5182	19	00:002658C0,01:0027A3C8,02:00266EC8,03:00253990,04:00258060,05:0028F7C8,06:00274628,07:0028DF38,08:0026F758,09:00284690,10:00258A00,11:0028ABB0,12:0027DEC8,13:002711D8,14:0026D1D8,15:00254DE8,16:00260C18,17:0025F6C8,18:00267C80
func_002161E0	exe	144	498574356bd623a4	19	00:00265960,01:0027A468,02:00266F68,03:00253A30,04:00258100,05:0028F868,06:002746C8,07:0028DFD8,08:0026F7F8,09:00284730,10:00258AA0,11:0028AC50,12:0027DF68,13:00271278,14:0026D278,15:00254E88,16:00260CB8,17:0025F768,18:00267D20
func_00216270	exe	32	f867e4315425c431	19	00:002659F0,00:00268738,00:00286598,01:0027A4F8,01:0027D240,01:0029C280,02:00266FF8,02:00269D00,02:00287A00,03:00253AC0,03:00256808,03:00275120,03:002DDD58,04:00258190,04:0025AED8,04:002797F8,05:0028F8F8,05:00292640,05:002B0848,06:00274758,06:002774A0,06:002952F8,07:0028E068,07:00290960,07:002AEEE8,07:002F9418,07:0030E800,08:0026F888,08:002725D0,08:00290C10,08:002DB448,09:002847C0,09:00286FF8,09:002A52B8,10:00258B30,10:0025B428,10:002793C8,11:0028ACE0,11:0028DA28,11:002AB840,12:0027DFF8,12:00280D40,12:0029F170,13:00271308,13:00274050,13:00292628,14:0026D308,14:00270050,14:0028ECD8,14:003047D8,15:00254F18,15:00257C60,15:00276180,16:00260D48,16:00263A90,16:002817A8,17:0025F7F8,17:002620F0,17:00280670,18:00267DB0,18:0026A5E8,18:00288490,18:002FC168
func_00216290	exe	212	69aaee70af4b314e	19	00:00265A10,00:00265BD0,01:0027A518,01:0027A6D8,02:00267018,02:002671D8,03:00253AE0,03:00253CA0,04:002581B0,04:00258370,05:0028F918,05:0028FAD8,06:00274778,06:00274938,07:0028E088,07:0028E248,08:0026F8A8,08:0026FA68,09:002847E0,09:002849A0,10:00258B50,10:00258D10,11:0028AD00,11:0028AEC0,12:0027E018,12:0027E1D8,13:00271328,13:002714E8,14:0026D328,14:0026D4E8,15:00254F38,15:002550F8,16:00260D68,16:00260F28,17:0025F818,17:0025F9D8,18:00267DD0,18:00267F90
func_00216368	exe	232	2ac3894482df6a8b	19	00:00265AE8,01:0027A5F0,02:002670F0,03:00253BB8,04:00258288,05:0028F9F0,06:00274850,07:0028E160,08:0026F980,09:002848B8,10:00258C28,11:0028ADD8,12:0027E0F0,13:00271400,14:0026D400,15:00255010,16:00260E40,17:0025F8F0,18:00267EA8
func_00216528	exe	248	68de3ae09ad9db11	19	00:00265CA8,01:0027A7B0,02:002672B0,03:00253D78,04:00258448,05:0028FBB0,06:00274A10,07:0028E320,08:0026FB40,09:00284A78,10:00258DE8,11:0028AF98,12:0027E2B0,13:002715C0,14:0026D5C0,15:002551D0,16:00261000,17:0025FAB0,18:00268068
func_00216620	exe	204	f7b2ed1e8e4280a8	19	00:00265DA0,00:00265E70,01:0027A8A8,01:0027A978,02:002673A8,02:00267478,03:00253E70,03:00253F40,04:00258540,04:00258610,05:0028FCA8,05:0028FD78,06:00274B08,06:00274BD8,07:0028E418,07:0028E4E8,08:0026FC38,08:0026FD08,09:00284B70,09:00284C40,10:00258EE0,10:00258FB0,11:0028B090,11:0028B160,12:0027E3A8,12:0027E478,13:002716B8,13:00271788,14:0026D6B8,14:0026D788,15:002552C8,15:00255398,16:002610F8,16:002611C8,17:0025FBA8,17:0025FC78,18:00268160,18:00268230
func_002167C0	exe	412	5b06621878f8fc76	19	00:00265F40,01:0027AA48,02:00267548,03:00254010,04:002586E0,05:0028FE48,06:00274CA8,07:0028E5B8,08:0026FDD8,09:00284D10,10:00259080,11:0028B230,12:0027E548,13:00271858,14:0026D858,15:00255468,16:00261298,17:0025FD48,18:00268300
func_00216960	exe	88	28a1d8f1f003b650	19	00:002660E0,01:0027ABE8,02:002676E8,03:002541B0,04:00258880,05:0028FFE8,06:00274E48,07:0028E758,08:0026FF78,09:00284EB0,10:00259220,11:0028B3D0,12:0027E6E8,13:002719F8,14:0026D9F8,15:00255608,16:00261438,17:0025FEE8,18:002684A0
func_002169B8	exe	212	06e8ea93d48ae90a	19	00:00266138,00:00266210,01:0027AC40,01:0027AD18,02:00267740,02:00267818,03:00254208,03:002542E0,04:002588D8,04:002589B0,05:00290040,05:00290118,06:00274EA0,06:00274F78,07:0028E7B0,07:0028E888,08:0026FFD0,08:002700A8,09:00284F08,09:00284FE0,10:00259278,10:00259350,11:0028B428,11:0028B500,12:0027E740,12:0027E818,13:00271A50,13:00271B28,14:0026DA50,14:0026DB28,15:00255660,15:00255738,16:00261490,16:00261568,17:0025FF40,17:00260018,18:002684F8,18:002685D0
func_00216B68	exe	228	f63b953b8e7103b7	19	00:002662E8,01:0027ADF0,02:002678F0,03:002543B8,04:00258A88,05:002901F0,06:00275050,07:0028E960,08:00270180,09:002850B8,10:00259428,11:0028B5D8,12:0027E8F0,13:00271C00,14:0026DC00,15:00255810,16:00261640,17:002600F0,18:002686A8
func_00216C50	exe	224	7d1ab308f62f1683	19	00:002663D0,01:0027AED8,02:002679D8,03:002544A0,04:00258B70,05:002902D8,06:00275138,07:0028EA48,08:00270268,09:002851A0,10:00259510,11:0028B6C0,12:0027E9D8,13:00271CE8,14:0026DCE8,15:002558F8,16:00261728,17:002601D8,18:00268790
func_L00_002664B0	shared	68	de23944825f2c27b	19	00:002664B0,01:0027AFB8,02:00267AB8,03:00254580,04:00258C50,05:002903B8,06:00275218,07:0028EB28,08:00270348,09:00285280,10:002595F0,11:0028B7A0,12:0027EAB8,13:00271DC8,14:0026DDC8,15:002559D8,16:00261808,17:002602B8,18:00268870
func_L00_002664F4	shared	16	8f89c5e71fff9c23	19	00:002664F4,01:0027AFFC,02:00267AFC,03:002545C4,04:00258C94,05:002903FC,06:0027525C,07:0028EB6C,08:0027038C,09:002852C4,10:00259634,11:0028B7E4,12:0027EAFC,13:00271E0C,14:0026DE0C,15:00255A1C,16:0026184C,17:002602FC,18:002688B4
func_00216D88	exe	360	11afdbff80669f9c	19	00:00266508,01:0027B010,02:00267B10,03:002545D8,04:00258CA8,05:00290410,06:00275270,07:0028EB80,08:002703A0,09:002852D8,10:00259648,11:0028B7F8,12:0027EB10,13:00271E20,14:0026DE20,15:00255A30,16:00261860,17:00260310,18:002688C8
func_00216EF0	exe	52	f4963dc7ca991354	19	00:00266670,01:0027B178,02:00267C78,03:00254740,04:00258E10,05:00290578,06:002753D8,07:0028ECE8,08:00270508,09:00285440,10:002597B0,11:0028B960,12:0027EC78,13:00271F88,14:0026DF88,15:00255B98,16:002619C8,17:00260478,18:00268A30
func_00216F28	exe	28	c40cb73ee00a32d7	19	00:002666A8,01:0027B1B0,02:00267CB0,03:00254778,04:00258E48,05:002905B0,06:00275410,07:0028ED20,08:00270540,09:00285478,10:002597E8,11:0028B998,12:0027ECB0,13:00271FC0,14:0026DFC0,15:00255BD0,16:00261A00,17:002604B0,18:00268A68
func_L00_002666C8	shared	64	d119122cb6928411	19	00:002666C8,01:0027B1D0,02:00267CD0,03:00254798,04:00258E68,05:002905D0,06:00275430,07:0028ED40,08:00270560,09:00285498,10:00259808,11:0028B9B8,12:0027ECD0,13:00271FE0,14:0026DFE0,15:00255BF0,16:00261A20,17:002604D0,18:00268A88
func_00216F48	exe	488	7293c7044ac80d7b	19	00:00266708,01:0027B210,02:00267D10,03:002547D8,04:00258EA8,05:00290610,06:00275470,07:0028ED80,08:002705A0,09:002854D8,10:00259848,11:0028B9F8,12:0027ED10,13:00272020,14:0026E020,15:00255C30,16:00261A60,17:00260510,18:00268AC8
func_00217130	exe	1108	db3c286f0f83ae37	19	00:002668F0,01:0027B3F8,02:00267EF8,03:002549C0,04:00259090,05:002907F8,06:00275658,07:0028EF68,08:00270788,09:002856C0,10:00259A30,11:0028BBE0,12:0027EEF8,13:00272208,14:0026E208,15:00255E18,16:00261C48,17:002606F8,18:00268CB0
func_00217588	exe	64	af046b277ffd5c89	19	00:00266D48,01:0027B850,02:00268350,03:00254E18,04:002594E8,05:00290C50,06:00275AB0,07:0028F3C0,08:00270BE0,09:00285B18,10:00259E88,11:0028C038,12:0027F350,13:00272660,14:0026E660,15:00256270,16:002620A0,17:00260B50,18:00269108
func_002175C8	exe	96	6550504778af4980	19	00:00266D88,01:0027B890,02:00268390,03:00254E58,04:00259528,05:00290C90,06:00275AF0,07:0028F400,08:00270C20,09:00285B58,10:00259EC8,11:0028C078,12:0027F390,13:002726A0,14:0026E6A0,15:002562B0,16:002620E0,17:00260B90,18:00269148
func_00217628	exe	160	3834eafcae229920	19	00:00266DE8,01:0027B8F0,02:002683F0,03:00254EB8,04:00259588,05:00290CF0,06:00275B50,07:0028F460,08:00270C80,09:00285BB8,10:00259F28,11:0028C0D8,12:0027F3F0,13:00272700,14:0026E700,15:00256310,16:00262140,17:00260BF0,18:002691A8
func_002176C8	exe	124	3d4f8665837bf2f0	19	00:00266E88,01:0027B990,02:00268490,03:00254F58,04:00259628,05:00290D90,06:00275BF0,07:0028F500,08:00270D20,09:00285C58,10:00259FC8,11:0028C178,12:0027F490,13:002727A0,14:0026E7A0,15:002563B0,16:002621E0,17:00260C90,18:00269248
func_00217748	exe	168	b53a025feb12cfbb	19	00:00266F08,01:0027BA10,02:00268510,03:00254FD8,04:002596A8,05:00290E10,06:00275C70,07:0028F580,08:00270DA0,09:00285CD8,10:0025A048,11:0028C1F8,12:0027F510,13:00272820,14:0026E820,15:00256430,16:00262260,17:00260D10,18:002692C8
func_002177F0	exe	64	6e2f0cbac26560b6	19	00:00266FB0,01:0027BAB8,02:002685B8,03:00255080,04:00259750,05:00290EB8,06:00275D18,07:0028F628,08:00270E48,09:00285D80,10:0025A0F0,11:0028C2A0,12:0027F5B8,13:002728C8,14:0026E8C8,15:002564D8,16:00262308,17:00260DB8,18:00269370
func_00217830	exe	48	893f40f76b6604c4	19	00:00266FF0,01:0027BAF8,02:002685F8,03:002550C0,04:00259790,05:00290EF8,06:00275D58,07:0028F668,08:00270E88,09:00285DC0,10:0025A130,11:0028C2E0,12:0027F5F8,13:00272908,14:0026E908,15:00256518,16:00262348,17:00260DF8,18:002693B0
func_00217860	exe	92	3fd82f2e29bfec4c	19	00:00267020,00:00267080,01:0027BB28,01:0027BB88,02:00268628,02:00268688,03:002550F0,03:00255150,04:002597C0,04:00259820,05:00290F28,05:00290F88,06:00275D88,06:00275DE8,07:0028F698,07:0028F6F8,08:00270EB8,08:00270F18,09:00285DF0,09:00285E50,10:0025A160,10:0025A1C0,11:0028C310,11:0028C370,12:0027F628,12:0027F688,13:00272938,13:00272998,14:0026E938,14:0026E998,15:00256548,15:002565A8,16:00262378,16:002623D8,17:00260E28,17:00260E88,18:002693E0,18:00269440
func_L00_002670E0	shared	64	3a608ba48e4b35e9	19	00:002670E0,01:0027BBE8,02:002686E8,03:002551B0,04:00259880,05:00290FE8,06:00275E48,07:0028F758,08:00270F78,09:00285EB0,10:0025A220,11:0028C3D0,12:0027F6E8,13:002729F8,14:0026E9F8,15:00256608,16:00262438,17:00260EE8,18:002694A0
func_L00_00267120	shared	12	f010b27ea0a87aae	19	00:00267120,00:00267178,00:002671B8,01:0027BC28,01:0027BC80,01:0027BCC0,02:00268728,02:00268780,02:002687C0,03:002551F0,03:00255248,03:00255288,04:002598C0,04:00259918,04:00259958,05:00291028,05:00291080,05:002910C0,06:00275E88,06:00275EE0,06:00275F20,07:0028F798,07:0028F7F0,07:0028F830,08:00270FB8,08:00271010,08:00271050,09:00285EF0,09:00285F48,09:00285F88,10:0025A260,10:0025A2B8,10:0025A2F8,11:0028C410,11:0028C468,11:0028C4A8,12:0027F728,12:0027F780,12:0027F7C0,13:00272A38,13:00272A90,13:00272AD0,14:0026EA38,14:0026EA90,14:0026EAD0,15:00256648,15:002566A0,15:002566E0,16:00262478,16:002624D0,16:00262510,17:00260F28,17:00260F80,17:00260FC0,18:002694E0,18:00269538,18:00269578
func_L00_00267130	shared	72	7fc9b1ebe3988268	19	00:00267130,01:0027BC38,02:00268738,03:00255200,04:002598D0,05:00291038,06:00275E98,07:0028F7A8,08:00270FC8,09:00285F00,10:0025A270,11:0028C420,12:0027F738,13:00272A48,14:0026EA48,15:00256658,16:00262488,17:00260F38,18:002694F0
func_L00_00267188	shared	48	486d998a5f893b3c	19	00:00267188,01:0027BC90,02:00268790,03:00255258,04:00259928,05:00291090,06:00275EF0,07:0028F800,08:00271020,09:00285F58,10:0025A2C8,11:0028C478,12:0027F790,13:00272AA0,14:0026EAA0,15:002566B0,16:002624E0,17:00260F90,18:00269548
func_00217A08	exe	88	16a5acedb447cb97	19	00:002671C8,01:0027BCD0,02:002687D0,03:00255298,04:00259968,05:002910D0,06:00275F30,07:0028F840,08:00271060,09:00285F98,10:0025A308,11:0028C4B8,12:0027F7D0,13:00272AE0,14:0026EAE0,15:002566F0,16:00262520,17:00260FD0,18:00269588
func_00217A60	exe	108	2ee055472d2a85c9	19	00:00267220,01:0027BD28,02:00268828,03:002552F0,04:002599C0,05:00291128,06:00275F88,07:0028F898,08:002710B8,09:00285FF0,10:0025A360,11:0028C510,12:0027F828,13:00272B38,14:0026EB38,15:00256748,16:00262578,17:00261028,18:002695E0
func_L00_00267290	shared	904	6b85d5ed22bb8e56	14	00:00267290,01:0027BD98,02:00268898,03:00255360,04:00259A30,05:00291198,06:00275FF8,08:00271128,11:0028C580,12:0027F898,13:00272BA8,14:0026EBA8,15:002567B8,16:002625E8
func_L00_00267618	shared	28	868793f485181a35	17	00:00267618,01:0027C120,02:00268C20,03:002556E8,04:00259DB8,05:00291520,06:00276380,07:0028F908,08:002714B0,10:0025A3D0,11:0028C908,12:0027FC20,13:00272F30,14:0026EF30,15:00256B40,16:00262970,17:00261098
func_L00_0026763C	shared	96	565d7521d30e1dfd	17	00:0026763C,01:0027C144,02:00268C44,03:0025570C,04:00259DDC,05:00291544,06:002763A4,07:0028F92C,08:002714D4,10:0025A3F4,11:0028C92C,12:0027FC44,13:00272F54,14:0026EF54,15:00256B64,16:00262994,17:002610BC
func_L00_002676A0	shared	68	f633df2603213ab0	16	00:002676A0,01:0027C1A8,03:00255770,04:00259E40,05:002915A8,06:00276408,07:0028F990,08:00271538,10:0025A458,11:0028C990,12:0027FCA8,13:00272FB8,14:0026EFB8,15:00256BC8,16:002629F8,17:00261120
func_L00_002676E8	shared	204	75554679f11a5c05	14	00:002676E8,01:0027C1F0,02:00268CB0,03:002557B8,04:00259E88,05:002915F0,06:00276450,08:00271580,11:0028C9D8,12:0027FCF0,13:00273000,14:0026F000,15:00256C10,16:00262A40
func_00217AE8	exe	984	dcd1725a7a004686	19	00:002677B8,01:0027C2C0,02:00268D80,03:00255888,04:00259F58,05:002916C0,06:00276520,07:0028F9E0,08:00271650,09:00286078,10:0025A4A8,11:0028CAA8,12:0027FDC0,13:002730D0,14:0026F0D0,15:00256CE0,16:00262B10,17:00261170,18:00269668
func_00217EC0	exe	20	06102fd96acbf6bd	19	00:00267B90,01:0027C698,02:00269158,03:00255C60,04:0025A330,05:00291A98,06:002768F8,07:0028FDB8,08:00271A28,09:00286450,10:0025A880,11:0028CE80,12:00280198,13:002734A8,14:0026F4A8,15:002570B8,16:00262EE8,17:00261548,18:00269A40
func_L00_00267BA8	shared	140	2dc5207437959e92	19	00:00267BA8,01:0027C6B0,02:00269170,03:00255C78,04:0025A348,05:00291AB0,06:00276910,07:0028FDD0,08:00271A40,09:00286468,10:0025A898,11:0028CE98,12:002801B0,13:002734C0,14:0026F4C0,15:002570D0,16:00262F00,17:00261560,18:00269A58
func_L00_00267C34	shared	20	ec91a49d3786c4c8	19	00:00267C34,01:0027C73C,02:002691FC,03:00255D04,04:0025A3D4,05:00291B3C,06:0027699C,07:0028FE5C,08:00271ACC,09:002864F4,10:0025A924,11:0028CF24,12:0028023C,13:0027354C,14:0026F54C,15:0025715C,16:00262F8C,17:002615EC,18:00269AE4
func_L00_00267C48	shared	128	9351fa7f99bdc75d	19	00:00267C48,01:0027C750,02:00269210,03:00255D18,04:0025A3E8,05:00291B50,06:002769B0,07:0028FE70,08:00271AE0,09:00286508,10:0025A938,11:0028CF38,12:00280250,13:00273560,14:0026F560,15:00257170,16:00262FA0,17:00261600,18:00269AF8
func_L00_00267CC8	shared	64	ab6a1df054d38fa2	19	00:00267CC8,01:0027C7D0,02:00269290,03:00255D98,04:0025A468,05:00291BD0,06:00276A30,07:0028FEF0,08:00271B60,09:00286588,10:0025A9B8,11:0028CFB8,12:002802D0,13:002735E0,14:0026F5E0,15:002571F0,16:00263020,17:00261680,18:00269B78
func_L00_00267D08	shared	4	d358c2015eb15b1d	19	00:00267D08,01:0027C810,02:002692D0,03:00255DD8,04:0025A4A8,05:00291C10,06:00276A70,07:0028FF30,08:00271BA0,09:002865C8,10:0025A9F8,11:0028CFF8,12:00280310,13:00273620,14:0026F620,15:00257230,16:00263060,17:002616C0,18:00269BB8
func_00217EE8	exe	128	ccc0749c1a249e6e	19	00:00267D18,01:0027C820,02:002692E0,03:00255DE8,04:0025A4B8,05:00291C20,06:00276A80,07:0028FF40,08:00271BB0,09:002865D8,10:0025AA08,11:0028D008,12:00280320,13:00273630,14:0026F630,15:00257240,16:00263070,17:002616D0,18:00269BC8
func_00217F68	exe	540	fabd21a8ea531516	19	00:00267D98,01:0027C8A0,02:00269360,03:00255E68,04:0025A538,05:00291CA0,06:00276B00,07:0028FFC0,08:00271C30,09:00286658,10:0025AA88,11:0028D088,12:002803A0,13:002736B0,14:0026F6B0,15:002572C0,16:002630F0,17:00261750,18:00269C48
func_00218188	exe	100	0dda5ed6e5057e63	19	00:00267FB8,01:0027CAC0,02:00269580,03:00256088,04:0025A758,05:00291EC0,06:00276D20,07:002901E0,08:00271E50,09:00286878,10:0025ACA8,11:0028D2A8,12:002805C0,13:002738D0,14:0026F8D0,15:002574E0,16:00263310,17:00261970,18:00269E68
func_002181F0	exe	1816	3c746971f8d739e4	19	00:00268020,01:0027CB28,02:002695E8,03:002560F0,04:0025A7C0,05:00291F28,06:00276D88,07:00290248,08:00271EB8,09:002868E0,10:0025AD10,11:0028D310,12:00280628,13:00273938,14:0026F938,15:00257548,16:00263378,17:002619D8,18:00269ED0
func_00218928	exe	8	829c1f35a88d4a14	19	00:00268758,01:0027D260,02:00269D20,03:00256828,04:0025AEF8,05:00292660,06:002774C0,07:00290980,08:002725F0,09:00287018,10:0025B448,11:0028DA48,12:00280D60,13:00274070,14:00270070,15:00257C80,16:00263AB0,17:00262110,18:0026A608
func_L00_00268760	shared	320	7151c90071ddc50a	19	00:00268760,01:0027D268,02:00269D28,03:00256830,04:0025AF00,05:00292668,06:002774C8,07:00290988,08:002725F8,09:00287020,10:0025B450,11:0028DA50,12:00280D68,13:00274078,14:00270078,15:00257C88,16:00263AB8,17:00262118,18:0026A610
func_L00_002688A8	shared	260	8f69dd4b5b2638c7	19	00:002688A8,01:0027D3B0,02:00269E70,03:00256978,04:0025B048,05:002927B0,06:00277610,07:00290AD0,08:00272740,09:00287168,10:0025B598,11:0028DB98,12:00280EB0,13:002741C0,14:002701C0,15:00257DD0,16:00263C00,17:00262260,18:0026A758
func_L00_002689B0	shared	216	1b62b0b0fd4c8186	19	00:002689B0,01:0027D4B8,02:00269F78,03:00256A80,04:0025B150,05:002928B8,06:00277718,07:00290BD8,08:00272848,09:00287270,10:0025B6A0,11:0028DCA0,12:00280FB8,13:002742C8,14:002702C8,15:00257ED8,16:00263D08,17:00262368,18:0026A860
func_L00_00268A88	shared	32	fdca889fdb6e094f	19	00:00268A88,01:0027D590,02:0026A050,03:00256B58,04:0025B228,05:00292990,06:002777F0,07:00290CB0,08:00272920,09:00287348,10:0025B778,11:0028DD78,12:00281090,13:002743A0,14:002703A0,15:00257FB0,16:00263DE0,17:00262440,18:0026A938
func_00218A80	exe	140	b7384361e9eaf522	19	00:00268AA8,01:0027D5B0,02:0026A070,03:00256B78,04:0025B248,05:002929B0,06:00277810,07:00290CD0,08:00272940,09:00287368,10:0025B798,11:0028DD98,12:002810B0,13:002743C0,14:002703C0,15:00257FD0,16:00263E00,17:00262460,18:0026A958
func_00218B10	exe	3060	684fd01538db019d	19	00:00268B38,01:0027D640,02:0026A100,03:00256C08,04:0025B2D8,05:00292A40,06:002778A0,07:00290D60,08:002729D0,09:002873F8,10:0025B828,11:0028DE28,12:00281140,13:00274450,14:00270450,15:00258060,16:00263E90,17:002624F0,18:0026A9E8
func_00219704	exe	112	30fdefec4163b943	19	00:0026972C,01:0027E234,02:0026ACF4,03:002577FC,04:0025BECC,05:00293634,06:00278494,07:00291954,08:002735C4,09:00287FEC,10:0025C41C,11:0028EA1C,12:00281D34,13:00275044,14:00271044,15:00258C54,16:00264A84,17:002630E4,18:0026B5DC
func_L00_002697A0	shared	1096	0e7a9daad382efd6	19	00:002697A0,01:0027E2A8,02:0026AD68,03:00257870,04:0025BF40,05:002936A8,06:00278508,07:002919C8,08:00273638,09:00288060,10:0025C490,11:0028EA90,12:00281DA8,13:002750B8,14:002710B8,15:00258CC8,16:00264AF8,17:00263158,18:0026B650
func_L00_00269BE8	shared	452	7803da8c344e3351	19	00:00269BE8,01:0027E6F0,02:0026B1B0,03:00257CB8,04:0025C388,05:00293AF0,06:00278950,07:00291E10,08:00273C80,09:002884A8,10:0025C8D8,11:0028EED8,12:002823F0,13:00275500,14:00271700,15:00259110,16:00264F40,17:002635A0,18:0026BA98
func_L00_00269DB0	shared	216	2be9b2dba2af1ccb	19	00:00269DB0,01:0027E8B8,02:0026B378,03:00257E80,04:0025C550,05:00293CB8,06:00278B18,07:00291FD8,08:00273E48,09:00288670,10:0025CAA0,11:0028F0A0,12:002825B8,13:002756C8,14:002718C8,15:002592D8,16:00265108,17:00263768,18:0026BC60
func_L00_00269E88	shared	208	7c8b7ffed7f3b1f9	19	00:00269E88,01:0027E990,02:0026B450,03:00257F58,04:0025C628,05:00293D90,06:00278BF0,07:002920B0,08:00273F20,09:00288748,10:0025CB78,11:0028F178,12:00282690,13:002757A0,14:002719A0,15:002593B0,16:002651E0,17:00263840,18:0026BD38
func_00219780	exe	468	1f28e9c1aae4592b	19	00:00269F58,01:0027EA60,02:0026B520,03:00258028,04:0025C6F8,05:00293E60,06:00278CC0,07:00292180,08:00273FF0,09:00288818,10:0025CC48,11:0028F248,12:00282760,13:00275870,14:00271A70,15:00259480,16:002652B0,17:00263910,18:0026BE08
func_L00_0026A130	shared	608	7a8949da695c2fb4	19	00:0026A130,01:0027EC38,02:0026B6F8,03:00258200,04:0025C8D0,05:00294038,06:00278E98,07:00292358,08:002741C8,09:002889F0,10:0025CE20,11:0028F420,12:00282938,13:00275A48,14:00271C48,15:00259658,16:00265488,17:00263AE8,18:0026BFE0
func_L00_0026A398	shared	1120	df2b505ca4d6ec01	19	00:0026A398,01:0027EEA0,02:0026B960,03:00258468,04:0025CB38,05:002942A0,06:00279100,07:002925C0,08:00274430,09:00288C58,10:0025D088,11:0028F688,12:00282BA0,13:00275CB0,14:00271EB0,15:002598C0,16:002656F0,17:00263D50,18:0026C248
func_L00_0026A7F8	shared	276	60d732f3e668405a	19	00:0026A7F8,01:0027F300,02:0026BDC0,03:002588C8,04:0025CF98,05:00294700,06:00279560,07:00292A20,08:00274890,09:002890B8,10:0025D4E8,11:0028FAE8,12:00283000,13:00276110,14:00272310,15:00259D20,16:00265B50,17:002641B0,18:0026C6A8
func_L00_0026A910	shared	252	86af2ac166552031	19	00:0026A910,01:0027F418,02:0026BED8,03:002589E0,04:0025D0B0,05:00294818,06:00279678,07:00292B38,08:002749A8,09:002891D0,10:0025D600,11:0028FC00,12:00283118,13:00276228,14:00272428,15:00259E38,16:00265C68,17:002642C8,18:0026C7C0
func_L00_0026AA10	shared	252	6a530d144c1ff614	19	00:0026AA10,01:0027F518,02:0026BFD8,03:00258AE0,04:0025D1B0,05:00294918,06:00279778,07:00292C38,08:00274AA8,09:002892D0,10:0025D700,11:0028FD00,12:00283218,13:00276328,14:00272528,15:00259F38,16:00265D68,17:002643C8,18:0026C8C0
func_L00_0026AB10	shared	176	bb4b3e755a21f4c9	19	00:0026AB10,00:0026B2B8,01:0027F618,01:0027FFC8,02:0026C0D8,02:0026C880,03:00258BE0,03:00259388,04:0025D2B0,04:0025DA58,05:00294A18,05:002951C0,06:00279878,06:0027A020,07:00292D38,07:002934E0,08:00274BA8,08:00275350,09:002893D0,09:00289B78,10:0025D800,10:0025DFA8,11:0028FE00,11:002905A8,12:00283318,12:00283AC0,13:00276428,13:00276BD0,14:00272628,14:00272DD0,15:0025A038,15:0025A7E0,16:00265E68,16:00266610,17:002644C8,17:00264C70,18:0026C9C0,18:0026D168
func_L00_0026ABC0	shared	1780	320d3a2969b29f5d	19	00:0026ABC0,01:0027F8D0,02:0026C188,03:00258C90,04:0025D360,05:00294AC8,06:00279928,07:00292DE8,08:00274C58,09:00289480,10:0025D8B0,11:0028FEB0,12:002833C8,13:002764D8,14:002726D8,15:0025A0E8,16:00265F18,17:00264578,18:0026CA70
func_L00_0026B368	shared	236	faf9cf35e3b235b9	19	00:0026B368,01:00280078,02:0026C930,03:00259438,04:0025DB08,05:00295270,06:0027A0D0,07:00293590,08:00275400,09:00289C28,10:0025E058,11:00290658,12:00283B70,13:00276C80,14:00272E80,15:0025A890,16:002666C0,17:00264D20,18:0026D218
func_L00_0026B458	shared	300	91d9e4451c9cc83f	19	00:0026B458,01:00280168,02:0026CA20,03:00259528,04:0025DBF8,05:00295360,06:0027A1C0,07:00293680,08:002754F0,09:00289D18,10:0025E148,11:00290748,12:00283C60,13:00276D70,14:00272F70,15:0025A980,16:002667B0,17:00264E10,18:0026D308
func_L00_0026B590	shared	392	fc86868cd5487d19	19	00:0026B590,01:002802A0,02:0026CB58,03:00259660,04:0025DD30,05:00295498,06:0027A2F8,07:002937B8,08:00275628,09:00289E50,10:0025E280,11:00290880,12:00283D98,13:00276EA8,14:002730A8,15:0025AAB8,16:002668E8,17:00264F48,18:0026D440
func_L00_0026B720	shared	368	506fc183f0c1fdf2	19	00:0026B720,01:00280550,02:0026CCE8,03:00259910,04:0025DFE0,05:00295628,06:0027A488,07:00293948,08:002757B8,09:00289FE0,10:0025E410,11:00290A10,12:00283F28,13:00277038,14:00273358,15:0025AC48,16:00266A78,17:002650D8,18:0026D5D0
func_L00_0026B890	shared	644	2c359d56f23e133d	19	00:0026B890,01:002806C0,02:0026CE58,03:00259A80,04:0025E150,05:00295798,06:0027A5F8,07:00293AB8,08:00275928,09:0028A150,10:0025E580,11:00290B80,12:00284098,13:002771A8,14:002734C8,15:0025ADB8,16:00266BE8,17:00265248,18:0026D740
func_L00_0026BB18	shared	1464	4adb4b7c65fffeb6	19	00:0026BB18,01:00280948,02:0026D0E0,03:00259D08,04:0025E3D8,05:00295A20,06:0027A880,07:00293D40,08:00275BB0,09:0028A3D8,10:0025E808,11:00290E08,12:00284320,13:00277430,14:00273750,15:0025B040,16:00266E70,17:002654D0,18:0026D9C8
func_L00_0026C0D0	shared	720	c73d8771f83a348f	19	00:0026C0D0,01:00280F00,02:0026D698,03:0025A2C0,04:0025E990,05:00295FD8,06:0027AE38,07:002942F8,08:00276168,09:0028A990,10:0025EDC0,11:002913C0,12:002848D8,13:002779E8,14:00273D08,15:0025B5F8,16:00267428,17:00265A88,18:0026DF80
func_L00_0026C3A0	shared	656	c2a49bc9139cbe3c	19	00:0026C3A0,01:002811D0,02:0026D968,03:0025A590,04:0025EC60,05:002962A8,06:0027B108,07:002945C8,08:00276438,09:0028AC60,10:0025F090,11:00291690,12:00284BA8,13:00277CB8,14:00273FD8,15:0025B8C8,16:002676F8,17:00265D58,18:0026E250
func_L00_0026C630	shared	384	71d20161ac6d3681	19	00:0026C630,01:00281460,02:0026DBF8,03:0025A820,04:0025EEF0,05:00296538,06:0027B398,07:00294858,08:002766C8,09:0028AEF0,10:0025F320,11:00291920,12:00284E38,13:00277F48,14:00274268,15:0025BB58,16:00267988,17:00265FE8,18:0026E4E0
func_L00_0026C7B0	shared	344	6fe776210ed2dd2f	19	00:0026C7B0,01:002815E0,02:0026DD78,03:0025A9A0,04:0025F070,05:002966B8,06:0027B518,07:002949D8,08:00276848,09:0028B070,10:0025F4A0,11:00291AA0,12:00284FB8,13:002780C8,14:002743E8,15:0025BCD8,16:00267B08,17:00266168,18:0026E660
func_L00_0026C908	shared	260	09226b6e6a51ea47	19	00:0026C908,01:00281890,02:0026DED0,03:0025AAF8,04:0025F1C8,05:00296810,06:0027B7C8,07:00294B30,08:00276AF8,09:0028B320,10:0025F5F8,11:00291BF8,12:00285110,13:00278220,14:00274540,15:0025BF88,16:00267C60,17:00266418,18:0026E7B8
func_L00_0026CA10	shared	308	d59d22fd1b30ed5e	19	00:0026CA10,01:00281998,02:0026DFD8,03:0025AC00,04:0025F2D0,05:00296918,06:0027B8D0,07:00294C38,08:00276C00,09:0028B428,10:0025F700,11:00291D00,12:00285218,13:00278328,14:00274648,15:0025C090,16:00267D68,17:00266520,18:0026E8C0
func_L00_0026CB48	shared	552	95feea5066248492	19	00:0026CB48,01:00281AD0,02:0026E110,03:0025AD38,04:0025F408,05:00296A50,06:0027BA08,07:00294D70,08:00276D38,09:0028B560,10:0025F838,11:00291E38,12:00285350,13:00278460,14:00274780,15:0025C1C8,16:00267EA0,17:00266658,18:0026E9F8
func_L00_0026CD70	shared	440	1f75290f9cbf2213	19	00:0026CD70,01:00281CF8,02:0026E338,03:0025AF60,04:0025F630,05:00296C78,06:0027BC30,07:00294F98,08:00276F60,09:0028B788,10:0025FA60,11:00292060,12:00285578,13:00278688,14:002749A8,15:0025C3F0,16:002680C8,17:00266880,18:0026EC20
func_L00_0026CF28	shared	832	8febb4532a6dda94	19	00:0026CF28,01:00281EB0,02:0026E4F0,03:0025B118,04:0025F7E8,05:00296E30,06:0027BDE8,07:00295150,08:00277118,09:0028B940,10:0025FC18,11:00292218,12:00285730,13:00278840,14:00274B60,15:0025C5A8,16:00268280,17:00266A38,18:0026EDD8
func_L00_0026D270	shared	388	b6e38265d5af7b11	19	00:0026D270,01:002821F8,02:0026E838,03:0025B460,04:0025FB30,05:00297178,06:0027C130,07:00295498,08:00277460,09:0028BC88,10:0025FF60,11:00292560,12:00285A78,13:00278B88,14:00274EA8,15:0025C8F0,16:002685C8,17:00266D80,18:0026F120
func_L00_0026D3F8	shared	396	ef3c78e8960941a1	19	00:0026D3F8,01:00282380,02:0026E9C0,03:0025B5E8,04:0025FCB8,05:00297300,06:0027C2B8,07:00295620,08:002775E8,09:0028BE10,10:002600E8,11:002926E8,12:00285C00,13:00278D10,14:00275030,15:0025CA78,16:00268750,17:00266F08,18:0026F2A8
func_L00_0026D588	shared	260	012d3cd8aed45285	19	00:0026D588,01:00282510,02:0026EB50,03:0025B778,04:0025FE48,05:00297490,06:0027C448,07:002957B0,08:00277778,09:0028BFA0,10:00260278,11:00292878,12:00285D90,13:00278EA0,14:002751C0,15:0025CC08,16:002688E0,17:00267098,18:0026F438
func_L00_0026D690	shared	108	53ca7eb0c7348a08	19	00:0026D690,01:00282618,02:0026EC58,03:0025B880,04:0025FF50,05:00297598,06:0027C550,07:002958B8,08:00277880,09:0028C0A8,10:00260380,11:00292980,12:00285E98,13:00278FA8,14:002752C8,15:0025CD10,16:002689E8,17:002671A0,18:0026F540
func_L00_0026D700	shared	844	26caeddf240d3539	19	00:0026D700,01:00282688,02:0026ECC8,03:0025B8F0,04:0025FFC0,05:00297608,06:0027C5C0,07:00295928,08:002778F0,09:0028C118,10:002603F0,11:002929F0,12:00285F08,13:00279018,14:00275338,15:0025CD80,16:00268A58,17:00267210,18:0026F5B0
func_L00_0026DA50	shared	256	13a75338b327e05f	19	00:0026DA50,01:002829D8,02:0026F018,03:0025BC40,04:00260310,05:00297958,06:0027C910,07:00295C78,08:00277C40,09:0028C468,10:00260740,11:00292D40,12:00286258,13:00279368,14:00275688,15:0025D0D0,16:00268DA8,17:00267560,18:0026F900
func_L00_0026DB50	shared	544	a9e0a7a6369192cb	19	00:0026DB50,01:00282AD8,02:0026F118,03:0025BD40,04:00260410,05:00297A58,06:0027CA10,07:00295D78,08:00277D40,09:0028C568,10:00260840,11:00292E40,12:00286358,13:00279468,14:00275788,15:0025D1D0,16:00268EA8,17:00267660,18:0026FA00
func_L00_0026DD70	shared	300	d4dca8c22ccee1c1	19	00:0026DD70,01:00282CF8,02:0026F338,03:0025BF60,04:00260630,05:00297C78,06:0027CC30,07:00295F98,08:00277F60,09:0028C788,10:00260A60,11:00293060,12:00286578,13:00279688,14:002759A8,15:0025D3F0,16:002690C8,17:00267880,18:0026FC20
func_L00_0026DEA0	shared	428	f1a2e1d3a4187802	19	00:0026DEA0,01:00282E28,02:0026F468,03:0025C090,04:00260760,05:00297DA8,06:0027CD60,07:002960C8,08:00278090,09:0028C8B8,10:00260B90,11:00293190,12:002866A8,13:002797B8,14:00275AD8,15:0025D520,16:002691F8,17:002679B0,18:0026FD50
func_L00_0026E050	shared	704	e93e774c0d0f4859	19	00:0026E050,01:00282FD8,02:0026F618,03:0025C240,04:00260910,05:00297F58,06:0027CF10,07:00296278,08:00278240,09:0028CA68,10:00260D40,11:00293340,12:00286858,13:00279968,14:00275C88,15:0025D6D0,16:002693A8,17:00267B60,18:0026FF00
func_L00_0026E310	shared	292	6e6b80bbbe8fabca	19	00:0026E310,01:00283298,02:0026F8D8,03:0025C500,04:00260BD0,05:00298218,06:0027D1D0,07:00296538,08:00278500,09:0028CD28,10:00261000,11:00293600,12:00286B18,13:00279C28,14:00275F48,15:0025D990,16:00269668,17:00267E20,18:002701C0
func_L00_0026E438	shared	356	c88bcc0829943262	19	00:0026E438,01:002833C0,02:0026FA00,03:0025C628,04:00260CF8,05:00298340,06:0027D2F8,07:00296660,08:00278628,09:0028CE50,10:00261128,11:00293728,12:00286C40,13:00279D50,14:00276070,15:0025DAB8,16:00269790,17:00267F48,18:002702E8
func_L00_0026E5A0	shared	924	6d1d56679a175bfb	19	00:0026E5A0,01:00283528,02:0026FB68,03:0025C790,04:00260E60,05:002984A8,06:0027D460,07:002967C8,08:00278790,09:0028CFB8,10:00261290,11:00293890,12:00286DA8,13:00279EB8,14:002761D8,15:0025DC20,16:002698F8,17:002680B0,18:00270450
func_L00_0026E940	shared	320	dfc979686b0bb226	19	00:0026E940,01:002838C8,02:0026FF08,03:0025CB30,04:00261200,05:00298848,06:0027D800,07:00296B68,08:00278B30,09:0028D358,10:00261630,11:00293C30,12:00287148,13:0027A258,14:00276578,15:0025DFC0,16:00269C98,17:00268450,18:002707F0
func_L00_0026EA80	shared	316	7ba5b08313b13ea5	19	00:0026EA80,01:00283A08,02:00270048,03:0025CC70,04:00261340,05:00298988,06:0027D940,07:00296CA8,08:00278C70,09:0028D498,10:00261770,11:00293D70,12:00287288,13:0027A398,14:002766B8,15:0025E100,16:00269DD8,17:00268590,18:00270930
func_L00_0026EBC0	shared	224	c4173ba12719323a	19	00:0026EBC0,01:00283B48,02:00270188,03:0025CDB0,04:00261480,05:00298AC8,06:0027DA80,07:00296DE8,08:00278DB0,09:0028D5D8,10:002618B0,11:00293EB0,12:002873C8,13:0027A4D8,14:002767F8,15:0025E240,16:00269F18,17:002686D0,18:00270A70
func_L00_0026ECA0	shared	144	0fd8243d31b0a19a	19	00:0026ECA0,01:00283C28,02:00270268,03:0025CE90,04:00261560,05:00298BA8,06:0027DB60,07:00296EC8,08:00278E90,09:0028D6B8,10:00261990,11:00293F90,12:002874A8,13:0027A5B8,14:002768D8,15:0025E320,16:00269FF8,17:002687B0,18:00270B50
func_L00_0026ED30	shared	700	78ddf915d7b0d065	19	00:0026ED30,01:00283CB8,02:002702F8,03:0025CF20,04:002615F0,05:00298C38,06:0027DBF0,07:00296F58,08:00278F20,09:0028D748,10:00261A20,11:00294020,12:00287538,13:0027A648,14:00276968,15:0025E3B0,16:0026A088,17:00268840,18:00270BE0
func_L00_0026EFF0	shared	592	39e957ed89f19da2	19	00:0026EFF0,01:00283F78,02:002705B8,03:0025D1E0,04:002618B0,05:00298EF8,06:0027DEB0,07:00297218,08:002791E0,09:0028DA08,10:00261CE0,11:002942E0,12:002877F8,13:0027A908,14:00276C28,15:0025E670,16:0026A348,17:00268B00,18:00270EA0
func_L00_0026F248	shared	712	dfdd3de06dc75c5b	19	00:0026F248,01:002841D0,02:00270810,03:0025D438,04:00261B08,05:00299150,06:0027E108,07:00297470,08:00279438,09:0028DC60,10:00261F38,11:00294538,12:00287A50,13:0027AB60,14:00276E80,15:0025E8C8,16:0026A5A0,17:00268D58,18:002710F8
func_L00_0026F510	shared	1292	5f65da14fe0d0b92	19	00:0026F510,01:00284498,02:00270AD8,03:0025D700,04:00261DD0,05:00299418,06:0027E3D0,07:00297738,08:00279700,09:0028DF28,10:00262200,11:00294800,12:00287D18,13:0027AE28,14:00277148,15:0025EB90,16:0026A868,17:00269020,18:002713C0
func_L00_0026FA28	shared	412	be8585d5f2bd14a6	19	00:0026FA28,01:002849B0,02:00270FF0,03:0025DC18,04:002622E8,05:00299930,06:0027E8E8,07:00297C50,08:00279C18,09:0028E440,10:00262718,11:00294D18,12:00288230,13:0027B340,14:00277660,15:0025F1A8,16:0026AD80,17:00269538,18:002719D8
func_L00_0026FBC8	shared	284	06c1a3138241c7a9	19	00:0026FBC8,01:00284B50,02:00271190,03:0025DDB8,04:00262488,05:00299AD0,06:0027EA88,07:00297DF0,08:00279DB8,09:0028E5E0,10:002628B8,11:00294EB8,12:002883D0,13:0027B4E0,14:00277800,15:0025F348,16:0026AF20,17:002696D8,18:00271B78
func_L00_0026FCE8	shared	508	7381eeb632b652cc	19	00:0026FCE8,01:00284C70,02:002712B0,03:0025DED8,04:002625A8,05:00299BF0,06:0027EBA8,07:00297F10,08:00279ED8,09:0028E700,10:002629D8,11:00294FD8,12:002884F0,13:0027B600,14:00277920,15:0025F468,16:0026B040,17:002697F8,18:00271C98
func_L00_0026FEE8	shared	56	2512b672520a3fd9	19	00:0026FEE8,00:00274750,01:00284E70,01:00289B20,02:002714B0,02:00275C68,03:0025E0D8,03:00262B58,04:002627A8,04:00267148,05:00299DF0,05:0029E9E8,06:0027EDA8,06:00283560,07:00298110,07:0029CC88,08:0027A0D8,08:0027EB58,09:0028E900,09:00293168,10:00262BD8,10:002676A8,11:002951D8,11:00299AA8,12:002886F0,12:0028CFC0,13:0027B800,13:00280250,14:00277B20,14:0027C390,15:0025F668,15:00264128,16:0026B240,16:0026FAA8,17:002699F8,17:0026E3D8,18:00271E98,18:00276700
func_L00_0026FF20	shared	508	2161ec0aba46fd1d	19	00:0026FF20,01:00284EA8,02:002714E8,03:0025E110,04:002627E0,05:00299E28,06:0027EDE0,07:00298148,08:0027A110,09:0028E938,10:00262C10,11:00295210,12:00288728,13:0027B838,14:00277B58,15:0025F6A0,16:0026B278,17:00269A30,18:00271ED0
func_L00_00270120	shared	712	6ece309d2befa497	19	00:00270120,01:002850A8,02:002716E8,03:0025E310,04:002629E0,05:0029A028,06:0027EFE0,07:00298348,08:0027A310,09:0028EB38,10:00262E10,11:00295410,12:00288928,13:0027BA38,14:00277D58,15:0025F8A0,16:0026B478,17:00269C30,18:002720D0
func_L00_002703E8	shared	276	6b08b9bf4c3d7334	19	00:002703E8,01:00285370,02:002719B0,03:0025E5D8,04:00262CA8,05:0029A2F0,06:0027F2A8,07:00298610,08:0027A5D8,09:0028EE00,10:002630D8,11:002956D8,12:00288BF0,13:0027BD00,14:00278020,15:0025FB68,16:0026B740,17:00269EF8,18:00272398
func_L00_00270500	shared	556	bb5c8c2faabd8b3b	19	00:00270500,01:00285488,02:00271AC8,03:0025E6F0,04:00262DC0,05:0029A408,06:0027F3C0,07:00298728,08:0027A6F0,09:0028EF18,10:002631F0,11:002957F0,12:00288D08,13:0027BE18,14:00278138,15:0025FC80,16:0026B858,17:0026A010,18:002724B0
func_L00_00270738	shared	352	11deb9e4c8107f32	19	00:00270738,01:002856C0,02:00271D00,03:0025E928,04:00262FF8,05:0029A640,06:0027F5F8,07:00298960,08:0027A928,09:0028F150,10:00263428,11:00295A28,12:00288F40,13:0027C050,14:00278370,15:0025FEB8,16:0026BA90,17:0026A248,18:002726E8
func_L00_002708A0	shared	252	2d1fef63f2a9e72f	19	00:002708A0,01:00285828,02:00271E68,03:0025EA90,04:00263160,05:0029A7A8,06:0027F760,07:00298AC8,08:0027AA90,09:0028F2B8,10:00263590,11:00295B90,12:002890A8,13:0027C1B8,14:002784D8,15:00260020,16:0026BBF8,17:0026A3B0,18:00272850
func_L00_002709A0	shared	312	08c03b4e785390e1	19	00:002709A0,01:00285928,02:00271F68,03:0025EB90,04:00263260,05:0029A8A8,06:0027F860,07:00298BC8,08:0027AB90,09:0028F3B8,10:00263690,11:00295C90,12:002891A8,13:0027C2B8,14:002785D8,15:00260120,16:0026BCF8,17:0026A4B0,18:00272950
func_L00_00270AD8	shared	236	de17ee9385772097	19	00:00270AD8,01:00285A60,02:002720A0,03:0025ECC8,04:00263398,05:0029A9E0,06:0027F998,07:00298D00,08:0027ADB0,09:0028F4F0,10:002637C8,11:00295DC8,12:002892E0,13:0027C3F0,14:00278710,15:00260258,16:0026BE30,17:0026A5E8,18:00272A88
func_L00_00270BC8	shared	484	4274435b49c1c483	19	00:00270BC8,01:00285B50,02:00272190,03:0025EDB8,04:00263488,05:0029AAD0,06:0027FA88,07:00298DF0,08:0027AEA0,09:0028F5E0,10:002638B8,11:00295EB8,12:002893D0,13:0027C4E0,14:00278800,15:00260348,16:0026BF20,17:0026A6D8,18:00272B78
func_L00_00270DB0	shared	2040	4d5feea25dcd3aa3	19	00:00270DB0,01:00285D38,02:00272378,03:0025EFA0,04:00263670,05:0029ACB8,06:0027FC70,07:00298FD8,08:0027B088,09:0028F7C8,10:00263AA0,11:002960A0,12:002895B8,13:0027C6C8,14:002789E8,15:00260530,16:0026C108,17:0026A8C0,18:00272D60
func_L00_002715B0	shared	72	fb8717df16cc96aa	19	00:002715B0,01:00286670,02:00272CB0,03:0025F8D8,04:00263FA8,05:0029B4B8,06:002805A8,07:002997D8,08:0027B888,09:0028FFC8,10:002643D8,11:002968A0,12:00289DB8,13:0027CEC8,14:00279320,15:00260D30,16:0026C908,17:0026B0C0,18:00273560
func_L00_002715F8	shared	496	8e64b8c124e96787	19	00:002715F8,01:002866B8,02:00272CF8,03:0025F920,04:00263FF0,05:0029B500,06:002805F0,07:00299820,08:0027B8D0,09:00290010,10:00264420,11:002968E8,12:00289E00,13:0027CF10,14:00279368,15:00260D78,16:0026C950,17:0026B108,18:002735A8
func_L00_002717E8	shared	1880	cc5b246593f56bf5	19	00:002717E8,01:002868A8,02:00272EE8,03:0025FB10,04:002641E0,05:0029B6F0,06:002807E0,07:00299A10,08:0027BAC0,09:00290200,10:00264610,11:00296AD8,12:00289FF0,13:0027D100,14:00279558,15:00260F68,16:0026CB40,17:0026B2F8,18:00273798
func_L00_00271F40	shared	532	4cc3c4ec5438770e	19	00:00271F40,01:00287000,02:00273640,03:00260268,04:00264938,05:0029BE48,06:00280F38,07:0029A168,08:0027C348,09:00290958,10:00264D68,11:00297230,12:0028A748,13:0027D858,14:00279CB0,15:002616C0,16:0026D298,17:0026BA50,18:00273EF0
func_L00_00272158	shared	408	f9420ff4c12dac8a	19	00:00272158,01:00287218,02:00273858,03:00260480,04:00264B50,05:0029C060,06:00281150,07:0029A380,08:0027C560,09:00290B70,10:00264F80,11:00297448,12:0028A960,13:0027DA70,14:00279EC8,15:002618D8,16:0026D4B0,17:0026BC68,18:00274108
func_L00_002722F0	shared	408	596596711cf70510	19	00:002722F0,01:002873B0,02:002739F0,03:00260618,04:00264CE8,05:0029C1F8,06:002812E8,07:0029A518,08:0027C6F8,09:00290D08,10:00265118,11:002975E0,12:0028AAF8,13:0027DC08,14:0027A060,15:00261A70,16:0026D648,17:0026BE00,18:002742A0
func_L00_00272488	shared	348	d2d958599310e3b9	19	00:00272488,01:00287548,02:00273B88,03:002607B0,04:00264E80,05:0029C390,06:00281480,07:0029A6B0,08:0027C890,09:00290EA0,10:002652B0,11:00297778,12:0028AC90,13:0027DDA0,14:0027A1F8,15:00261C08,16:0026D7E0,17:0026BF98,18:00274438
func_L00_002725E8	shared	392	75b7a3efd22c8dd8	19	00:002725E8,01:002876A8,02:00273CE8,03:00260910,04:00264FE0,05:0029C4F0,06:002815E0,07:0029A810,08:0027C9F0,09:00291000,10:00265410,11:002978D8,12:0028ADF0,13:0027DF00,14:0027A358,15:00261D68,16:0026D940,17:0026C0F8,18:00274598
func_L00_00272770	shared	288	caf67adfb0dd02ec	16	00:00272770,01:00287830,03:00260A98,04:00265168,05:0029C678,07:0029A998,08:0027CB78,09:00291188,10:00265598,11:00297A60,12:0028AF78,13:0027E088,15:00261EF0,16:0026DAC8,17:0026C280,18:00274720
func_L00_00272890	shared	292	5edb655dca3c259b	19	00:00272890,01:00287950,02:00273E70,03:00260BB8,04:00265288,05:0029C798,06:00281768,07:0029AAB8,08:0027CC98,09:002912A8,10:002656B8,11:00297B80,12:0028B098,13:0027E1A8,14:0027A4E0,15:00262010,16:0026DBE8,17:0026C3A0,18:00274840
func_L00_002729B8	shared	204	a84deb4391808320	14	00:002729B8,01:00287A78,03:00260CE0,04:002653B0,05:0029C8C0,07:0029ABE0,08:0027CDC0,09:002913D0,10:002657E0,13:0027E2D0,15:00262138,16:0026DD10,17:0026C4C8,18:00274968
func_L00_00272A88	shared	152	2316a11edadb6ff9	19	00:00272A88,01:00287B48,02:00273FA0,03:00260DB0,04:00265480,05:0029C990,06:00281898,07:0029ACB0,08:0027CE90,09:002914A0,10:002658B0,11:00297CB0,12:0028B1C8,13:0027E3A0,14:0027A610,15:00262208,16:0026DDE0,17:0026C598,18:00274A38
func_L00_00272B28	shared	152	af7abc4b1c8979e2	19	00:00272B28,01:00287BE8,02:00274040,03:00260E50,04:00265520,05:0029CB50,06:00281938,07:0029AD50,08:0027CF30,09:00291540,10:00265950,11:00297D50,12:0028B268,13:0027E440,14:0027A6B0,15:002622A8,16:0026DE80,17:0026C638,18:00274AD8
func_L00_00272BC0	shared	204	ede2c03341c5d7a1	19	00:00272BC0,01:00287C80,02:002740D8,03:00260FC8,04:002655B8,05:0029CBE8,06:002819D0,07:0029AEC8,08:0027CFC8,09:002915D8,10:002659E8,11:00297DE8,12:0028B300,13:0027E4D8,14:0027A748,15:00262420,16:0026DF18,17:0026C6D0,18:00274B70
func_L00_00272C98	shared	204	1ac833eeb63e4794	19	00:00272C98,01:00287D58,02:002741B0,03:002610A0,04:00265690,05:0029CE00,06:00281AA8,07:0029AFA0,08:0027D0A0,09:002916B0,10:00265AC0,11:00297EC0,12:0028B3D8,13:0027E5B0,14:0027A820,15:002624F8,16:0026DFF0,17:0026C7A8,18:00274C48
func_L00_00272D68	shared	244	275b46e861701fff	19	00:00272D68,01:00287E28,02:00274280,03:00261170,04:00265760,05:0029CED0,06:00281B78,07:0029B128,08:0027D170,09:00291780,10:00265B90,11:00297F90,12:0028B4A8,13:0027E738,14:0027A9A8,15:002625C8,16:0026E0C0,17:0026C878,18:00274D18
func_L00_00272E60	shared	156	5164002e74bc8223	19	00:00272E60,01:00288050,02:00274378,03:00261268,04:00265858,05:0029D0F8,06:00281C70,07:0029B220,08:0027D268,09:00291878,10:00265DB8,11:002981B8,12:0028B6D0,13:0027E960,14:0027AAA0,15:002626C0,16:0026E1B8,17:0026C970,18:00274E10
func_L00_00272F00	shared	396	c3776c6e369cd920	19	00:00272F00,01:002880F0,02:00274418,03:00261308,04:002658F8,05:0029D198,06:00281D10,07:0029B2C0,08:0027D308,09:00291918,10:00265E58,11:00298258,12:0028B770,13:0027EA00,14:0027AB40,15:00262760,16:0026E258,17:0026CA10,18:00274EB0
func_L00_00273090	shared	576	02861f9b2022623f	19	00:00273090,01:00288280,02:002745A8,03:00261498,04:00265A88,05:0029D328,06:00281EA0,07:0029B450,08:0027D498,09:00291AA8,10:00265FE8,11:002983E8,12:0028B900,13:0027EB90,14:0027ACD0,15:002628F0,16:0026E3E8,17:0026CBA0,18:00275040
func_L00_002732D8	shared	412	54fffda9af976f15	19	00:002732D8,01:002884C8,02:002747F0,03:002616E0,04:00265CD0,05:0029D570,06:002820E8,07:0029B698,08:0027D6E0,09:00291CF0,10:00266230,11:00298630,12:0028BB48,13:0027EDD8,14:0027AF18,15:00262B38,16:0026E630,17:0026CDE8,18:00275288
func_L00_00273478	shared	252	f79b659754c6351b	19	00:00273478,01:00288668,02:00274990,03:00261880,04:00265E70,05:0029D710,06:00282288,07:0029B838,08:0027D880,09:00291E90,10:002663D0,11:002987D0,12:0028BCE8,13:0027EF78,14:0027B0B8,15:00262CD8,16:0026E7D0,17:0026CF88,18:00275428
func_L00_00273578	shared	352	2fe8999e289f6c8e	19	00:00273578,01:00288768,02:00274A90,03:00261980,04:00265F70,05:0029D810,06:00282388,07:0029B938,08:0027D980,09:00291F90,10:002664D0,11:002988D0,12:0028BDE8,13:0027F078,14:0027B1B8,15:00262DD8,16:0026E8D0,17:0026D088,18:00275528
func_L00_002736D8	shared	164	7c50774e27878c27	19	00:002736D8,01:002889A0,02:00274BF0,03:00261AE0,04:002660D0,05:0029D970,06:002824E8,07:0029BA98,08:0027DAE0,09:002920F0,10:00266630,11:00298A30,12:0028BF48,13:0027F1D8,14:0027B318,15:00262F38,16:0026EA30,17:0026D1E8,18:00275688
func_L00_00273788	shared	220	b626123f36699500	19	00:00273788,01:00288B58,02:00274CA0,03:00261B90,04:00266180,05:0029DA20,06:00282598,07:0029BB48,08:0027DB90,09:002921A0,10:002666E0,11:00298AE0,12:0028BFF8,13:0027F288,14:0027B3C8,15:00262FE8,16:0026EAE0,17:0026D298,18:00275738
func_L00_00273868	shared	500	17bae1ab5440695a	19	00:00273868,01:00288C38,02:00274D80,03:00261C70,04:00266260,05:0029DB00,06:00282678,07:0029BC28,08:0027DC70,09:00292280,10:002667C0,11:00298BC0,12:0028C0D8,13:0027F368,14:0027B4A8,15:002630C8,16:0026EBC0,17:0026D378,18:00275818
func_L00_00273A60	shared	932	9277720b61f46056	19	00:00273A60,01:00288E30,02:00274F78,03:00261E68,04:00266458,05:0029DCF8,06:00282870,07:0029BE20,08:0027DE68,09:00292478,10:002669B8,11:00298DB8,12:0028C2D0,13:0027F560,14:0027B6A0,15:002632C0,16:0026EDB8,17:0026D570,18:00275A10
func_L00_00273E08	shared	288	f13aaa986d4846a3	19	00:00273E08,01:002891D8,02:00275320,03:00262210,04:00266800,05:0029E0A0,06:00282C18,07:0029C1C8,08:0027E210,09:00292820,10:00266D60,11:00299160,12:0028C678,13:0027F908,14:0027BA48,15:00263668,16:0026F160,17:0026D918,18:00275DB8
func_L00_00273F28	shared	88	abb75d162e27e271	19	00:00273F28,01:002892F8,02:00275440,03:00262330,04:00266920,05:0029E1C0,06:00282D38,07:0029C2E8,08:0027E330,09:00292940,10:00266E80,11:00299280,12:0028C798,13:0027FA28,14:0027BB68,15:00263788,16:0026F280,17:0026DA38,18:00275ED8
func_L00_00273F80	shared	440	32d8dcb898d8ff93	19	00:00273F80,01:00289350,02:00275498,03:00262388,04:00266978,05:0029E218,06:00282D90,07:0029C340,08:0027E388,09:00292998,10:00266ED8,11:002992D8,12:0028C7F0,13:0027FA80,14:0027BBC0,15:002637E0,16:0026F2D8,17:0026DA90,18:00275F30
func_L00_00274138	shared	432	40aaf18923b1d7dd	19	00:00274138,01:00289508,02:00275650,03:00262540,04:00266B30,05:0029E3D0,06:00282F48,07:0029C4F8,08:0027E540,09:00292B50,10:00267090,11:00299490,12:0028C9A8,13:0027FC38,14:0027BD78,15:00263998,16:0026F490,17:0026DC48,18:002760E8
func_L00_002742E8	shared	704	cf7f4a9dc5df5d99	19	00:002742E8,01:002896B8,02:00275800,03:002626F0,04:00266CE0,05:0029E580,06:002830F8,07:0029C820,08:0027E6F0,09:00292D00,10:00267240,11:00299640,12:0028CB58,13:0027FDE8,14:0027BF28,15:00263CC0,16:0026F640,17:0026DF70,18:00276298
func_L00_002745A8	shared	244	8b3ecdf9c9f323ed	19	00:002745A8,01:00289978,02:00275AC0,03:002629B0,04:00266FA0,05:0029E840,06:002833B8,07:0029CAE0,08:0027E9B0,09:00292FC0,10:00267500,11:00299900,12:0028CE18,13:002800A8,14:0027C1E8,15:00263F80,16:0026F900,17:0026E230,18:00276558
func_L00_002746A0	shared	168	62481878f912e800	19	00:002746A0,01:00289A70,02:00275BB8,03:00262AA8,04:00267098,05:0029E938,06:002834B0,07:0029CBD8,08:0027EAA8,09:002930B8,10:002675F8,11:002999F8,12:0028CF10,13:002801A0,14:0027C2E0,15:00264078,16:0026F9F8,17:0026E328,18:00276650
func_L00_00274788	shared	384	d9e23e0c2e973248	19	00:00274788,01:00289B58,02:00275CA0,03:00262B90,04:00267180,05:0029EA20,06:00283598,07:0029CCC0,08:0027EB90,09:002931A0,10:002676E0,11:00299AE0,12:0028CFF8,13:00280288,14:0027C3C8,15:00264160,16:0026FAE0,17:0026E410,18:00276738
func_L00_00274908	shared	1140	c09e55a4b0d483d3	19	00:00274908,01:00289CD8,02:00275E20,03:00262D10,04:00267300,05:0029EBA0,06:00283718,07:0029CE40,08:0027ED10,09:00293320,10:00267860,11:00299C60,12:0028D178,13:00280408,14:0027C548,15:002642E0,16:0026FC60,17:0026E590,18:002768B8
func_L00_00274D80	shared	704	f3f2a3bc58ffe70f	19	00:00274D80,01:0028A150,02:00276298,03:00263188,04:00267778,05:0029F018,06:00283B90,07:0029D3C8,08:0027F188,09:00293798,10:00267CD8,11:0029A0D8,12:0028D5F0,13:00280880,14:0027C9C0,15:00264758,16:002700D8,17:0026EA08,18:00276D30
func_L00_00275040	shared	360	60e1cb5af904ae2a	19	00:00275040,01:0028A410,02:00276558,03:00263448,04:00267A38,05:0029F2D8,06:00283E50,07:0029D688,08:0027F448,09:00293A58,10:00267F98,11:0029A398,12:0028D8B0,13:00280B40,14:0027CC80,15:00264A18,16:00270398,17:0026ECC8,18:00276FF0
func_L00_002751A8	shared	160	92108864d40ea3aa	19	00:002751A8,01:0028A578,02:002766C0,03:002635B0,04:00267BA0,05:0029F440,06:00283FB8,07:0029D7F0,08:0027F5B0,09:00293BC0,10:00268100,11:0029A500,12:0028DA18,13:00280CA8,14:0027CDE8,15:00264B80,16:00270500,17:0026EE30,18:00277158
func_L00_00275248	shared	368	71af80b5c4081a1d	19	00:00275248,01:0028A618,02:00276760,03:00263650,04:00267C40,05:0029F4E0,06:00284058,07:0029D890,08:0027F650,09:00293C60,10:002681A0,11:0029A5A0,12:0028DAB8,13:00280D48,14:0027CE88,15:00264C20,16:002705A0,17:0026EED0,18:002771F8
func_L00_002753B8	shared	760	b80e3b0f39ca2326	19	00:002753B8,01:0028A788,02:002768D0,03:002637C0,04:00267DB0,05:0029F650,06:002841C8,07:0029DA00,08:0027F7C0,09:00293DD0,10:00268310,11:0029A710,12:0028DC28,13:00280EB8,14:0027CFF8,15:00264D90,16:00270710,17:0026F040,18:00277368
func_L00_002756B8	shared	300	19314a9a607e0c11	19	00:002756B8,01:0028AA88,02:00276BD0,03:00263AC0,04:002680B0,05:0029F950,06:002844C8,07:0029DD00,08:0027FAC0,09:002940D0,10:00268610,11:0029AA10,12:0028DF28,13:002812E0,14:0027D2F8,15:00265090,16:00270A10,17:0026F340,18:00277668
func_L00_002757E8	shared	296	8a94e94acc1b7863	4	00:002757E8,14:0027D428,15:002651C0,18:00277798
func_L00_00275910	shared	644	d8a8c201460ee95d	19	00:00275910,01:0028ABB8,02:00276D00,03:00263BF0,04:002681E0,05:0029FA80,06:002845F8,07:0029DE30,08:0027FBF0,09:00294200,10:00268740,11:0029AB40,12:0028E058,13:00281410,14:0027D550,15:002652E8,16:00270B40,17:0026F470,18:002778C0
func_L00_00275B98	shared	232	caa2c705c6dc9eac	9	00:00275B98,04:00268468,07:0029E0B8,09:00294488,10:002689C8,12:0028E2E0,13:00281698,14:0027D7D8,17:0026F6F8
func_L00_00275C80	shared	96	6e0330a314cb17e3	19	00:00275C80,01:0028AE40,02:00276F88,03:00263E78,04:00268550,05:0029FD08,06:00284880,07:0029E1A0,08:0027FE78,09:00294570,10:00268AB0,11:0029ADC8,12:0028E3C8,13:00281780,14:0027D8C0,15:00265570,16:00270DC8,17:0026F7E0,18:00277B48
func_L00_00275CE8	shared	784	15e9e3dc941c4374	19	00:00275CE8,01:0028AEA8,02:00276FF0,03:00263EE0,04:002685B8,05:0029FD70,06:002848E8,07:0029E208,08:0027FEE0,09:002945D8,10:00268B18,11:0029AE30,12:0028E430,13:002817E8,14:0027D928,15:00265738,16:00270E30,17:0026F9A8,18:00277BB0
func_L00_00275FF8	shared	392	aac0d1fa5c8fe7f6	19	00:00275FF8,01:0028B1B8,02:00277300,03:002641F0,04:002688C8,05:002A0080,06:00284BF8,07:0029E518,08:002801F0,09:002948E8,10:00268E28,11:0029B140,12:0028E740,13:00281AF8,14:0027DC38,15:00265A48,16:00271140,17:0026FCB8,18:00277EC0
func_L00_00276180	shared	60	c4075ed9eb8048c8	19	00:00276180,01:0028B340,02:00277488,03:00264378,04:00268A50,05:002A0208,06:00284D80,07:0029E6A0,08:00280378,09:00294A70,10:00268FB0,11:0029B2C8,12:0028E8C8,13:00281C80,14:0027DDC0,15:00265BD0,16:002712C8,17:0026FE40,18:00278048
func_L00_002761C0	shared	492	841bd455a8fa49f8	19	00:002761C0,01:0028B380,02:002774C8,03:002643B8,04:00268A90,05:002A0248,06:00284DC0,07:0029E6E0,08:00280528,09:00294AB0,10:00268FF0,11:0029B308,12:0028EA78,13:00281CC0,14:0027DF70,15:00265C10,16:00271308,17:0026FE80,18:00278088
func_L00_002763B0	shared	472	07237f3375c9d606	19	00:002763B0,01:0028B6D0,02:00277818,03:00264708,04:00268DE0,05:002A0598,06:00285110,07:0029E8D0,08:00280878,09:00294CA0,10:002691E0,11:0029B658,12:0028EDC8,13:00282010,14:0027E2C0,15:00265E00,16:002714F8,17:002701D0,18:00278278
func_L00_00276590	shared	288	b1ec87fc6fb55f0c	19	00:00276590,01:0028B8B0,02:002779F8,03:002648E8,04:00268FC0,05:002A0778,06:002852F0,07:0029EAB0,08:00280A58,09:00294E80,10:002693C0,11:0029B838,12:0028EFA8,13:002821F0,14:0027E4A0,15:00265FE0,16:002716D8,17:002703B0,18:00278458
func_L00_002766B0	shared	68	54dfc25c0d722e1e	19	00:002766B0,01:0028B9D0,02:00277B18,03:00264A08,04:002690E0,05:002A0898,06:00285410,07:0029EBD0,08:00280B78,09:00294FA0,10:002694E0,11:0029B958,12:0028F0C8,13:00282310,14:0027E5C0,15:00266100,16:002717F8,17:002704D0,18:00278578
func_L00_00276700	shared	172	cb78674c67d761da	19	00:00276700,01:0028BA20,02:00277B68,03:00264A58,04:00269130,05:002A08E8,06:00285460,07:0029EC20,08:00280CB0,09:00294FF0,10:00269530,11:0029B9A8,12:0028F118,13:00282360,14:0027E610,15:00266150,16:00271848,17:00270520,18:002785C8
func_L00_002767B0	shared	400	14ecf21fb0a57f89	19	00:002767B0,01:0028BAD0,02:00277C18,03:00264B08,04:002691E0,05:002A0998,06:00285510,07:0029ECD0,08:00280D60,09:002950A0,10:002695E0,11:0029BA58,12:0028F1C8,13:00282410,14:0027E6C0,15:00266200,16:002718F8,17:002705D0,18:00278678
func_L00_00276940	shared	712	bd0cdc71d6029c9f	19	00:00276940,01:0028BC60,02:00277DA8,03:00264C98,04:00269370,05:002A0B28,06:002856A0,07:0029EE60,08:00280EF0,09:00295230,10:00269770,11:0029BBE8,12:0028F358,13:002825A0,14:0027E850,15:00266390,16:00271A88,17:00270760,18:00278808
func_L00_00276C08	shared	324	86c07ad578b5d737	19	00:00276C08,01:0028BF28,02:00278070,03:00264F60,04:00269638,05:002A0DF0,06:00285968,07:0029F128,08:002811B8,09:002954F8,10:00269A38,11:0029BEB0,12:0028F620,13:00282868,14:0027EB18,15:00266658,16:00271D50,17:00270B50,18:00278AD0
func_L00_00276D50	shared	348	68a9e4fbdfb6c82c	19	00:00276D50,01:0028C070,02:002781B8,03:002650A8,04:00269780,05:002A0F38,06:00285AB0,07:0029F270,08:00281300,09:00295640,10:00269B80,11:0029BFF8,12:0028F768,13:002829B0,14:0027EC60,15:002667A0,16:00271E98,17:00270E28,18:00278C18
func_L00_00276EB0	shared	100	295b3e89e93ec8fa	7	00:00276EB0,02:00278318,06:00285C10,10:00269CE0,11:0029C158,17:00270F88,18:00278D78
func_L00_00276F18	shared	176	234a4fae60148398	19	00:00276F18,01:0028CC00,02:00278380,03:00265AA0,04:0026A178,05:002A11C8,06:00285C78,07:0029F868,08:00281590,09:00295C38,10:00269D48,11:0029C1C0,12:0028FAF0,13:00282FA8,14:0027F658,15:00266B00,16:00272128,17:00270FF0,18:00278DE0
func_00219C08	exe	104	d79b4dad331527bd	19	00:00276FC8,01:0028CCB0,02:00278430,03:00265B50,04:0026A228,05:002A1278,06:00285D28,07:0029F918,08:00281640,09:00295CE8,10:00269DF8,11:0029C270,12:0028FBA0,13:00283058,14:0027F708,15:00266BB0,16:002721D8,17:002710A0,18:00278E90
func_00219C70	exe	468	85169ca513f58b61	19	00:00277030,01:0028CD18,02:00278498,03:00265BB8,04:0026A290,05:002A12E0,06:00285D90,07:0029F980,08:002816A8,09:00295D50,10:00269E60,11:0029C2D8,12:0028FC08,13:002830C0,14:0027F770,15:00266C18,16:00272240,17:00271108,18:00278EF8
func_L00_00277208	shared	1464	8ba7f4bd127c2cce	19	00:00277208,01:0028CEF0,02:00278670,03:00265D90,04:0026A468,05:002A14B8,06:00285F68,07:0029FB58,08:00281880,09:00295F28,10:0026A038,11:0029C4B0,12:0028FDE0,13:00283298,14:0027F948,15:00266DF0,16:00272418,17:002712E0,18:002790D0
func_L00_002777C0	shared	708	f2a9d15ce504b258	19	00:002777C0,01:0028D4A8,02:00278C28,03:00266348,04:0026AA20,05:002A1A70,06:00286520,07:002A0110,08:00281E38,09:002964E0,10:0026A5F0,11:0029CA68,12:00290398,13:00283850,14:0027FF00,15:002673A8,16:002729D0,17:00271898,18:00279688
func_L00_00277A88	shared	1868	84d5cc15d6071597	19	00:00277A88,01:0028D770,02:00278EF0,03:00266610,04:0026ACE8,05:002A1D38,06:002867E8,07:002A03D8,08:00282100,09:002967A8,10:0026A8B8,11:0029CD30,12:00290660,13:00283B18,14:002801C8,15:00267670,16:00272C98,17:00271B60,18:00279950
func_L00_002781D8	shared	1772	dc77822e7ca81f59	19	00:002781D8,01:0028DEC0,02:00279640,03:00266D60,04:0026B438,05:002A2488,06:00286F38,07:002A0B28,08:00282850,09:00296EF8,10:0026B008,11:0029D480,12:00290DB0,13:00284268,14:00280918,15:00267DC0,16:002733E8,17:002722B0,18:0027A0A0
func_L00_002788C8	shared	20	092bdead814bc13d	19	00:002788C8,01:0028E5B0,02:00279D30,03:00267450,04:0026BB28,05:002A2B78,06:00287628,07:002A1218,08:00282F40,09:002975E8,10:0026B6F8,11:0029DB70,12:002914A0,13:00284958,14:00281008,15:002684B0,16:00273AD8,17:002729A0,18:0027A790
func_L00_002788E0	shared	36	7331f7d2cebb84ec	19	00:002788E0,01:0028E5C8,02:00279D48,03:00267468,04:0026BB40,05:002A2B90,06:00287640,07:002A1230,08:00282F58,09:00297600,10:0026B710,11:0029DB88,12:002914B8,13:00284970,14:00281020,15:002684C8,16:00273AF0,17:002729B8,18:0027A7A8
func_L00_00278904	shared	44	84e48538cb03b59b	19	00:00278904,01:0028E5EC,02:00279D6C,03:0026748C,04:0026BB64,05:002A2BB4,06:00287664,07:002A1254,08:00282F7C,09:00297624,10:0026B734,11:0029DBAC,12:002914DC,13:00284994,14:00281044,15:002684EC,16:00273B14,17:002729DC,18:0027A7CC
func_L00_00278930	shared	44	9c8282bcf6e3f483	19	00:00278930,01:0028E618,02:00279D98,03:002674B8,04:0026BB90,05:002A2BE0,06:00287690,07:002A1280,08:00282FA8,09:00297650,10:0026B760,11:0029DBD8,12:00291508,13:002849C0,14:00281070,15:00268518,16:00273B40,17:00272A08,18:0027A7F8
func_L00_0027895C	shared	20	de34009ac1e22522	19	00:0027895C,01:0028E644,02:00279DC4,03:002674E4,04:0026BBBC,05:002A2C0C,06:002876BC,07:002A12AC,08:00282FD4,09:0029767C,10:0026B78C,11:0029DC04,12:00291534,13:002849EC,14:0028109C,15:00268544,16:00273B6C,17:00272A34,18:0027A824
func_0021AD68	exe	400	434e3019f0758cb6	19	00:00278970,01:0028E658,02:00279DD8,03:002674F8,04:0026BBD0,05:002A2C20,06:002876D0,07:002A12C0,08:00282FE8,09:00297690,10:0026B7A0,11:0029DC18,12:00291548,13:00284A00,14:002810B0,15:00268558,16:00273B80,17:00272A48,18:0027A838
func_0021AEF8	exe	524	4c4e08bbdf3c06f3	19	00:00278B00,01:0028E7E8,02:00279F68,03:00267688,04:0026BD60,05:002A2DB0,06:00287860,07:002A1450,08:00283178,09:00297820,10:0026B930,11:0029DDA8,12:002916D8,13:00284B90,14:00281240,15:002686E8,16:00273D10,17:00272BD8,18:0027A9C8
func_0021B108	exe	44	068a59423ed536a3	19	00:00278D10,01:0028E9F8,02:0027A178,03:00267898,04:0026BF70,05:002A2FC0,06:00287A70,07:002A1660,08:00283388,09:00297A30,10:0026BB40,11:0029DFB8,12:002918E8,13:00284DA0,14:00281450,15:002688F8,16:00273F20,17:00272DE8,18:0027ABD8
func_0021B138	exe	316	9b016ee7fe3c20a2	19	00:00278D40,01:0028EA28,02:0027A1A8,03:002678C8,04:0026BFA0,05:002A2FF0,06:00287AA0,07:002A1690,08:002833B8,09:00297A60,10:0026BB70,11:0029DFE8,12:00291918,13:00284DD0,14:00281480,15:00268928,16:00273F50,17:00272E18,18:0027AC08
func_0021B288	exe	16	5806a06953953945	19	00:00278E90,01:0028EB78,02:0027A2F8,03:00267A18,04:0026C0F0,05:002A3140,06:00287BF0,07:002A17E0,08:00283508,09:00297BB0,10:0026BCC0,11:0029E138,12:00291A68,13:00284F20,14:002815D0,15:00268A78,16:002740A0,17:00272F68,18:0027AD58
func_0021B298	exe	2296	d099aee83b780c28	19	00:00278EA0,01:0028EB88,02:0027A308,03:00267A28,04:0026C100,05:002A3150,06:00287C00,07:002A17F0,08:00283518,09:00297BC0,10:0026BCD0,11:0029E148,12:00291A78,13:00284F30,14:002815E0,15:00268A88,16:002740B0,17:00272F78,18:0027AD68
func_0021BB90	exe	1564	56b40ac5dfd32e32	19	00:00279798,01:0028F480,02:0027AC00,03:00268320,04:0026C9F8,05:002A3A48,06:002884F8,07:002A20E8,08:00283E10,09:002984B8,10:0026C5C8,11:0029EA40,12:00292370,13:00285828,14:00281ED8,15:00269380,16:002749A8,17:00273870,18:0027B660
func_0021C1B0	exe	1292	34c0a99237ac35bc	19	00:00279DB8,01:0028FAA0,02:0027B220,03:00268940,04:0026D018,05:002A4068,06:00288B18,07:002A2708,08:00284430,09:00298AD8,10:0026CBE8,11:0029F060,12:00292990,13:00285E48,14:002824F8,15:002699A0,16:00274FC8,17:00273E90,18:0027BC80
func_0021C6C0	exe	208	d4d4df2e907d5e8e	19	00:0027A2C8,01:0028FFB0,02:0027B730,03:00268E50,04:0026D528,05:002A4578,06:00289028,07:002A2C18,08:00284940,09:00298FE8,10:0026D0F8,11:0029F570,12:00292EA0,13:00286358,14:00282A08,15:00269EB0,16:002754D8,17:002743A0,18:0027C190
func_L00_0027A398	shared	20	2e85ccb871e92ea7	19	00:0027A398,01:00290080,02:0027B800,03:00268F20,04:0026D5F8,05:002A4648,06:002890F8,07:002A2CE8,08:00284A10,09:002990B8,10:0026D1C8,11:0029F640,12:00292F70,13:00286428,14:00282AD8,15:00269F80,16:002755A8,17:00274470,18:0027C260
func_L00_0027A3AC	shared	156	8877717d8eebd980	19	00:0027A3AC,01:00290094,02:0027B814,03:00268F34,04:0026D60C,05:002A465C,06:0028910C,07:002A2CFC,08:00284A24,09:002990CC,10:0026D1DC,11:0029F654,12:00292F84,13:0028643C,14:00282AEC,15:00269F94,16:002755BC,17:00274484,18:0027C274
func_0021C840	exe	1368	f171c39ea832f7c6	19	00:0027A448,01:00290130,02:0027B8B0,03:00268FD0,04:0026D6A8,05:002A46F8,06:002891A8,07:002A2D98,08:00284AC0,09:00299168,10:0026D278,11:0029F6F0,12:00293020,13:002864D8,14:00282B88,15:0026A030,16:00275658,17:00274520,18:0027C310
func_0021CDA0	exe	188	7d0987a3cd2fb230	19	00:0027A9A8,01:00290690,02:0027BE10,03:00269530,04:0026DC08,05:002A4C58,06:00289708,07:002A32F8,08:00285020,09:002996C8,10:0026D7D8,11:0029FC50,12:00293580,13:00286A38,14:002830E8,15:0026A590,16:00275BB8,17:00274A80,18:0027C870
func_0021CE60	exe	1472	42215b30f31ef171	19	00:0027AA68,01:00290750,02:0027BED0,03:002695F0,04:0026DCC8,05:002A4D18,06:002897C8,07:002A33B8,08:002850E0,09:00299788,10:0026D898,11:0029FD10,12:00293640,13:00286AF8,14:002831A8,15:0026A650,16:00275C78,17:00274B40,18:0027C930
func_0021D420	exe	156	48331cad86cb7fc9	19	00:0027B028,01:00290D10,02:0027C490,03:00269BB0,04:0026E288,05:002A52D8,06:00289D88,07:002A3978,08:002856A0,09:00299D48,10:0026DE58,11:002A02D0,12:00293C00,13:002870B8,14:00283768,15:0026AC10,16:00276238,17:00275100,18:0027CEF0
func_0021D4C0	exe	736	db84a13a306ae875	19	00:0027B0C8,01:00290DB0,02:0027C530,03:00269C50,04:0026E328,05:002A5378,06:00289E28,07:002A3A18,08:00285740,09:00299DE8,10:0026DEF8,11:002A0370,12:00293CA0,13:00287158,14:00283808,15:0026ACB0,16:002762D8,17:002751A0,18:0027CF90
func_0021D7A0	exe	552	c78524f038e541d6	19	00:0027B3A8,01:00291090,02:0027C810,03:00269F30,04:0026E608,05:002A5658,06:0028A108,07:002A3CF8,08:00285A20,09:0029A0C8,10:0026E1D8,11:002A0650,12:00293F80,13:00287438,14:00283AE8,15:0026AF90,16:002765B8,17:00275480,18:0027D270
func_0021D9C8	exe	152	3f0a0fc98e82ca8a	19	00:0027B5D0,01:002912B8,02:0027CA38,03:0026A158,04:0026E830,05:002A5880,06:0028A330,07:002A3F20,08:00285C48,09:0029A2F0,10:0026E400,11:002A0878,12:002941A8,13:00287660,14:00283D10,15:0026B1B8,16:002767E0,17:002756A8,18:0027D498
func_0021DA60	exe	52	6f8b55c79d3b5104	19	00:0027B668,01:00291350,02:0027CAD0,03:0026A1F0,04:0026E8C8,05:002A5918,06:0028A3C8,07:002A3FB8,08:00285CE0,09:0029A388,10:0026E498,11:002A0910,12:00294240,13:002876F8,14:00283DA8,15:0026B250,16:00276878,17:00275740,18:0027D530
func_0021DA98	exe	44	73e24871625b5e00	19	00:0027B6A0,01:00291388,02:0027CB08,03:0026A228,04:0026E900,05:002A5950,06:0028A400,07:002A3FF0,08:00285D18,09:0029A3C0,10:0026E4D0,11:002A0948,12:00294278,13:00287730,14:00283DE0,15:0026B288,16:002768B0,17:00275778,18:0027D568
func_0021DAC8	exe	20	af56df1b4cc59346	19	00:0027B6D0,01:002913B8,02:0027CB38,03:0026A258,04:0026E930,05:002A5980,06:0028A430,07:002A4020,08:00285D48,09:0029A3F0,10:0026E500,11:002A0978,12:002942A8,13:00287760,14:00283E10,15:0026B2B8,16:002768E0,17:002757A8,18:0027D598
func_0021DAE0	exe	32	3c1731f0ad054b39	19	00:0027B6E8,01:002913D0,02:0027CB50,03:0026A270,04:0026E948,05:002A5998,06:0028A448,07:002A4038,08:00285D60,09:0029A408,10:0026E518,11:002A0990,12:002942C0,13:00287778,14:00283E28,15:0026B2D0,16:002768F8,17:002757C0,18:0027D5B0
func_0021DB00	exe	48	cd53cc58c45cee59	19	00:0027B708,01:002913F0,02:0027CB70,03:0026A290,04:0026E968,05:002A59B8,06:0028A468,07:002A4058,08:00285D80,09:0029A428,10:0026E538,11:002A09B0,12:002942E0,13:00287798,14:00283E48,15:0026B2F0,16:00276918,17:002757E0,18:0027D5D0
func_0021DB30	exe	724	3e4678cfe7844b94	19	00:0027B738,01:00291420,02:0027CBA0,03:0026A2C0,04:0026E998,05:002A59E8,06:0028A498,07:002A4088,08:00285DB0,09:0029A458,10:0026E568,11:002A09E0,12:00294310,13:002877C8,14:00283E78,15:0026B320,16:00276948,17:00275810,18:0027D600
func_0021DE08	exe	872	1b2a4c57876f5945	19	00:0027BA10,01:002916F8,02:0027CE78,03:0026A598,04:0026EC70,05:002A5CC0,06:0028A770,07:002A4360,08:00286088,09:0029A730,10:0026E840,11:002A0CB8,12:002945E8,13:00287AA0,14:00284150,15:0026B5F8,16:00276C20,17:00275AE8,18:0027D8D8
func_0021E170	exe	136	af62f91a38bc1d43	19	00:0027BD78,01:00291A60,02:0027D1E0,03:0026A900,04:0026EFD8,05:002A6028,06:0028AAD8,07:002A46C8,08:002863F0,09:0029AA98,10:0026EBA8,11:002A1020,12:00294950,13:00287E08,14:002844B8,15:0026B960,16:00276F88,17:00275E50,18:0027DC40
func_0021E200	exe	204	5f7359e46af126ca	19	00:0027BE08,01:00291AF0,02:0027D270,03:0026A990,04:0026F068,05:002A60B8,06:0028AB68,07:002A4758,08:00286480,09:0029AB28,10:0026EC38,11:002A10B0,12:002949E0,13:00287E98,14:00284548,15:0026B9F0,16:00277018,17:00275EE0,18:0027DCD0
func_0021E2D0	exe	108	959e0d0c36558c0b	19	00:0027BED8,01:00291BC0,02:0027D340,03:0026AA60,04:0026F138,05:002A6188,06:0028AC38,07:002A4828,08:00286550,09:0029ABF8,10:0026ED08,11:002A1180,12:00294AB0,13:00287F68,14:00284618,15:0026BAC0,16:002770E8,17:00275FB0,18:0027DDA0
func_0021E340	exe	364	c6c93ab89629beed	19	00:0027BF48,01:00291C30,02:0027D3B0,03:0026AAD0,04:0026F1A8,05:002A61F8,06:0028ACA8,07:002A4898,08:002865C0,09:0029AC68,10:0026ED78,11:002A11F0,12:00294B20,13:00287FD8,14:00284688,15:0026BB30,16:00277158,17:00276020,18:0027DE10
func_0021E4B0	exe	1184	950b571cb479d417	19	00:0027C0B8,01:00291DA0,02:0027D520,03:0026AC40,04:0026F318,05:002A6368,06:0028AE18,07:002A4A08,08:00286730,09:0029ADD8,10:0026EEE8,11:002A1360,12:00294C90,13:00288148,14:002847F8,15:0026BCA0,16:002772C8,17:00276190,18:0027DF80
func_0021E950	exe	1156	caca82a9205bd472	19	00:0027C558,01:00292240,02:0027D9C0,03:0026B0E0,04:0026F7B8,05:002A6808,06:0028B2B8,07:002A4EA8,08:00286BD0,09:0029B278,10:0026F388,11:002A1800,12:00295130,13:002885E8,14:00284C98,15:0026C140,16:00277768,17:00276630,18:0027E420
func_0021EDD8	exe	40	805b7a5fa2949566	19	00:0027C9E0,01:002926C8,02:0027DE48,03:0026B568,04:0026FC40,05:002A6C90,06:0028B740,07:002A5330,08:00287058,09:0029B700,10:0026F810,11:002A1C88,12:002955B8,13:00288A70,14:00285120,15:0026C5C8,16:00277BF0,17:00276AB8,18:0027E8A8
func_0021EE00	exe	304	14d16030db960d01	19	00:0027CA08,01:002926F0,02:0027DE70,03:0026B590,04:0026FC68,05:002A6CB8,06:0028B768,07:002A5358,08:00287080,09:0029B728,10:0026F838,11:002A1CB0,12:002955E0,13:00288A98,14:00285148,15:0026C5F0,16:00277C18,17:00276AE0,18:0027E8D0
func_0021EF38	exe	36	575aa42685434e9b	19	00:0027CB40,01:00292828,02:0027DFA8,03:0026B6C8,04:0026FDA0,05:002A6DF0,06:0028B8A0,07:002A5490,08:002871B8,09:0029B860,10:0026F970,11:002A1DE8,12:00295718,13:00288BD0,14:00285280,15:0026C728,16:00277D50,17:00276C18,18:0027EA08
func_0021EF60	exe	60	10dad03a69a663e3	19	00:0027CB68,01:00292850,02:0027DFD0,03:0026B6F0,04:0026FDC8,05:002A6E18,06:0028B8C8,07:002A54B8,08:002871E0,09:0029B888,10:0026F998,11:002A1E10,12:00295740,13:00288BF8,14:002852A8,15:0026C750,16:00277D78,17:00276C40,18:0027EA30
func_0021EFA0	exe	372	3d73f5dc77aa08e5	19	00:0027CBA8,01:00292890,02:0027E010,03:0026B730,04:0026FE08,05:002A6E58,06:0028B908,07:002A54F8,08:00287220,09:0029B8C8,10:0026F9D8,11:002A1E50,12:00295780,13:00288C38,14:002852E8,15:0026C790,16:00277DB8,17:00276C80,18:0027EA70
func_0021F118	exe	228	ef6cd145452a52b7	19	00:0027CD20,01:00292A08,02:0027E188,03:0026B8A8,04:0026FF80,05:002A6FD0,06:0028BA80,07:002A5670,08:00287398,09:0029BA40,10:0026FB50,11:002A1FC8,12:002958F8,13:00288DB0,14:00285460,15:0026C908,16:00277F30,17:00276DF8,18:0027EBE8
func_0021F200	exe	56	9ca4c956cbff09e6	19	00:0027CE08,00:0027DD30,01:00292AF0,01:00293A18,02:0027E270,02:0027F198,03:0026B990,03:0026C8B8,04:00270068,04:00270F90,05:002A70B8,05:002A7FE0,06:0028BB68,06:0028CA90,07:002A5758,07:002A6680,08:00287480,08:002883A8,09:0029BB28,09:0029CA50,10:0026FC38,10:00270B60,11:002A20B0,11:002A2FD8,12:002959E0,12:00296908,13:00288E98,13:00289DC0,14:00285548,14:00286470,15:0026C9F0,15:0026D918,16:00278018,16:00278F40,17:00276EE0,17:00277E08,18:0027ECD0,18:0027FBF8
func_0021F238	exe	984	8637274fda437b2a	19	00:0027CE40,01:00292B28,02:0027E2A8,03:0026B9C8,04:002700A0,05:002A70F0,06:0028BBA0,07:002A5790,08:002874B8,09:0029BB60,10:0026FC70,11:002A20E8,12:00295A18,13:00288ED0,14:00285580,15:0026CA28,16:00278050,17:00276F18,18:0027ED08
func_0021F610	exe	140	eee331acf3ae0b22	19	00:0027D218,01:00292F00,02:0027E680,03:0026BDA0,04:00270478,05:002A74C8,06:0028BF78,07:002A5B68,08:00287890,09:0029BF38,10:00270048,11:002A24C0,12:00295DF0,13:002892A8,14:00285958,15:0026CE00,16:00278428,17:002772F0,18:0027F0E0
func_0021F6A0	exe	304	9a99a8b25f2c0689	19	00:0027D2A8,01:00292F90,02:0027E710,03:0026BE30,04:00270508,05:002A7558,06:0028C008,07:002A5BF8,08:00287920,09:0029BFC8,10:002700D8,11:002A2550,12:00295E80,13:00289338,14:002859E8,15:0026CE90,16:002784B8,17:00277380,18:0027F170
func_L00_0027D3D8	shared	124	859774e917254784	19	00:0027D3D8,01:002930C0,02:0027E840,03:0026BF60,04:00270638,05:002A7688,06:0028C138,07:002A5D28,08:00287A50,09:0029C0F8,10:00270208,11:002A2680,12:00295FB0,13:00289468,14:00285B18,15:0026CFC0,16:002785E8,17:002774B0,18:0027F2A0
func_L00_0027D454	shared	16	82331d77d9f84f0e	19	00:0027D454,01:0029313C,02:0027E8BC,03:0026BFDC,04:002706B4,05:002A7704,06:0028C1B4,07:002A5DA4,08:00287ACC,09:0029C174,10:00270284,11:002A26FC,12:0029602C,13:002894E4,14:00285B94,15:0026D03C,16:00278664,17:0027752C,18:0027F31C
func_L00_0027D464	shared	60	6e299c89383160cd	19	00:0027D464,01:0029314C,02:0027E8CC,03:0026BFEC,04:002706C4,05:002A7714,06:0028C1C4,07:002A5DB4,08:00287ADC,09:0029C184,10:00270294,11:002A270C,12:0029603C,13:002894F4,14:00285BA4,15:0026D04C,16:00278674,17:0027753C,18:0027F32C
func_0021F898	exe	440	b981c19a8a4683c3	19	00:0027D4A0,01:00293188,02:0027E908,03:0026C028,04:00270700,05:002A7750,06:0028C200,07:002A5DF0,08:00287B18,09:0029C1C0,10:002702D0,11:002A2748,12:00296078,13:00289530,14:00285BE0,15:0026D088,16:002786B0,17:00277578,18:0027F368
func_0021FA50	exe	168	03e5ffe5be0ffe59	19	00:0027D658,01:00293340,02:0027EAC0,03:0026C1E0,04:002708B8,05:002A7908,06:0028C3B8,07:002A5FA8,08:00287CD0,09:0029C378,10:00270488,11:002A2900,12:00296230,13:002896E8,14:00285D98,15:0026D240,16:00278868,17:00277730,18:0027F520
func_0021FAF8	exe	48	03a6c424c606c339	19	00:0027D700,00:002806D8,00:00281C18,01:002933E8,01:002963C0,01:00297900,02:0027EB68,02:00281B40,02:00283080,03:0026C288,03:0026F260,03:002707A0,04:00270960,04:00273938,04:00274E78,05:002A79B0,05:002AA988,05:002ABEC8,06:0028C460,06:0028F438,06:00290978,07:002A6050,07:002A9028,07:002AA568,08:00287D78,08:0028AD50,08:0028C290,09:0029C420,09:0029F3F8,09:002A0938,10:00270530,10:00273508,10:00274A48,11:002A29A8,11:002A5980,11:002A6EC0,12:002962D8,12:002992B0,12:0029A7F0,13:00289790,13:0028C768,13:0028DCA8,14:00285E40,14:00288E18,14:0028A358,15:0026D2E8,15:002702C0,15:00271800,16:00278910,16:0027B8E8,16:0027CE28,17:002777D8,17:0027A7B0,17:0027BCF0,18:0027F5C8,18:002825A0,18:00283B10
func_0021FB28	exe	1108	1fb172826af65d6f	19	00:0027D730,01:00293418,02:0027EB98,03:0026C2B8,04:00270990,05:002A79E0,06:0028C490,07:002A6080,08:00287DA8,09:0029C450,10:00270560,11:002A29D8,12:00296308,13:002897C0,14:00285E70,15:0026D318,16:00278940,17:00277808,18:0027F5F8
func_0021FF80	exe	424	30a0701728ea4005	19	00:0027DB88,01:00293870,02:0027EFF0,03:0026C710,04:00270DE8,05:002A7E38,06:0028C8E8,07:002A64D8,08:00288200,09:0029C8A8,10:002709B8,11:002A2E30,12:00296760,13:00289C18,14:002862C8,15:0026D770,16:00278D98,17:00277C60,18:0027FA50
func_00220160	exe	468	d932f2b117662de5	19	00:0027DD68,01:00293A50,02:0027F1D0,03:0026C8F0,04:00270FC8,05:002A8018,06:0028CAC8,07:002A66B8,08:002883E0,09:0029CA88,10:00270B98,11:002A3010,12:00296940,13:00289DF8,14:002864A8,15:0026D950,16:00278F78,17:00277E40,18:0027FC30
func_00220338	exe	56	e022653252960cc2	19	00:0027DF40,01:00293C28,02:0027F3A8,03:0026CAC8,04:002711A0,05:002A81F0,06:0028CCA0,07:002A6890,08:002885B8,09:0029CC60,10:00270D70,11:002A31E8,12:00296B18,13:00289FD0,14:00286680,15:0026DB28,16:00279150,17:00278018,18:0027FE08
func_00220370	exe	652	d224fc728ff925c9	19	00:0027DF78,01:00293C60,02:0027F3E0,03:0026CB00,04:002711D8,05:002A8228,06:0028CCD8,07:002A68C8,08:002885F0,09:0029CC98,10:00270DA8,11:002A3220,12:00296B50,13:0028A008,14:002866B8,15:0026DB60,16:00279188,17:00278050,18:0027FE40
func_00220600	exe	144	44c86d89ad28a8e6	19	00:0027E208,01:00293EF0,02:0027F670,03:0026CD90,04:00271468,05:002A84B8,06:0028CF68,07:002A6B58,08:00288880,09:0029CF28,10:00271038,11:002A34B0,12:00296DE0,13:0028A298,14:00286948,15:0026DDF0,16:00279418,17:002782E0,18:002800D0
func_00220690	exe	612	f0c5e7ecaefd45bc	19	00:0027E298,01:00293F80,02:0027F700,03:0026CE20,04:002714F8,05:002A8548,06:0028CFF8,07:002A6BE8,08:00288910,09:0029CFB8,10:002710C8,11:002A3540,12:00296E70,13:0028A328,14:002869D8,15:0026DE80,16:002794A8,17:00278370,18:00280160
func_002208F8	exe	164	0ae195c650cb3be7	19	00:0027E500,01:002941E8,02:0027F968,03:0026D088,04:00271760,05:002A87B0,06:0028D260,07:002A6E50,08:00288B78,09:0029D220,10:00271330,11:002A37A8,12:002970D8,13:0028A590,14:00286C40,15:0026E0E8,16:00279710,17:002785D8,18:002803C8
func_002209A0	exe	748	c664d433f827b532	19	00:0027E5A8,01:00294290,02:0027FA10,03:0026D130,04:00271808,05:002A8858,06:0028D308,07:002A6EF8,08:00288C20,09:0029D2C8,10:002713D8,11:002A3850,12:00297180,13:0028A638,14:00286CE8,15:0026E190,16:002797B8,17:00278680,18:00280470
func_00220C90	exe	116	50f1a5fedabc1636	19	00:0027E898,01:00294580,02:0027FD00,03:0026D420,04:00271AF8,05:002A8B48,06:0028D5F8,07:002A71E8,08:00288F10,09:0029D5B8,10:002716C8,11:002A3B40,12:00297470,13:0028A928,14:00286FD8,15:0026E480,16:00279AA8,17:00278970,18:00280760
func_00220D08	exe	148	6335b903f7b024b3	19	00:0027E910,01:002945F8,02:0027FD78,03:0026D498,04:00271B70,05:002A8BC0,06:0028D670,07:002A7260,08:00288F88,09:0029D630,10:00271740,11:002A3BB8,12:002974E8,13:0028A9A0,14:00287050,15:0026E4F8,16:00279B20,17:002789E8,18:002807D8
func_00220DA0	exe	76	161af0b7098acc83	19	00:0027E9A8,01:00294690,02:0027FE10,03:0026D530,04:00271C08,05:002A8C58,06:0028D708,07:002A72F8,08:00289020,09:0029D6C8,10:002717D8,11:002A3C50,12:00297580,13:0028AA38,14:002870E8,15:0026E590,16:00279BB8,17:00278A80,18:00280870
func_00220DF0	exe	1424	6f06fcd32e9c9fa7	19	00:0027E9F8,01:002946E0,02:0027FE60,03:0026D580,04:00271C58,05:002A8CA8,06:0028D758,07:002A7348,08:00289070,09:0029D718,10:00271828,11:002A3CA0,12:002975D0,13:0028AA88,14:00287138,15:0026E5E0,16:00279C08,17:00278AD0,18:002808C0
func_00221380	exe	776	34420a6f333773ff	19	00:0027EF88,01:00294C70,02:002803F0,03:0026DB10,04:002721E8,05:002A9238,06:0028DCE8,07:002A78D8,08:00289600,09:0029DCA8,10:00271DB8,11:002A4230,12:00297B60,13:0028B018,14:002876C8,15:0026EB70,16:0027A198,17:00279060,18:00280E50
func_00221688	exe	316	23d5fdefcdf540db	19	00:0027F290,01:00294F78,02:002806F8,03:0026DE18,04:002724F0,05:002A9540,06:0028DFF0,07:002A7BE0,08:00289908,09:0029DFB0,10:002720C0,11:002A4538,12:00297E68,13:0028B320,14:002879D0,15:0026EE78,16:0027A4A0,17:00279368,18:00281158
func_002217C8	exe	192	ecb84b29fa67209c	19	00:0027F3D0,01:002950B8,02:00280838,03:0026DF58,04:00272630,05:002A9680,06:0028E130,07:002A7D20,08:00289A48,09:0029E0F0,10:00272200,11:002A4678,12:00297FA8,13:0028B460,14:00287B10,15:0026EFB8,16:0027A5E0,17:002794A8,18:00281298
func_00221888	exe	720	35dd521c2f6e50d0	19	00:0027F490,01:00295178,02:002808F8,03:0026E018,04:002726F0,05:002A9740,06:0028E1F0,07:002A7DE0,08:00289B08,09:0029E1B0,10:002722C0,11:002A4738,12:00298068,13:0028B520,14:00287BD0,15:0026F078,16:0027A6A0,17:00279568,18:00281358
func_00221B58	exe	772	549693396c330e12	19	00:0027F760,01:00295448,02:00280BC8,03:0026E2E8,04:002729C0,05:002A9A10,06:0028E4C0,07:002A80B0,08:00289DD8,09:0029E480,10:00272590,11:002A4A08,12:00298338,13:0028B7F0,14:00287EA0,15:0026F348,16:0027A970,17:00279838,18:00281628
func_00221E60	exe	524	78b95b8e89eab7b3	19	00:0027FA68,01:00295750,02:00280ED0,03:0026E5F0,04:00272CC8,05:002A9D18,06:0028E7C8,07:002A83B8,08:0028A0E0,09:0029E788,10:00272898,11:002A4D10,12:00298640,13:0028BAF8,14:002881A8,15:0026F650,16:0027AC78,17:00279B40,18:00281930
func_00222070	exe	644	608c909f51760b6e	19	00:0027FC78,01:00295960,02:002810E0,03:0026E800,04:00272ED8,05:002A9F28,06:0028E9D8,07:002A85C8,08:0028A2F0,09:0029E998,10:00272AA8,11:002A4F20,12:00298850,13:0028BD08,14:002883B8,15:0026F860,16:0027AE88,17:00279D50,18:00281B40
func_002222F8	exe	432	56e928a7f6c36c9b	19	00:0027FF00,01:00295BE8,02:00281368,03:0026EA88,04:00273160,05:002AA1B0,06:0028EC60,07:002A8850,08:0028A578,09:0029EC20,10:00272D30,11:002A51A8,12:00298AD8,13:0028BF90,14:00288640,15:0026FAE8,16:0027B110,17:00279FD8,18:00281DC8
func_002224A8	exe	404	42b6ffdc76dd6125	19	00:002800B0,01:00295D98,02:00281518,03:0026EC38,04:00273310,05:002AA360,06:0028EE10,07:002A8A00,08:0028A728,09:0029EDD0,10:00272EE0,11:002A5358,12:00298C88,13:0028C140,14:002887F0,15:0026FC98,16:0027B2C0,17:0027A188,18:00281F78
func_00222640	exe	200	baca547a1f0a8cf6	19	00:00280248,01:00295F30,02:002816B0,03:0026EDD0,04:002734A8,05:002AA4F8,06:0028EFA8,07:002A8B98,08:0028A8C0,09:0029EF68,10:00273078,11:002A54F0,12:00298E20,13:0028C2D8,14:00288988,15:0026FE30,16:0027B458,17:0027A320,18:00282110
func_00222708	exe	308	a0e2e007bdfc29f1	19	00:00280310,01:00295FF8,02:00281778,03:0026EE98,04:00273570,05:002AA5C0,06:0028F070,07:002A8C60,08:0028A988,09:0029F030,10:00273140,11:002A55B8,12:00298EE8,13:0028C3A0,14:00288A50,15:0026FEF8,16:0027B520,17:0027A3E8,18:002821D8
func_00222848	exe	264	8ca084b87c5971ad	19	00:00280450,01:00296138,02:002818B8,03:0026EFD8,04:002736B0,05:002AA700,06:0028F1B0,07:002A8DA0,08:0028AAC8,09:0029F170,10:00273280,11:002A56F8,12:00299028,13:0028C4E0,14:00288B90,15:00270038,16:0027B660,17:0027A528,18:00282318
func_00222950	exe	40	11362e4513951967	19	00:00280558,01:00296240,02:002819C0,03:0026F0E0,04:002737B8,05:002AA808,06:0028F2B8,07:002A8EA8,08:0028ABD0,09:0029F278,10:00273388,11:002A5800,12:00299130,13:0028C5E8,14:00288C98,15:00270140,16:0027B768,17:0027A630,18:00282420
func_00222978	exe	56	0a91df1b9ce554da	19	00:00280580,01:00296268,02:002819E8,03:0026F108,04:002737E0,05:002AA830,06:0028F2E0,07:002A8ED0,08:0028ABF8,09:0029F2A0,10:002733B0,11:002A5828,12:00299158,13:0028C610,14:00288CC0,15:00270168,16:0027B790,17:0027A658,18:00282448
func_002229B0	exe	220	acc0aa57828675ac	19	00:002805B8,01:002962A0,02:00281A20,03:0026F140,04:00273818,05:002AA868,06:0028F318,07:002A8F08,08:0028AC30,09:0029F2D8,10:002733E8,11:002A5860,12:00299190,13:0028C648,14:00288CF8,15:002701A0,16:0027B7C8,17:0027A690,18:00282480
func_00222A90	exe	60	da0623e77b3e462e	19	00:00280698,01:00296380,02:00281B00,03:0026F220,04:002738F8,05:002AA948,06:0028F3F8,07:002A8FE8,08:0028AD10,09:0029F3B8,10:002734C8,11:002A5940,12:00299270,13:0028C728,14:00288DD8,15:00270280,16:0027B8A8,17:0027A770,18:00282560
func_L00_00280708	shared	56	1d21f7cb51340eaa	19	00:00280708,01:002963F0,02:00281B70,03:0026F290,04:00273968,05:002AA9B8,06:0028F468,07:002A9058,08:0028AD80,09:0029F428,10:00273538,11:002A59B0,12:002992E0,13:0028C798,14:00288E48,15:002702F0,16:0027B918,17:0027A7E0,18:002825D0
func_L00_00280740	shared	92	558c4ef177c82474	19	00:00280740,01:00296428,02:00281BA8,03:0026F2C8,04:002739A0,05:002AA9F0,06:0028F4A0,07:002A9090,08:0028ADB8,09:0029F460,10:00273570,11:002A59E8,12:00299318,13:0028C7D0,14:00288E80,15:00270328,16:0027B950,17:0027A818,18:00282608
func_00222B98	exe	468	9637c3715907d6bd	19	00:002807A0,01:00296488,02:00281C08,03:0026F328,04:00273A00,05:002AAA50,06:0028F500,07:002A90F0,08:0028AE18,09:0029F4C0,10:002735D0,11:002A5A48,12:00299378,13:0028C830,14:00288EE0,15:00270388,16:0027B9B0,17:0027A878,18:00282668
func_00222D70	exe	60	cb8153c04f56c901	19	00:00280978,01:00296660,02:00281DE0,03:0026F500,04:00273BD8,05:002AAC28,06:0028F6D8,07:002A92C8,08:0028AFF0,09:0029F698,10:002737A8,11:002A5C20,12:00299550,13:0028CA08,14:002890B8,15:00270560,16:0027BB88,17:0027AA50,18:00282840
func_00222DB0	exe	232	937060e0d040438c	19	00:002809B8,01:002966A0,02:00281E20,03:0026F540,04:00273C18,05:002AAC68,06:0028F718,07:002A9308,08:0028B030,09:0029F6D8,10:002737E8,11:002A5C60,12:00299590,13:0028CA48,14:002890F8,15:002705A0,16:0027BBC8,17:0027AA90,18:00282880
func_00222E98	exe	268	78c335fa25fe21bc	19	00:00280AA0,01:00296788,02:00281F08,03:0026F628,04:00273D00,05:002AAD50,06:0028F800,07:002A93F0,08:0028B118,09:0029F7C0,10:002738D0,11:002A5D48,12:00299678,13:0028CB30,14:002891E0,15:00270688,16:0027BCB0,17:0027AB78,18:00282968
func_00222FA8	exe	408	440de4fa3ce0682a	19	00:00280BB0,01:00296898,02:00282018,03:0026F738,04:00273E10,05:002AAE60,06:0028F910,07:002A9500,08:0028B228,09:0029F8D0,10:002739E0,11:002A5E58,12:00299788,13:0028CC40,14:002892F0,15:00270798,16:0027BDC0,17:0027AC88,18:00282A78
func_00223140	exe	412	45ca8df331679abf	19	00:00280D48,01:00296A30,02:002821B0,03:0026F8D0,04:00273FA8,05:002AAFF8,06:0028FAA8,07:002A9698,08:0028B3C0,09:0029FA68,10:00273B78,11:002A5FF0,12:00299920,13:0028CDD8,14:00289488,15:00270930,16:0027BF58,17:0027AE20,18:00282C10
func_002232E0	exe	404	28eea6f8d592bf89	19	00:00280EE8,01:00296BD0,02:00282350,03:0026FA70,04:00274148,05:002AB198,06:0028FC48,07:002A9838,08:0028B560,09:0029FC08,10:00273D18,11:002A6190,12:00299AC0,13:0028CF78,14:00289628,15:00270AD0,16:0027C0F8,17:0027AFC0,18:00282DB0
func_00223478	exe	20	3eb86aadae2659a9	19	00:00281080,01:00296D68,02:002824E8,03:0026FC08,04:002742E0,05:002AB330,06:0028FDE0,07:002A99D0,08:0028B6F8,09:0029FDA0,10:00273EB0,11:002A6328,12:00299C58,13:0028D110,14:002897C0,15:00270C68,16:0027C290,17:0027B158,18:00282F78
func_00223490	exe	892	f61bbc25886666bc	19	00:00281098,01:00296D80,02:00282500,03:0026FC20,04:002742F8,05:002AB348,06:0028FDF8,07:002A99E8,08:0028B710,09:0029FDB8,10:00273EC8,11:002A6340,12:00299C70,13:0028D128,14:002897D8,15:00270C80,16:0027C2A8,17:0027B170,18:00282F90
func_00223810	exe	480	bfc452e7f8f6f82d	19	00:00281418,01:00297100,02:00282880,03:0026FFA0,04:00274678,05:002AB6C8,06:00290178,07:002A9D68,08:0028BA90,09:002A0138,10:00274248,11:002A66C0,12:00299FF0,13:0028D4A8,14:00289B58,15:00271000,16:0027C628,17:0027B4F0,18:00283310
func_002239F0	exe	336	7c5ceaf02668e9a9	19	00:002815F8,01:002972E0,02:00282A60,03:00270180,04:00274858,05:002AB8A8,06:00290358,07:002A9F48,08:0028BC70,09:002A0318,10:00274428,11:002A68A0,12:0029A1D0,13:0028D688,14:00289D38,15:002711E0,16:0027C808,17:0027B6D0,18:002834F0
func_00223B40	exe	764	a288904c8db74f53	19	00:00281748,01:00297430,02:00282BB0,03:002702D0,04:002749A8,05:002AB9F8,06:002904A8,07:002AA098,08:0028BDC0,09:002A0468,10:00274578,11:002A69F0,12:0029A320,13:0028D7D8,14:00289E88,15:00271330,16:0027C958,17:0027B820,18:00283640
func_00223E40	exe	400	60d8f2c4ec9924ee	19	00:00281A48,01:00297730,02:00282EB0,03:002705D0,04:00274CA8,05:002ABCF8,06:002907A8,07:002AA398,08:0028C0C0,09:002A0768,10:00274878,11:002A6CF0,12:0029A620,13:0028DAD8,14:0028A188,15:00271630,16:0027CC58,17:0027BB20,18:00283940
func_00223FD0	exe	60	46da1023d7d38895	19	00:00281BD8,01:002978C0,02:00283040,03:00270760,04:00274E38,05:002ABE88,06:00290938,07:002AA528,08:0028C250,09:002A08F8,10:00274A08,11:002A6E80,12:0029A7B0,13:0028DC68,14:0028A318,15:002717C0,16:0027CDE8,17:0027BCB0,18:00283AD0
func_00224040	exe	936	85881e9afca5cbfa	19	00:00281C48,01:00297930,02:002830B0,03:002707D0,04:00274EA8,05:002ABEF8,06:002909A8,07:002AA598,08:0028C2C0,09:002A0968,10:00274A78,11:002A6EF0,12:0029A820,13:0028DCD8,14:0028A388,15:00271830,16:0027CE58,17:0027BD20,18:00283B40
func_002243E8	exe	832	f5f00e37eb95da58	19	00:00281FF0,01:00297CD8,02:00283458,03:00270B78,04:00275250,05:002AC2A0,06:00290D50,07:002AA940,08:0028C668,09:002A0D10,10:00274E20,11:002A7298,12:0029ABC8,13:0028E080,14:0028A730,15:00271BD8,16:0027D200,17:0027C0C8,18:00283EE8
func_00224728	exe	1288	eac37ccc4c557918	19	00:00282330,01:00298018,02:00283798,03:00270EB8,04:00275590,05:002AC5E0,06:00291090,07:002AAC80,08:0028C9A8,09:002A1050,10:00275160,11:002A75D8,12:0029AF08,13:0028E3C0,14:0028AA70,15:00271F18,16:0027D540,17:0027C408,18:00284228
func_00224C30	exe	1156	12a16c6405f75291	19	00:00282838,01:00298520,02:00283CA0,03:002713C0,04:00275A98,05:002ACAE8,06:00291598,07:002AB188,08:0028CEB0,09:002A1558,10:00275668,11:002A7AE0,12:0029B410,13:0028E8C8,14:0028AF78,15:00272420,16:0027DA48,17:0027C910,18:00284730
func_002250B8	exe	668	b4b6a8f909fbbd09	19	00:00282CC0,01:002989A8,02:00284128,03:00271848,04:00275F20,05:002ACF70,06:00291A20,07:002AB610,08:0028D338,09:002A19E0,10:00275AF0,11:002A7F68,12:0029B898,13:0028ED50,14:0028B400,15:002728A8,16:0027DED0,17:0027CD98,18:00284BB8
func_00225358	exe	492	e1f29d4a85af0ddb	19	00:00282F60,01:00298C48,02:002843C8,03:00271AE8,04:002761C0,05:002AD210,06:00291CC0,07:002AB8B0,08:0028D5D8,09:002A1C80,10:00275D90,11:002A8208,12:0029BB38,13:0028EFF0,14:0028B6A0,15:00272B48,16:0027E170,17:0027D038,18:00284E58
func_00225548	exe	176	9f1e8342e680b49c	19	00:00283150,01:00298E38,02:002845B8,03:00271CD8,04:002763B0,05:002AD400,06:00291EB0,07:002ABAA0,08:0028D7C8,09:002A1E70,10:00275F80,11:002A83F8,12:0029BD28,13:0028F1E0,14:0028B890,15:00272D38,16:0027E360,17:0027D228,18:00285048
func_002255F8	exe	2040	51b062f0d24c6323	19	00:00283200,01:00298EE8,02:00284668,03:00271D88,04:00276460,05:002AD4B0,06:00291F60,07:002ABB50,08:0028D878,09:002A1F20,10:00276030,11:002A84A8,12:0029BDD8,13:0028F290,14:0028B940,15:00272DE8,16:0027E410,17:0027D2D8,18:002850F8
func_00225E00	exe	436	3b047fbf54ff8859	19	00:00283A08,01:002996F0,02:00284E70,03:00272590,04:00276C68,05:002ADCB8,06:00292768,07:002AC358,08:0028E080,09:002A2728,10:00276838,11:002A8CB0,12:0029C5E0,13:0028FA98,14:0028C148,15:002735F0,16:0027EC18,17:0027DAE0,18:00285900
func_00225FB8	exe	236	c2e275bcbbb2126b	19	00:00283BC0,01:002998A8,02:00285028,03:00272748,04:00276E20,05:002ADE70,06:00292920,07:002AC510,08:0028E238,09:002A28E0,10:002769F0,11:002A8E68,12:0029C798,13:0028FC50,14:0028C300,15:002737A8,16:0027EDD0,17:0027DC98,18:00285AB8
func_002260A8	exe	424	19ef716604d52bd6	19	00:00283CB0,01:00299998,02:00285118,03:00272838,04:00276F10,05:002ADF60,06:00292A10,07:002AC600,08:0028E328,09:002A29D0,10:00276AE0,11:002A8F58,12:0029C888,13:0028FD40,14:0028C3F0,15:00273898,16:0027EEC0,17:0027DD88,18:00285BA8
func_00226250	exe	304	f306a37408730688	19	00:00283E58,01:00299B40,02:002852C0,03:002729E0,04:002770B8,05:002AE108,06:00292BB8,07:002AC7A8,08:0028E4D0,09:002A2B78,10:00276C88,11:002A9100,12:0029CA30,13:0028FEE8,14:0028C598,15:00273A40,16:0027F068,17:0027DF30,18:00285D50
func_00226380	exe	144	413c4bc9a77a7bfa	19	00:00283F88,01:00299C70,02:002853F0,03:00272B10,04:002771E8,05:002AE238,06:00292CE8,07:002AC8D8,08:0028E600,09:002A2CA8,10:00276DB8,11:002A9230,12:0029CB60,13:00290018,14:0028C6C8,15:00273B70,16:0027F198,17:0027E060,18:00285E80
func_00226410	exe	784	30bdaaea596deca8	19	00:00284018,01:00299D00,02:00285480,03:00272BA0,04:00277278,05:002AE2C8,06:00292D78,07:002AC968,08:0028E690,09:002A2D38,10:00276E48,11:002A92C0,12:0029CBF0,13:002900A8,14:0028C758,15:00273C00,16:0027F228,17:0027E0F0,18:00285F10
func_00226720	exe	160	7f6b808c5d2f0c5f	19	00:00284328,01:0029A010,02:00285790,03:00272EB0,04:00277588,05:002AE5D8,06:00293088,07:002ACC78,08:0028E9A0,09:002A3048,10:00277158,11:002A95D0,12:0029CF00,13:002903B8,14:0028CA68,15:00273F10,16:0027F538,17:0027E400,18:00286220
func_002267C0	exe	68	ed7eec91ea48589d	19	00:002843C8,01:0029A0B0,02:00285830,03:00272F50,04:00277628,05:002AE678,06:00293128,07:002ACD18,08:0028EA40,09:002A30E8,10:002771F8,11:002A9670,12:0029CFA0,13:00290458,14:0028CB08,15:00273FB0,16:0027F5D8,17:0027E4A0,18:002862C0
func_L00_00284410	shared	512	71c281e95daca2e8	19	00:00284410,01:0029A0F8,02:00285878,03:00272F98,04:00277670,05:002AE6C0,06:00293170,07:002ACD60,08:0028EA88,09:002A3130,10:00277240,11:002A96B8,12:0029CFE8,13:002904A0,14:0028CB50,15:00273FF8,16:0027F620,17:0027E4E8,18:00286308
func_L00_00284620	shared	216	43c2fa24186031b5	19	00:00284620,01:0029A308,02:00285A88,03:002731A8,04:00277880,05:002AE8D0,06:00293380,07:002ACF70,08:0028EC98,09:002A3340,10:00277450,11:002A98C8,12:0029D1F8,13:002906B0,14:0028CD60,15:00274208,16:0027F830,17:0027E6F8,18:00286518
func_002268F0	exe	132	ef64c8f765c5ff9b	19	00:002846F8,01:0029A3E0,02:00285B60,03:00273280,04:00277958,05:002AE9A8,06:00293458,07:002AD048,08:0028ED70,09:002A3418,10:00277528,11:002A99A0,12:0029D2D0,13:00290788,14:0028CE38,15:002742E0,16:0027F908,17:0027E7D0,18:002865F0
func_00226978	exe	892	f134ae9c6f327eff	19	00:00284780,01:0029A468,02:00285BE8,03:00273308,04:002779E0,05:002AEA30,06:002934E0,07:002AD0D0,08:0028EDF8,09:002A34A0,10:002775B0,11:002A9A28,12:0029D358,13:00290810,14:0028CEC0,15:00274368,16:0027F990,17:0027E858,18:00286678
func_00226CF8	exe	80	2e1305bdd74fc690	19	00:00284B00,01:0029A7E8,02:00285F68,03:00273688,04:00277D60,05:002AEDB0,06:00293860,07:002AD450,08:0028F178,09:002A3820,10:00277930,11:002A9DA8,12:0029D6D8,13:00290B90,14:0028D240,15:002746E8,16:0027FD10,17:0027EBD8,18:002869F8
func_00226D50	exe	340	1c25799afae1ad36	19	00:00284B58,01:0029A840,02:00285FC0,03:002736E0,04:00277DB8,05:002AEE08,06:002938B8,07:002AD4A8,08:0028F1D0,09:002A3878,10:00277988,11:002A9E00,12:0029D730,13:00290BE8,14:0028D298,15:00274740,16:0027FD68,17:0027EC30,18:00286A50
func_00226EA8	exe	188	110422b2951fe2b7	19	00:00284CB0,01:0029A998,02:00286118,03:00273838,04:00277F10,05:002AEF60,06:00293A10,07:002AD600,08:0028F328,09:002A39D0,10:00277AE0,11:002A9F58,12:0029D888,13:00290D40,14:0028D3F0,15:00274898,16:0027FEC0,17:0027ED88,18:00286BA8
func_00226F68	exe	176	0d23eb9ac34dfad6	19	00:00284D70,01:0029AA58,02:002861D8,03:002738F8,04:00277FD0,05:002AF020,06:00293AD0,07:002AD6C0,08:0028F3E8,09:002A3A90,10:00277BA0,11:002AA018,12:0029D948,13:00290E00,14:0028D4B0,15:00274958,16:0027FF80,17:0027EE48,18:00286C68
func_L00_00284E20	shared	60	aedbc90b9471502c	19	00:00284E20,01:0029AB08,02:00286288,03:002739A8,04:00278080,05:002AF0D0,06:00293B80,07:002AD770,08:0028F498,09:002A3B40,10:00277C50,11:002AA0C8,12:0029D9F8,13:00290EB0,14:0028D560,15:00274A08,16:00280030,17:0027EEF8,18:00286D18
func_L00_00284E5C	shared	20	d5c1d8e05d9adf6c	19	00:00284E5C,01:0029AB44,02:002862C4,03:002739E4,04:002780BC,05:002AF10C,06:00293BBC,07:002AD7AC,08:0028F4D4,09:002A3B7C,10:00277C8C,11:002AA104,12:0029DA34,13:00290EEC,14:0028D59C,15:00274A44,16:0028006C,17:0027EF34,18:00286D54
func_L00_00284E70	shared	48	8f5dab441d2dde84	19	00:00284E70,01:0029AB58,02:002862D8,03:002739F8,04:002780D0,05:002AF120,06:00293BD0,07:002AD7C0,08:0028F4E8,09:002A3B90,10:00277CA0,11:002AA118,12:0029DA48,13:00290F00,14:0028D5B0,15:00274A58,16:00280080,17:0027EF48,18:00286D68
func_L00_00284EA0	shared	20	8e1952828f1c0336	19	00:00284EA0,00:00284EF0,01:0029AB88,01:0029ABD8,02:00286308,02:00286358,03:00273A28,03:00273A78,04:00278100,04:00278150,05:002AF150,05:002AF1A0,06:00293C00,06:00293C50,07:002AD7F0,07:002AD840,08:0028F518,08:0028F568,09:002A3BC0,09:002A3C10,10:00277CD0,10:00277D20,11:002AA148,11:002AA198,12:0029DA78,12:0029DAC8,13:00290F30,13:00290F80,14:0028D5E0,14:0028D630,15:00274A88,15:00274AD8,16:002800B0,16:00280100,17:0027EF78,17:0027EFC8,18:00286D98,18:00286DE8
func_L00_00284EB8	shared	56	bc01234cad801b0d	19	00:00284EB8,01:0029ABA0,02:00286320,03:00273A40,04:00278118,05:002AF168,06:00293C18,07:002AD808,08:0028F530,09:002A3BD8,10:00277CE8,11:002AA160,12:0029DA90,13:00290F48,14:0028D5F8,15:00274AA0,16:002800C8,17:0027EF90,18:00286DB0
func_00227100	exe	1932	0c6162cc6a0d46fe	19	00:00284F08,01:0029ABF0,02:00286370,03:00273A90,04:00278168,05:002AF1B8,06:00293C68,07:002AD858,08:0028F580,09:002A3C28,10:00277D38,11:002AA1B0,12:0029DAE0,13:00290F98,14:0028D648,15:00274AF0,16:00280118,17:0027EFE0,18:00286E00
func_L00_00285698	shared	140	9ea4840bf97443bd	19	00:00285698,01:0029B380,02:00286B00,03:00274220,04:002788F8,05:002AF948,06:002943F8,07:002ADFE8,08:0028FD10,09:002A43B8,10:002784C8,11:002AA940,12:0029E270,13:00291728,14:0028DDD8,15:00275280,16:002808A8,17:0027F770,18:00287590
func_00227928	exe	164	04e1739bd8fb98bb	19	00:00285730,01:0029B418,02:00286B98,03:002742B8,04:00278990,05:002AF9E0,06:00294490,07:002AE080,08:0028FDA8,09:002A4450,10:00278560,11:002AA9D8,12:0029E308,13:002917C0,14:0028DE70,15:00275318,16:00280940,17:0027F808,18:00287628
func_002279D0	exe	92	7b6d6a07ba7a188f	19	00:002857D8,01:0029B4C0,02:00286C40,03:00274360,04:00278A38,05:002AFA88,06:00294538,07:002AE128,08:0028FE50,09:002A44F8,10:00278608,11:002AAA80,12:0029E3B0,13:00291868,14:0028DF18,15:002753C0,16:002809E8,17:0027F8B0,18:002876D0
func_00227A30	exe	64	fdd25cacc566b957	19	00:00285838,01:0029B520,02:00286CA0,03:002743C0,04:00278A98,05:002AFAE8,06:00294598,07:002AE188,08:0028FEB0,09:002A4558,10:00278668,11:002AAAE0,12:0029E410,13:002918C8,14:0028DF78,15:00275420,16:00280A48,17:0027F910,18:00287730
func_00227A70	exe	144	8f12853631216343	19	00:00285878,01:0029B560,02:00286CE0,03:00274400,04:00278AD8,05:002AFB28,06:002945D8,07:002AE1C8,08:0028FEF0,09:002A4598,10:002786A8,11:002AAB20,12:0029E450,13:00291908,14:0028DFB8,15:00275460,16:00280A88,17:0027F950,18:00287770
func_00227B00	exe	376	a2ee85d4b8e4c902	19	00:00285908,01:0029B5F0,02:00286D70,03:00274490,04:00278B68,05:002AFBB8,06:00294668,07:002AE258,08:0028FF80,09:002A4628,10:00278738,11:002AABB0,12:0029E4E0,13:00291998,14:0028E048,15:002754F0,16:00280B18,17:0027F9E0,18:00287800
func_00227C78	exe	164	4d6d4db37c989bed	19	00:00285A80,01:0029B768,02:00286EE8,03:00274608,04:00278CE0,05:002AFD30,06:002947E0,07:002AE3D0,08:002900F8,09:002A47A0,10:002788B0,11:002AAD28,12:0029E658,13:00291B10,14:0028E1C0,15:00275668,16:00280C90,17:0027FB58,18:00287978
func_00227D20	exe	144	2a075333045413e2	19	00:00285B28,01:0029B810,02:00286F90,03:002746B0,04:00278D88,05:002AFDD8,06:00294888,07:002AE478,08:002901A0,09:002A4848,10:00278958,11:002AADD0,12:0029E700,13:00291BB8,14:0028E268,15:00275710,16:00280D38,17:0027FC00,18:00287A20
func_00227DB0	exe	860	e35d7c8985fd2909	19	00:00285BB8,01:0029B8A0,02:00287020,03:00274740,04:00278E18,05:002AFE68,06:00294918,07:002AE508,08:00290230,09:002A48D8,10:002789E8,11:002AAE60,12:0029E790,13:00291C48,14:0028E2F8,15:002757A0,16:00280DC8,17:0027FC90,18:00287AB0
func_00228110	exe	80	25b6dc0ab2bafb6b	19	00:00285F18,01:0029BC00,02:00287380,03:00274AA0,04:00279178,05:002B01C8,06:00294C78,07:002AE868,08:00290590,09:002A4C38,10:00278D48,11:002AB1C0,12:0029EAF0,13:00291FA8,14:0028E658,15:00275B00,16:00281128,17:0027FFF0,18:00287E10
func_00228160	exe	256	14297e2dc7fb8322	19	00:00285F68,01:0029BC50,02:002873D0,03:00274AF0,04:002791C8,05:002B0218,06:00294CC8,07:002AE8B8,08:002905E0,09:002A4C88,10:00278D98,11:002AB210,12:0029EB40,13:00291FF8,14:0028E6A8,15:00275B50,16:00281178,17:00280040,18:00287E60
func_L00_00286068	shared	108	5060a56324d6d32b	19	00:00286068,01:0029BD50,02:002874D0,03:00274BF0,04:002792C8,05:002B0318,06:00294DC8,07:002AE9B8,08:002906E0,09:002A4D88,10:00278E98,11:002AB310,12:0029EC40,13:002920F8,14:0028E7A8,15:00275C50,16:00281278,17:00280140,18:00287F60
func_00228268	exe	80	7badc68ccb984038	19	00:002860D8,01:0029BDC0,02:00287540,03:00274C60,04:00279338,05:002B0388,06:00294E38,07:002AEA28,08:00290750,09:002A4DF8,10:00278F08,11:002AB380,12:0029ECB0,13:00292168,14:0028E818,15:00275CC0,16:002812E8,17:002801B0,18:00287FD0
func_L00_00286128	shared	440	1ed112c9292e118c	19	00:00286128,01:0029BE10,02:00287590,03:00274CB0,04:00279388,05:002B03D8,06:00294E88,07:002AEA78,08:002907A0,09:002A4E48,10:00278F58,11:002AB3D0,12:0029ED00,13:002921B8,14:0028E868,15:00275D10,16:00281338,17:00280200,18:00288020
func_L00_002862E0	shared	436	89a0ab283c37faef	19	00:002862E0,01:0029BFC8,02:00287748,03:00274E68,04:00279540,05:002B0590,06:00295040,07:002AEC30,08:00290958,09:002A5000,10:00279110,11:002AB588,12:0029EEB8,13:00292370,14:0028EA20,15:00275EC8,16:002814F0,17:002803B8,18:002881D8
func_L00_00286498	shared	48	15d99f378f09261c	19	00:00286498,01:0029C180,02:00287900,03:00275020,04:002796F8,05:002B0748,06:002951F8,07:002AEDE8,08:00290B10,09:002A51B8,10:002792C8,11:002AB740,12:0029F070,13:00292528,14:0028EBD8,15:00276080,16:002816A8,17:00280570,18:00288390
func_L00_002864CC	shared	16	7c495f6e51901773	19	00:002864CC,01:0029C1B4,02:00287934,03:00275054,04:0027972C,05:002B077C,06:0029522C,07:002AEE1C,08:00290B44,09:002A51EC,10:002792FC,11:002AB774,12:0029F0A4,13:0029255C,14:0028EC0C,15:002760B4,16:002816DC,17:002805A4,18:002883C4
func_L00_002864E0	shared	180	37ede0fce54d513e	19	00:002864E0,01:0029C1C8,02:00287948,03:00275068,04:00279740,05:002B0790,06:00295240,07:002AEE30,08:00290B58,09:002A5200,10:00279310,11:002AB788,12:0029F0B8,13:00292570,14:0028EC20,15:002760C8,16:002816F0,17:002805B8,18:002883D8
func_002282D0	exe	304	65bdde4b89aae2bc	19	00:002865B8,01:0029C3C0,02:00287A20,03:00275260,04:00279938,05:002B0988,06:00295318,07:002AEF08,08:00290D50,09:002A52D8,10:002793E8,11:002AB860,12:0029F190,13:00292648,14:0028ECF8,15:002761A0,16:002817C8,17:00280690,18:002884B0
func_00228400	exe	84	9382616a8b353f48	19	00:002866E8,01:0029C4F0,02:00287B50,03:00275390,04:00279A68,05:002B0AB8,06:00295448,07:002AF038,08:00290E80,09:002A5408,10:00279518,11:002AB990,12:0029F2C0,13:00292778,14:0028EE28,15:002762D0,16:002818F8,17:002807C0,18:002885E0
func_00228458	exe	144	ef77a3389cb9202f	19	00:00286740,01:0029C548,02:00287BA8,03:002753E8,04:00279AC0,05:002B0B10,06:002954A0,07:002AF090,08:00290ED8,09:002A5460,10:00279570,11:002AB9E8,12:0029F318,13:002927D0,14:0028EE80,15:00276328,16:00281950,17:00280818,18:00288638
func_002284E8	exe	424	773f5558d2f92450	19	00:002867D0,01:0029C5D8,02:00287C38,03:00275478,04:00279B50,05:002B0BA0,06:00295530,07:002AF120,08:00290F68,09:002A54F0,10:00279600,11:002ABA78,12:0029F3A8,13:00292860,14:0028EF10,15:002763B8,16:002819E0,17:002808A8,18:002886C8
func_00228690	exe	460	57e8c0483589f1b9	19	00:00286978,01:0029C780,02:00287DE0,03:00275620,04:00279CF8,05:002B0D48,06:002956D8,07:002AF2C8,08:00291110,09:002A5698,10:002797A8,11:002ABC20,12:0029F550,13:00292A08,14:0028F0B8,15:00276560,16:00281B88,17:00280A50,18:00288870
func_00228860	exe	500	9066c7fe2f2f38ac	19	00:00286B48,01:0029C950,02:00287FB0,03:002757F0,04:00279EC8,05:002B0F18,06:002958A8,07:002AF498,08:002912E0,09:002A5868,10:00279978,11:002ABDF0,12:0029F720,13:00292BD8,14:0028F288,15:00276730,16:00281D58,17:00280C20,18:00288A40
func_00228A58	exe	712	485fc6bdab194404	19	00:00286D40,01:0029CB48,02:002881A8,03:002759E8,04:0027A0C0,05:002B1110,06:00295AA0,07:002AF690,08:002914D8,09:002A5A60,10:00279B70,11:002ABFE8,12:0029F918,13:00292DD0,14:0028F480,15:00276928,16:00281F50,17:00280E18,18:00288C38
func_00228D20	exe	888	0a4795d9f47ca5c5	19	00:00287008,01:0029CE10,02:00288470,03:00275CB0,04:0027A388,05:002B13D8,06:00295D68,07:002AF958,08:002917A0,09:002A5D28,10:00279E38,11:002AC2B0,12:0029FBE0,13:00293098,14:0028F748,15:00276BF0,16:00282218,17:002810E0,18:00288F00
func_00229098	exe	332	a0271f51397be6c1	19	00:00287380,01:0029D188,02:002887E8,03:00276028,04:0027A700,05:002B1750,06:002960E0,07:002AFCD0,08:00291B18,09:002A60A0,10:0027A1B0,11:002AC628,12:0029FF58,13:00293410,14:0028FAC0,15:00276F68,16:00282590,17:00281458,18:00289278
func_002291E8	exe	1612	b1bc315c3551975d	19	00:002874D0,01:0029D2D8,02:00288938,03:00276178,04:0027A850,05:002B18A0,06:00296230,07:002AFE20,08:00291C68,09:002A61F0,10:0027A300,11:002AC778,12:002A00A8,13:00293560,14:0028FC10,15:002770B8,16:002826E0,17:002815A8,18:002893C8
func_00229838	exe	116	c2ca93a220b42edc	19	00:00287B20,01:0029D928,02:00288F88,03:002767C8,04:0027AEA0,05:002B1EF0,06:00296880,07:002B0470,08:002922B8,09:002A6840,10:0027A950,11:002ACDC8,12:002A06F8,13:00293BB0,14:00290260,15:00277708,16:00282D30,17:00281BF8,18:00289A18
func_002298B0	exe	852	9c37ee4f97e62063	19	00:00287B98,01:0029D9A0,02:00289000,03:00276840,04:0027AF18,05:002B1F68,06:002968F8,07:002B04E8,08:00292330,09:002A68B8,10:0027A9C8,11:002ACE40,12:002A0770,13:00293C28,14:002902D8,15:00277780,16:00282DA8,17:00281C70,18:00289A90
func_00229C08	exe	316	9bbdece853e50bdc	19	00:00287EF0,00:00296CD0,01:0029DCF8,01:002AA6E8,02:00289358,02:00296390,03:00276B98,03:00283530,04:0027B270,04:00287AF8,05:002B22C0,05:002BF3C8,06:00296C50,06:002A3D48,07:002B0840,07:002BD8A8,08:00292688,08:0029EF80,09:002A6C10,09:002B3520,10:0027AD20,10:002876E0,11:002AD198,11:002B9AE8,12:002A0AC8,12:002AD488,13:00293F80,13:002A0FF0,14:00290630,14:0029D028,15:00277AD8,15:00284B58,16:00283100,16:0028FAC0,17:00281FC8,17:0028EF58,18:00289DE8,18:002967B8
func_00229D48	exe	260	0d69ca7496f837b8	19	00:00288030,01:0029DE38,02:00289498,03:00276CD8,04:0027B3B0,05:002B2400,06:00296D90,07:002B0980,08:002927C8,09:002A6D50,10:0027AE60,11:002AD2D8,12:002A0C08,13:002940C0,14:00290770,15:00277C18,16:00283240,17:00282108,18:00289F28
func_00229E50	exe	176	7b1ec1658e902f66	19	00:00288138,01:0029DF40,02:002895A0,03:00276DE0,04:0027B4B8,05:002B2508,06:00296E98,07:002B0A88,08:002928D0,09:002A6E58,10:0027AF68,11:002AD3E0,12:002A0D10,13:002941C8,14:00290878,15:00277D20,16:00283348,17:00282210,18:0028A030
func_00229F00	exe	5956	2ac29cd2ecb65b9d	19	00:002881E8,01:0029DFF0,02:00289650,03:00276E90,04:0027B568,05:002B25B8,06:00296F48,07:002B0B38,08:00292980,09:002A6F08,10:0027B018,11:002AD490,12:002A0DC0,13:00294278,14:00290928,15:00277DD0,16:002833F8,17:002822C0,18:0028A0E0
func_0022B648	exe	684	5545f792b7b6c629	19	00:00289930,01:0029F738,02:0028AD98,03:002785D8,04:0027CCB0,05:002B3D00,06:00298690,07:002B2280,08:002940C8,09:002A8650,10:0027C760,11:002AEBD8,12:002A2508,13:002959C0,14:00292070,15:00279518,16:00284B40,17:00283A08,18:0028B828
func_0022B8F8	exe	1460	a6cc92b08e102fdc	19	00:00289BE0,01:0029F9E8,02:0028B048,03:00278888,04:0027CF60,05:002B3FB0,06:00298940,07:002B2530,08:00294378,09:002A8900,10:0027CA10,11:002AEE88,12:002A27B8,13:00295C70,14:00292320,15:002797C8,16:00284DF0,17:00283CB8,18:0028BAD8
func_L00_0028A198	shared	580	c77acdccafb97e73	5	00:0028A198,05:002B4568,07:002B2AE8,13:00296228,15:00279D80
func_L00_0028A3E0	shared	452	29e95c1de70a2e40	5	00:0028A3E0,05:002B47B0,07:002B2D30,13:00296470,15:00279FC8
func_L00_0028A5A8	shared	96	731abb7c6405ac0e	19	00:0028A5A8,01:0029FFB0,02:0028B610,03:00278E50,04:0027D528,05:002B4978,06:00298F08,07:002B2EF8,08:00294940,09:002A8EC8,10:0027CFD8,11:002AF450,12:002A2D80,13:00296638,14:002928E8,15:0027A190,16:002853B8,17:00284280,18:0028C0A0
func_L00_0028A608	level	240	6292c53e7172a513	1	00:0028A608
func_L00_0028A6F8	shared	384	55d90d0de4e1cb36	2	00:0028A6F8,01:002A0010
func_L00_0028A878	shared	1032	cfecf89aa4408976	2	00:0028A878,02:0028B670
func_L00_0028AC80	shared	232	43d29c39d17ff0d4	2	00:0028AC80,03:00278EB0
func_L00_0028AD68	shared	324	f45506cd866c5222	2	00:0028AD68,04:0027D588
func_L00_0028AEB0	shared	220	21df4884c2676501	2	00:0028AEB0,05:002B49E0
func_L00_0028AF90	shared	1360	6f72767f03d96a19	2	00:0028AF90,06:00298F78
func_L00_0028B4E0	shared	228	4072fbc45cd16a28	2	00:0028B4E0,07:002B2F68
func_L00_0028B5C8	shared	184	fdbb18c8852ecc61	2	00:0028B5C8,08:002949B8
func_L00_0028B680	shared	212	1f813bbb3708bc50	2	00:0028B680,09:002A8F40
func_L00_0028B758	shared	416	d528e3fe8eb03117	2	00:0028B758,10:0027D058
func_L00_0028B8F8	shared	384	79b538d0cba6863c	4	00:0028B8F8,00:0028BA78,00:0028BDE0,11:002AF4D0,12:002A2E00,16:00285440
func_L00_0028BBF8	shared	120	e01c479454d3298d	2	00:0028BBF8,13:002966B8
func_L00_0028BC70	shared	252	65be2dbb495eeaea	2	00:0028BC70,14:00292968
func_L00_0028BD70	shared	112	fc82b51524e481af	2	00:0028BD70,15:0027A218
func_L00_0028BF60	shared	1012	4f775d602b766f51	2	00:0028BF60,17:00284308
func_L00_0028C358	shared	288	01d8a8e47d0f899b	2	00:0028C358,18:0028C130
func_L00_0028C478	shared	660	f9bc94414e76e4fa	19	00:0028C478,01:002A01C0,02:0028BAA8,03:00278FC8,04:0027D6F8,05:002B4AE0,06:002994E8,07:002B3068,08:00294A88,09:002A9028,10:0027D208,11:002AF660,12:002A2F90,13:00296740,14:00292A70,15:0027A290,16:002855C8,17:00284700,18:0028C250
func_0022C5A0	exe	576	af0a29f47ee4e010	19	00:0028C718,01:002A0460,02:0028BD48,03:00279268,04:0027D998,05:002B4D80,06:00299788,07:002B3308,08:00294D28,09:002A92C8,10:0027D4A8,11:002AF900,12:002A3230,13:002969E0,14:00292D10,15:0027A530,16:00285868,17:002849A0,18:0028C4F0
func_0022C7E0	exe	140	fd13e8b8ec681ef4	19	00:0028C958,01:002A06A0,02:0028BF88,03:002794A8,04:0027DBD8,05:002B4FC0,06:002999C8,07:002B3548,08:00294F68,09:002A9508,10:0027D6E8,11:002AFB40,12:002A3470,13:00296C20,14:00292F50,15:0027A770,16:00285AA8,17:00284BE0,18:0028C730
func_0022C870	exe	300	7047d40a3fafb1fb	19	00:0028C9E8,01:002A0730,02:0028C018,03:00279538,04:0027DC68,05:002B5050,06:00299A58,07:002B35D8,08:00294FF8,09:002A9598,10:0027D778,11:002AFBD0,12:002A3500,13:00296CB0,14:00292FE0,15:0027A800,16:00285B38,17:00284C70,18:0028C7C0
func_0022C9A8	exe	88	de3c4bd88c5b7f92	19	00:0028CB20,01:002A0868,02:0028C150,03:00279670,04:0027DDA0,05:002B5188,06:00299B90,07:002B3710,08:00295130,09:002A96D0,10:0027D8B0,11:002AFD08,12:002A3638,13:00296DE8,14:00293118,15:0027A938,16:00285C70,17:00284DA8,18:0028C8F8
func_0022CA00	exe	572	f49842a719b38c6b	19	00:0028CB78,01:002A08C0,02:0028C1A8,03:002796C8,04:0027DDF8,05:002B51E0,06:00299BE8,07:002B3768,08:00295188,09:002A9728,10:0027D908,11:002AFD60,12:002A3690,13:00296E40,14:00293170,15:0027A990,16:00285CC8,17:00284E00,18:0028C950
func_0022CC40	exe	628	370059655ce29133	19	00:0028CDB8,01:002A0B00,02:0028C3E8,03:00279908,04:0027E038,05:002B5420,06:00299E28,07:002B39A8,08:002953C8,09:002A9968,10:0027DB48,11:002AFFA0,12:002A38D0,13:00297080,14:002933B0,15:0027ABD0,16:00285F08,17:00285040,18:0028CB90
func_0022CEB8	exe	804	b0825b7becc35979	8	00:0028D030,02:0028C660,05:002B5698,06:0029A0A0,07:002B3C20,13:002972F8,15:0027AE48,17:002852B8
func_0022D1DC	exe	208	532470aac40dd4c7	8	00:0028D354,02:0028C984,05:002B59BC,06:0029A3C4,07:002B3F44,13:0029761C,15:0027B16C,17:002855DC
func_0022D2AC	exe	332	307feecbaaa8f094	19	00:0028D424,01:002A0D7C,02:0028CA54,03:00279B84,04:0027E2B4,05:002B5A8C,06:0029A494,07:002B4014,08:00295644,09:002A9BE4,10:0027DDC4,11:002B021C,12:002A3B4C,13:002976EC,14:0029362C,15:0027B23C,16:00286184,17:002856AC,18:0028CE0C
func_0022D3F8	exe	296	319aa6716e291d5d	19	00:0028D570,01:002A0EC8,02:0028CBA0,03:00279CD0,04:0027E400,05:002B5BD8,06:0029A5E0,07:002B4160,08:00295790,09:002A9D30,10:0027DF10,11:002B0368,12:002A3C98,13:00297838,14:00293778,15:0027B388,16:002862D0,17:002857F8,18:0028CF58
func_0022D520	exe	404	122cd56982f2ef7f	19	00:0028D698,01:002A0FF0,02:0028CCC8,03:00279DF8,04:0027E528,05:002B5D00,06:0029A708,07:002B4288,08:002958B8,09:002A9E58,10:0027E038,11:002B0490,12:002A3DC0,13:00297960,14:002938A0,15:0027B4B0,16:002863F8,17:00285920,18:0028D080
func_0022D6B4	exe	296	7587933c70d9c4df	19	00:0028D82C,01:002A1184,02:0028CE5C,03:00279F8C,04:0027E6BC,05:002B5E94,06:0029A89C,07:002B441C,08:00295A4C,09:002A9FEC,10:0027E1CC,11:002B0624,12:002A3F54,13:00297AF4,14:00293A34,15:0027B644,16:0028658C,17:00285AB4,18:0028D214
func_L00_0028D958	shared	208	0936e14b53c76300	19	00:0028D958,01:002A12B0,02:0028CF88,03:0027A0B8,04:0027E7E8,05:002B5FC0,06:0029A9C8,07:002B4548,08:00295B78,09:002AA118,10:0027E2F8,11:002B0750,12:002A4080,13:00297C20,14:00293B60,15:0027B770,16:002866B8,17:00285BE0,18:0028D340
func_L00_0028DA28	shared	16	74765b9bd8fc5370	19	00:0028DA28,01:002A1380,02:0028D058,03:0027A188,04:0027E8B8,05:002B6090,06:0029AA98,07:002B4618,08:00295C48,09:002AA1E8,10:0027E3C8,11:002B0820,12:002A4150,13:00297CF0,14:00293C30,15:0027B840,16:00286788,17:00285CB0,18:0028D410
func_0022D8C0	exe	172	c4d58fcbb27c7766	19	00:0028DA38,01:002A1390,02:0028D068,03:0027A198,04:0027E8C8,05:002B60A0,06:0029AAA8,07:002B4628,08:00295C58,09:002AA1F8,10:0027E3D8,11:002B0830,12:002A4160,13:00297D00,14:00293C40,15:0027B850,16:00286798,17:00285CC0,18:0028D420
func_0022D970	exe	156	01722fa11d16e63e	19	00:0028DAE8,01:002A1440,02:0028D118,03:0027A248,04:0027E978,05:002B6150,06:0029AB58,07:002B46D8,08:00295D08,09:002AA2A8,10:0027E488,11:002B08E0,12:002A4210,13:00297DB0,14:00293CF0,15:0027B900,16:00286848,17:00285D70,18:0028D4D0
func_0022DA10	exe	236	ab4d876ff1476c89	19	00:0028DB88,01:002A14E0,02:0028D1B8,03:0027A2E8,04:0027EA18,05:002B61F0,06:0029ABF8,07:002B4778,08:00295DA8,09:002AA348,10:0027E528,11:002B0980,12:002A42B0,13:00297E50,14:00293D90,15:0027B9A0,16:002868E8,17:00285E10,18:0028D570
func_0022DB00	exe	68	f3263276ba999edb	19	00:0028DC78,01:002A15D0,02:0028D2A8,03:0027A3D8,04:0027EB08,05:002B62E0,06:0029ACE8,07:002B4868,08:00295E98,09:002AA438,10:0027E618,11:002B0A70,12:002A43A0,13:00297F40,14:00293E80,15:0027BA90,16:002869D8,17:00285F00,18:0028D660
func_0022DB48	exe	160	ae9e83e57af9c85e	19	00:0028DCC0,01:002A1618,02:0028D2F0,03:0027A420,04:0027EB50,05:002B6328,06:0029AD30,07:002B48B0,08:00295EE0,09:002AA480,10:0027E660,11:002B0AB8,12:002A43E8,13:00297F88,14:00293EC8,15:0027BAD8,16:00286A20,17:00285F48,18:0028D6A8
func_0022DBE8	exe	380	a09974c84bafa73d	19	00:0028DD60,01:002A16B8,02:0028D390,03:0027A4C0,04:0027EBF0,05:002B63C8,06:0029ADD0,07:002B4950,08:00295F80,09:002AA520,10:0027E700,11:002B0B58,12:002A4488,13:00298028,14:00293F68,15:0027BB78,16:00286AC0,17:00285FE8,18:0028D748
func_0022DD68	exe	3252	9d6025619e05454f	19	00:0028DEE0,01:002A1838,02:0028D510,03:0027A640,04:0027ED70,05:002B6548,06:0029AF50,07:002B4AD0,08:00296100,09:002AA6A0,10:0027E880,11:002B0CD8,12:002A4608,13:002981A8,14:002940E8,15:0027BCF8,16:00286C40,17:00286168,18:0028D8C8
func_L00_0028EB98	shared	72	82de87ce7ae312fc	19	00:0028EB98,01:002A24F0,02:0028E1C8,03:0027B2F8,04:0027FA28,05:002B7200,06:0029BC08,07:002B5788,08:00296DB8,09:002AB358,10:0027F538,11:002B1990,12:002A52C0,13:00298E60,14:00294DA0,15:0027C9B0,16:002878F8,17:00286E20,18:0028E580
func_L00_0028EBF0	shared	56	8b1aaa5a11924434	19	00:0028EBF0,01:002A2548,02:0028E220,03:0027B350,04:0027FA80,05:002B7258,06:0029BC60,07:002B57E0,08:00296E10,09:002AB3B0,10:0027F590,11:002B19E8,12:002A5318,13:00298EB8,14:00294DF8,15:0027CA08,16:00287950,17:00286E78,18:0028E5D8
func_L00_0028EC28	shared	28	43459a5f4389f499	19	00:0028EC28,01:002A2580,02:0028E258,03:0027B388,04:0027FAB8,05:002B7290,06:0029BC98,07:002B5818,08:00296E48,09:002AB3E8,10:0027F5C8,11:002B1A20,12:002A5350,13:00298EF0,14:00294E30,15:0027CA40,16:00287988,17:00286EB0,18:0028E610
func_0022EB08	exe	628	02dae9cce905932a	19	00:0028EC48,01:002A25A0,02:0028E278,03:0027B3A8,04:0027FAD8,05:002B72B0,06:0029BCB8,07:002B5838,08:00296E68,09:002AB408,10:0027F5E8,11:002B1A40,12:002A5370,13:00298F10,14:00294E50,15:0027CA60,16:002879A8,17:00286ED0,18:0028E630
func_0022ED80	exe	164	12d78bf5afb78e0d	19	00:0028EEC0,01:002A2818,02:0028E4F0,03:0027B620,04:0027FD50,05:002B7528,06:0029BF30,07:002B5AB0,08:002970E0,09:002AB680,10:0027F860,11:002B1CB8,12:002A55E8,13:00299188,14:002950C8,15:0027CCD8,16:00287C20,17:00287148,18:0028E8A8
func_L00_0028EF68	shared	176	a0e0ac79c4061fe6	19	00:0028EF68,01:002A28C0,02:0028E598,03:0027B6C8,04:0027FDF8,05:002B75D0,06:0029BFD8,07:002B5B58,08:00297188,09:002AB728,10:0027F908,11:002B1D60,12:002A5690,13:00299230,14:00295170,15:0027CD80,16:00287CC8,17:002871F0,18:0028E950
func_0022EE28	exe	140	a16978a0e6796a39	19	00:0028F018,01:002A2970,02:0028E648,03:0027B778,04:0027FEA8,05:002B7680,06:0029C088,07:002B5C08,08:00297238,09:002AB7D8,10:0027F9B8,11:002B1E10,12:002A5740,13:002992E0,14:00295220,15:0027CE30,16:00287D78,17:002872A0,18:0028EA00
func_L00_0028F0B0	shared	140	e16c4feaefa5a9fd	16	00:0028F0B0,01:002A2A08,02:0028E6E0,03:0027B8A0,05:002B7718,08:002972D0,09:002AB870,10:0027FA50,11:002B1EA8,12:002A57D8,13:00299378,14:00295348,15:0027CEC8,16:00287E10,17:00287338,18:0028EB28
func_L00_0028F140	shared	196	aaae99f608341dc6	19	00:0028F140,01:002A2A98,02:0028E770,03:0027B930,04:0027FF48,05:002B77A8,06:0029C1B8,07:002B5CA8,08:00297360,09:002AB900,10:0027FAE0,11:002B1F38,12:002A5868,13:00299408,14:002953D8,15:0027CF58,16:00287EA0,17:002873C8,18:0028EBB8
func_L00_0028F208	shared	4	1cacf8ab9dde1485	19	00:0028F208,01:002A2B60,02:0028E838,03:0027B9F8,04:00280010,05:002B7870,06:0029C280,07:002B5D70,08:00297428,09:002AB9C8,10:0027FBA8,11:002B2000,12:002A5930,13:00299508,14:002954A0,15:0027D020,16:00287F68,17:00287490,18:0028EC80
func_L00_0028F210	shared	32	3315064980b2d95e	19	00:0028F210,01:002A2B68,01:002A2B88,02:0028E840,02:0028E860,03:0027BA00,04:00280018,04:00280038,05:002B7878,05:002B7898,06:0029C288,07:002B5D78,08:00297430,08:00297450,09:002AB9D0,09:002AB9F0,10:0027FBB0,11:002B2008,11:002B2028,12:002A5938,12:002A5958,13:00299510,13:00299530,14:002954A8,14:002954C8,15:0027D028,16:00287F70,16:00287F90,17:00287498,18:0028EC88
func_L00_0028F230	shared	112	b09852a13b1e4238	19	00:0028F230,01:002A2BA8,02:0028E880,03:0027BA20,04:00280058,05:002B78B8,06:0029C2A8,07:002B5D98,08:00297470,09:002ABA10,10:0027FBD0,11:002B2048,12:002A5978,13:00299550,14:002954E8,15:0027D048,16:00287FB0,17:002874B8,18:0028ECA8
func_0022EF68	exe	120	10f557f08099da67	19	00:0028F2A0,01:002A2C18,02:0028E8F0,03:0027BA90,04:002800C8,05:002B7928,06:0029C318,07:002B5E08,08:002974E0,09:002ABA80,10:0027FC40,11:002B20B8,12:002A59E8,13:002995C0,14:00295558,15:0027D0B8,16:00288020,17:00287528,18:0028ED18
func_0022EFE8	exe	168	663a188079a0a399	19	00:0028F320,01:002A2D08,02:0028E9E0,03:0027BB80,04:00280148,05:002B7A18,06:0029C398,07:002B5EF8,08:002975D0,09:002ABB70,10:0027FD30,11:002B2138,12:002A5AD8,13:00299640,14:00295648,15:0027D1A8,16:00288110,17:002875A8,18:0028EE08
func_0022F090	exe	24	26a0ad415bfd8ded	19	00:0028F3C8,01:002A2DB0,02:0028EA88,03:0027BC28,04:002801F0,05:002B7AC0,06:0029C440,07:002B5FA0,08:00297678,09:002ABC18,10:0027FDD8,11:002B21E0,12:002A5B80,13:002996E8,14:002956F0,15:0027D250,16:002881B8,17:00287650,18:0028EEB0
func_L00_0028F3E0	shared	48	1abd8f5102cb1d5d	19	00:0028F3E0,01:002A2DC8,02:0028EAA0,03:0027BC40,04:00280208,05:002B7AD8,06:0029C458,07:002B5FB8,08:00297690,09:002ABC30,10:0027FDF0,11:002B21F8,12:002A5B98,13:00299700,14:00295708,15:0027D268,16:002881D0,17:00287668,18:0028EEC8
func_L00_0028F410	shared	20	f17797c546f01304	19	00:0028F410,01:002A2DF8,02:0028EAD0,03:0027BC70,04:00280238,05:002B7B08,06:0029C488,07:002B5FE8,08:002976C0,09:002ABC60,10:0027FE20,11:002B2228,12:002A5BC8,13:00299730,14:00295738,15:0027D298,16:00288200,17:00287698,18:0028EEF8
func_0022F0F0	exe	44	70038e67d1f35e6b	19	00:0028F428,01:002A2E10,02:0028EAE8,03:0027BC88,04:00280250,05:002B7B20,06:0029C4A0,07:002B6000,08:002976D8,09:002ABC78,10:0027FE38,11:002B2240,12:002A5BE0,13:00299748,14:00295750,15:0027D2B0,16:00288218,17:002876B0,18:0028EF10
func_L00_0028F458	shared	956	18c3185da0491f6a	19	00:0028F458,01:002A2E40,02:0028EB18,03:0027BCB8,04:00280280,05:002B7B50,06:0029C4D0,07:002B6030,08:00297708,09:002ABCA8,10:0027FE68,11:002B2270,12:002A5C10,13:00299778,14:00295780,15:0027D2E0,16:00288248,17:002876E0,18:0028EF40
func_0022F128	exe	304	402beec68f6ca1a4	19	00:0028F818,01:002A3200,02:0028EED8,03:0027C078,04:00280640,05:002B7F10,06:0029C890,07:002B63F0,08:00297AC8,09:002AC068,10:00280228,11:002B2630,12:002A5FD0,13:00299B38,14:00295B40,15:0027D6A0,16:00288608,17:00287AA0,18:0028F300
func_0022F258	exe	556	9053ffcc0573239f	19	00:0028F948,01:002A3330,02:0028F008,03:0027C1A8,04:00280770,05:002B8040,06:0029C9C0,07:002B6520,08:00297BF8,09:002AC198,10:00280358,11:002B2760,12:002A6100,13:00299C68,14:00295C70,15:0027D7D0,16:00288738,17:00287BD0,18:0028F430
func_L00_0028FB78	shared	240	cccfe8a9b8effb56	19	00:0028FB78,01:002A3560,02:0028F238,03:0027C3D8,04:002809A0,05:002B8270,06:0029CBF0,07:002B6750,08:00297E28,09:002AC3C8,10:00280588,11:002B2990,12:002A6330,13:00299E98,14:00295EA0,15:0027DA00,16:00288968,17:00287E00,18:0028F660
func_L00_0028FC68	shared	44	192f1f8541177adb	19	00:0028FC68,01:002A3650,02:0028F328,03:0027C4C8,04:00280A90,05:002B8360,06:0029CCE0,07:002B6840,08:00297F18,09:002AC4B8,10:00280678,11:002B2A80,12:002A6420,13:00299F88,14:00295F90,15:0027DAF0,16:00288A58,17:00287EF0,18:0028F750
func_L00_0028FCA0	shared	784	e90a4df4581ddf18	19	00:0028FCA0,01:002A36B8,02:0028F360,03:0027C500,04:00280AC8,05:002B8398,06:0029CD18,07:002B6878,08:00297F50,09:002AC4F0,10:002806B0,11:002B2AB8,12:002A6458,13:00299FC0,14:00295FF8,15:0027DB28,16:00288A90,17:00287F28,18:0028F788
func_L00_0028FFB0	shared	124	b2f983de9728ec59	19	00:0028FFB0,01:002A39C8,02:0028F670,03:0027C810,04:00280DD8,05:002B86A8,06:0029D028,07:002B6B88,08:00298260,09:002AC800,10:002809C0,11:002B2DC8,12:002A6768,13:0029A2D0,14:00296308,15:0027DE38,16:00288DA0,17:00288238,18:0028FA98
func_L00_00290030	shared	344	b4a6408519caa4c7	19	00:00290030,01:002A3A48,02:0028F6F0,03:0027C890,04:00280E58,05:002B8728,06:0029D0A8,07:002B6C08,08:002982E0,09:002AC880,10:00280A40,11:002B2E48,12:002A67E8,13:0029A350,14:00296388,15:0027DEB8,16:00288E20,17:002882B8,18:0028FB18
func_0022F4A0	exe	28	324cf5622db43145	19	00:00290188,01:002A3BA0,02:0028F848,03:0027C9E8,04:00280FB0,05:002B8880,06:0029D200,07:002B6D60,08:00298438,09:002AC9D8,10:00280B98,11:002B2FA0,12:002A6940,13:0029A4A8,14:002964E0,15:0027E010,16:00288F78,17:00288410,18:0028FC70
func_L00_002901A8	shared	240	9e292d96fdad6476	19	00:002901A8,01:002A3BC0,02:0028F868,03:0027CA08,04:00280FD0,05:002B88A0,06:0029D220,07:002B6D80,08:00298458,09:002AC9F8,10:00280BB8,11:002B2FC0,12:002A6960,13:0029A4C8,14:00296500,15:0027E030,16:00288F98,17:00288430,18:0028FC90
func_L00_002902A0	shared	624	26b0d64f73713569	19	00:002902A0,01:002A3CB8,02:0028F960,03:0027CB00,04:002810C8,05:002B8998,06:0029D318,07:002B6E78,08:00298550,09:002ACAF0,10:00280CB0,11:002B30B8,12:002A6A58,13:0029A5C0,14:002965F8,15:0027E128,16:00289090,17:00288528,18:0028FD88
func_0022F738	exe	1188	f92118779fa8c34e	19	00:00290510,01:002A3F28,02:0028FBD0,03:0027CD70,04:00281338,05:002B8C08,06:0029D588,07:002B70E8,08:002987C0,09:002ACD60,10:00280F20,11:002B3328,12:002A6CC8,13:0029A830,14:00296868,15:0027E398,16:00289300,17:00288798,18:0028FFF8
func_0022FBE0	exe	316	f96f9a147c4d4a4f	19	00:002909B8,01:002A43D0,02:00290078,03:0027D218,04:002817E0,05:002B90B0,06:0029DA30,07:002B7590,08:00298C68,09:002AD208,10:002813C8,11:002B37D0,12:002A7170,13:0029ACD8,14:00296D10,15:0027E840,16:002897A8,17:00288C40,18:002904A0
func_0022FD20	exe	160	f967e52168f73bba	19	00:00290AF8,01:002A4510,02:002901B8,03:0027D358,04:00281920,05:002B91F0,06:0029DB70,07:002B76D0,08:00298DA8,09:002AD348,10:00281508,11:002B3910,12:002A72B0,13:0029AE18,14:00296E50,15:0027E980,16:002898E8,17:00288D80,18:002905E0
func_0022FDC0	exe	2012	f182a7f920c12acf	19	00:00290B98,01:002A45B0,02:00290258,03:0027D3F8,04:002819C0,05:002B9290,06:0029DC10,07:002B7770,08:00298E48,09:002AD3E8,10:002815A8,11:002B39B0,12:002A7350,13:0029AEB8,14:00296EF0,15:0027EA20,16:00289988,17:00288E20,18:00290680
func_002305A0	exe	808	3f285bd3955b2861	19	00:00291378,01:002A4D90,02:00290A38,03:0027DBD8,04:002821A0,05:002B9A70,06:0029E3F0,07:002B7F50,08:00299628,09:002ADBC8,10:00281D88,11:002B4190,12:002A7B30,13:0029B698,14:002976D0,15:0027F200,16:0028A168,17:00289600,18:00290E60
func_002308C8	exe	456	a56865fad134640b	19	00:002916A0,01:002A50B8,02:00290D60,03:0027DF00,04:002824C8,05:002B9D98,06:0029E718,07:002B8278,08:00299950,09:002ADEF0,10:002820B0,11:002B44B8,12:002A7E58,13:0029B9C0,14:002979F8,15:0027F528,16:0028A490,17:00289928,18:00291188
func_00230A90	exe	5996	8d799d0e20885f24	19	00:00291868,01:002A5280,02:00290F28,03:0027E0C8,04:00282690,05:002B9F60,06:0029E8E0,07:002B8440,08:00299B18,09:002AE0B8,10:00282278,11:002B4680,12:002A8020,13:0029BB88,14:00297BC0,15:0027F6F0,16:0028A658,17:00289AF0,18:00291350
func_00232200	exe	120	a26975e68507c29b	19	00:00292FD8,01:002A69F0,02:00292698,03:0027F838,04:00283E00,05:002BB6D0,06:002A0050,07:002B9BB0,08:0029B288,09:002AF828,10:002839E8,11:002B5DF0,12:002A9790,13:0029D2F8,14:00299330,15:00280E60,16:0028BDC8,17:0028B260,18:00292AC0
func_00232278	exe	1704	6eea79f304b2d700	19	00:00293050,01:002A6A68,02:00292710,03:0027F8B0,04:00283E78,05:002BB748,06:002A00C8,07:002B9C28,08:0029B300,09:002AF8A0,10:00283A60,11:002B5E68,12:002A9808,13:0029D370,14:002993A8,15:00280ED8,16:0028BE40,17:0028B2D8,18:00292B38
func_00232920	exe	224	a0f10956200faa89	19	00:002936F8,01:002A7110,02:00292DB8,03:0027FF58,04:00284520,05:002BBDF0,06:002A0770,07:002BA2D0,08:0029B9A8,09:002AFF48,10:00284108,11:002B6510,12:002A9EB0,13:0029DA18,14:00299A50,15:00281580,16:0028C4E8,17:0028B980,18:002931E0
func_00232A00	exe	396	39104ca61a2a42f2	19	00:002937D8,01:002A71F0,02:00292E98,03:00280038,04:00284600,05:002BBED0,06:002A0850,07:002BA3B0,08:0029BA88,09:002B0028,10:002841E8,11:002B65F0,12:002A9F90,13:0029DAF8,14:00299B30,15:00281660,16:0028C5C8,17:0028BA60,18:002932C0
func_00232B90	exe	860	94545dd5b1e5b5b9	19	00:00293968,01:002A7380,02:00293028,03:002801C8,04:00284790,05:002BC060,06:002A09E0,07:002BA540,08:0029BC18,09:002B01B8,10:00284378,11:002B6780,12:002AA120,13:0029DC88,14:00299CC0,15:002817F0,16:0028C758,17:0028BBF0,18:00293450
func_00232EF0	exe	1048	f51b4a9f0667c32a	19	00:00293CC8,01:002A76E0,02:00293388,03:00280528,04:00284AF0,05:002BC3C0,06:002A0D40,07:002BA8A0,08:0029BF78,09:002B0518,10:002846D8,11:002B6AE0,12:002AA480,13:0029DFE8,14:0029A020,15:00281B50,16:0028CAB8,17:0028BF50,18:002937B0
func_00233308	exe	1968	f1cdd196d418e96f	19	00:002940E0,01:002A7AF8,02:002937A0,03:00280940,04:00284F08,05:002BC7D8,06:002A1158,07:002BACB8,08:0029C390,09:002B0930,10:00284AF0,11:002B6EF8,12:002AA898,13:0029E400,14:0029A438,15:00281F68,16:0028CED0,17:0028C368,18:00293BC8
func_00233AB8	exe	1344	8f6e44ab3366a871	19	00:00294890,01:002A82A8,02:00293F50,03:002810F0,04:002856B8,05:002BCF88,06:002A1908,07:002BB468,08:0029CB40,09:002B10E0,10:002852A0,11:002B76A8,12:002AB048,13:0029EBB0,14:0029ABE8,15:00282718,16:0028D680,17:0028CB18,18:00294378
func_00233FF8	exe	28	8a03e8bb57c8250c	19	00:00294DD0,01:002A87E8,02:00294490,03:00281630,04:00285BF8,05:002BD4C8,06:002A1E48,07:002BB9A8,08:0029D080,09:002B1620,10:002857E0,11:002B7BE8,12:002AB588,13:0029F0F0,14:0029B128,15:00282C58,16:0028DBC0,17:0028D058,18:002948B8
func_00234018	exe	316	5a76a98f41442707	19	00:00294DF0,01:002A8808,02:002944B0,03:00281650,04:00285C18,05:002BD4E8,06:002A1E68,07:002BB9C8,08:0029D0A0,09:002B1640,10:00285800,11:002B7C08,12:002AB5A8,13:0029F110,14:0029B148,15:00282C78,16:0028DBE0,17:0028D078,18:002948D8
func_00234158	exe	224	b014329ed913626e	19	00:00294F30,01:002A8948,02:002945F0,03:00281790,04:00285D58,05:002BD628,06:002A1FA8,07:002BBB08,08:0029D1E0,09:002B1780,10:00285940,11:002B7D48,12:002AB6E8,13:0029F250,14:0029B288,15:00282DB8,16:0028DD20,17:0028D1B8,18:00294A18
func_L00_00295010	shared	128	1a928ae49966ea39	19	00:00295010,01:002A8A28,02:002946D0,03:00281870,04:00285E38,05:002BD708,06:002A2088,07:002BBBE8,08:0029D2C0,09:002B1860,10:00285A20,11:002B7E28,12:002AB7C8,13:0029F330,14:0029B368,15:00282E98,16:0028DE00,17:0028D298,18:00294AF8
func_00234238	exe	280	07f82a31d664304d	19	00:00295090,01:002A8AA8,02:00294750,03:002818F0,04:00285EB8,05:002BD788,06:002A2108,07:002BBC68,08:0029D340,09:002B18E0,10:00285AA0,11:002B7EA8,12:002AB848,13:0029F3B0,14:0029B3E8,15:00282F18,16:0028DE80,17:0028D318,18:00294B78
func_L00_002951A8	shared	32	97264b8677b0003a	19	00:002951A8,01:002A8BC0,02:00294868,03:00281A08,04:00285FD0,05:002BD8A0,06:002A2220,07:002BBD80,08:0029D458,09:002B19F8,10:00285BB8,11:002B7FC0,12:002AB960,13:0029F4C8,14:0029B500,15:00283030,16:0028DF98,17:0028D430,18:00294C90
func_00234380	exe	344	4a3342b1334bba95	19	00:002951D8,01:002A8BF0,02:00294898,03:00281A38,04:00286000,05:002BD8D0,06:002A2250,07:002BBDB0,08:0029D488,09:002B1A28,10:00285BE8,11:002B7FF0,12:002AB990,13:0029F4F8,14:0029B530,15:00283060,16:0028DFC8,17:0028D460,18:00294CC0
func_002344D8	exe	324	73829e2626db521e	19	00:00295330,01:002A8D48,02:002949F0,03:00281B90,04:00286158,05:002BDA28,06:002A23A8,07:002BBF08,08:0029D5E0,09:002B1B80,10:00285D40,11:002B8148,12:002ABAE8,13:0029F650,14:0029B688,15:002831B8,16:0028E120,17:0028D5B8,18:00294E18
func_00234620	exe	156	887a8ce3bf6c77f3	19	00:00295478,01:002A8E90,02:00294B38,03:00281CD8,04:002862A0,05:002BDB70,06:002A24F0,07:002BC050,08:0029D728,09:002B1CC8,10:00285E88,11:002B8290,12:002ABC30,13:0029F798,14:0029B7D0,15:00283300,16:0028E268,17:0028D700,18:00294F60
func_002346C0	exe	296	e89406eebc72965e	19	00:00295518,01:002A8F30,02:00294BD8,03:00281D78,04:00286340,05:002BDC10,06:002A2590,07:002BC0F0,08:0029D7C8,09:002B1D68,10:00285F28,11:002B8330,12:002ABCD0,13:0029F838,14:0029B870,15:002833A0,16:0028E308,17:0028D7A0,18:00295000
func_002352C8	exe	3112	41075496bca9bb19	19	00:00295640,01:002A9058,02:00294D00,03:00281EA0,04:00286468,05:002BDD38,06:002A26B8,07:002BC218,08:0029D8F0,09:002B1E90,10:00286050,11:002B8458,12:002ABDF8,13:0029F960,14:0029B998,15:002834C8,16:0028E430,17:0028D8C8,18:00295128
func_00235EF0	exe	364	788eb89c54e060ef	19	00:00296268,01:002A9C80,02:00295928,03:00282AC8,04:00287090,05:002BE960,06:002A32E0,07:002BCE40,08:0029E518,09:002B2AB8,10:00286C78,11:002B9080,12:002ACA20,13:002A0588,14:0029C5C0,15:002840F0,16:0028F058,17:0028E4F0,18:00295D50
func_L00_002963D8	shared	584	b48f23a6c1e94ee8	19	00:002963D8,01:002A9DF0,02:00295A98,03:00282C38,04:00287200,05:002BEAD0,06:002A3450,07:002BCFB0,08:0029E688,09:002B2C28,10:00286DE8,11:002B91F0,12:002ACB90,13:002A06F8,14:0029C730,15:00284260,16:0028F1C8,17:0028E660,18:00295EC0
func_L00_00296620	shared	8	f3ef143427f24ede	19	00:00296620,01:002AA038,02:00295CE0,03:00282E80,04:00287448,05:002BED18,06:002A3698,07:002BD1F8,08:0029E8D0,09:002B2E70,10:00287030,11:002B9438,12:002ACDD8,13:002A0940,14:0029C978,15:002844A8,16:0028F410,17:0028E8A8,18:00296108
func_002362B0	exe	1700	5752da8f968acfe4	19	00:00296628,01:002AA040,02:00295CE8,03:00282E88,04:00287450,05:002BED20,06:002A36A0,07:002BD200,08:0029E8D8,09:002B2E78,10:00287038,11:002B9440,12:002ACDE0,13:002A0948,14:0029C980,15:002844B0,16:0028F418,17:0028E8B0,18:00296110
func_00236A98	exe	192	bbd2c4ab7ef0a4ef	19	00:00296E10,01:002AA828,02:002964D0,03:00283670,04:00287C38,05:002BF508,06:002A3E88,07:002BD9E8,08:0029F0C0,09:002B3660,10:00287820,11:002B9C28,12:002AD5C8,13:002A1130,14:0029D168,15:00284C98,16:0028FC00,17:0028F098,18:002968F8
func_00236B58	exe	84	c386d94fddef79b9	19	00:00296ED0,01:002AA8E8,02:00296590,03:00283730,04:00287CF8,05:002BF5C8,06:002A3F48,07:002BDAA8,08:0029F180,09:002B3720,10:002878E0,11:002B9CE8,12:002AD688,13:002A11F0,14:0029D228,15:00284D58,16:0028FCC0,17:0028F158,18:002969B8
func_00236BB0	exe	44	309c49dfab532081	19	00:00296F28,01:002AA940,02:002965E8,03:00283788,04:00287D50,05:002BF620,06:002A3FA0,07:002BDB00,08:0029F1D8,09:002B3778,10:00287938,11:002B9D40,12:002AD6E0,13:002A1248,14:0029D280,15:00284DB0,16:0028FD18,17:0028F1B0,18:00296A10
func_00236BE0	exe	200	5bd1a5a8e4a3748f	19	00:00296F58,01:002AA970,02:00296618,03:002837B8,04:00287D80,05:002BF650,06:002A3FD0,07:002BDB30,08:0029F208,09:002B37A8,10:00287968,11:002B9D70,12:002AD710,13:002A1278,14:0029D2B0,15:00284DE0,16:0028FD48,17:0028F1E0,18:00296A40
func_00236CA8	exe	600	95026cd1a7fc2a95	19	00:00297020,01:002AAA38,02:002966E0,03:00283880,04:00287E48,05:002BF718,06:002A4098,07:002BDBF8,08:0029F2D0,09:002B3870,10:00287A30,11:002B9E38,12:002AD7D8,13:002A1340,14:0029D378,15:00284EA8,16:0028FE10,17:0028F2A8,18:00296B08
func_00236F00	exe	5332	a4a5d0a8e0b47e45	19	00:00297278,01:002AAC90,02:00296938,03:00283AD8,04:002880A0,05:002BF970,06:002A42F0,07:002BDE50,08:0029F528,09:002B3AC8,10:00287C88,11:002BA090,12:002ADA30,13:002A1598,14:0029D5D0,15:00285100,16:00290068,17:0028F500,18:00296D60
func_002383D8	exe	684	98d2cee1d91ba3e3	19	00:00298750,01:002AC168,02:00297E10,03:00284FB0,04:00289578,05:002C0E48,06:002A57C8,07:002BF328,08:002A0A00,09:002B4FA0,10:00289160,11:002BB568,12:002AEF08,13:002A2A70,14:0029EAA8,15:002865D8,16:00291540,17:002909D8,18:00298238
func_00238688	exe	1788	6d79f8dc995c3681	19	00:00298A00,01:002AC418,02:002980C0,03:00285260,04:00289828,05:002C10F8,06:002A5A78,07:002BF5D8,08:002A0CB0,09:002B5250,10:00289410,11:002BB818,12:002AF1B8,13:002A2D20,14:0029ED58,15:00286888,16:002917F0,17:00290C88,18:002984E8
func_L00_00299108	shared	64	26f64ebefaa4e265	19	00:00299108,01:002ACB20,02:002987C8,03:00285968,04:00289F30,05:002C1800,06:002A6180,07:002BFCE0,08:002A13B8,09:002B5958,10:00289B18,11:002BBF20,12:002AF8C0,13:002A3428,14:0029F460,15:00286F90,16:00291EF8,17:00291390,18:00298BF0
func_L00_00299148	shared	260	2ce2f25f8c66a007	19	00:00299148,01:002ACB60,02:00298808,03:002859A8,04:00289F70,05:002C1840,06:002A61C0,07:002BFD20,08:002A13F8,09:002B5998,10:00289B58,11:002BBF60,12:002AF900,13:002A3468,14:0029F4A0,15:00286FD0,16:00291F38,17:002913D0,18:00298C30
func_L00_00299250	shared	2328	9019bb5605765eeb	19	00:00299250,01:002ACC68,02:00298910,03:00285AB0,04:0028A078,05:002C1948,06:002A62C8,07:002BFE28,08:002A1500,09:002B5AA0,10:00289C60,11:002BC068,12:002AFA08,13:002A3570,14:0029F5A8,15:002870D8,16:00292040,17:002914D8,18:00298D38
func_L00_00299B68	shared	772	0fcf772a3582c521	19	00:00299B68,01:002AD580,02:00299228,03:002863C8,04:0028A990,05:002C2260,06:002A6BE0,07:002C0740,08:002A1E18,09:002B63B8,10:0028A578,11:002BC980,12:002B0320,13:002A3E88,14:0029FEC0,15:002879F0,16:00292958,17:00291DF0,18:00299650
func_L00_00299E70	shared	740	cf99f16a07d2498b	19	00:00299E70,01:002AD888,02:00299530,03:002866D0,04:0028AC98,05:002C2568,06:002A6EE8,07:002C0A48,08:002A2120,09:002B66C0,10:0028A880,11:002BCC88,12:002B0628,13:002A4190,14:002A01C8,15:00287CF8,16:00292C60,17:002920F8,18:00299958
func_L00_0029A158	shared	424	7dbd5a21ca63fe44	19	00:0029A158,01:002ADB70,02:00299818,03:002869B8,04:0028AF80,05:002C2850,06:002A71D0,07:002C0D30,08:002A2408,09:002B69A8,10:0028AB68,11:002BCF70,12:002B0910,13:002A4478,14:002A04B0,15:00287FE0,16:00292F48,17:002923E0,18:00299C40
func_L00_0029A300	shared	1228	4da1b470af7a9263	19	00:0029A300,01:002ADD18,02:002999C0,03:00286B60,04:0028B128,05:002C29F8,06:002A7378,07:002C0ED8,08:002A25B0,09:002B6B50,10:0028AD10,11:002BD118,12:002B0AB8,13:002A4620,14:002A0658,15:00288188,16:002930F0,17:00292588,18:00299DE8
func_L00_0029A7D0	shared	152	a9229bb769e7c1c8	19	00:0029A7D0,01:002AE1E8,02:00299E90,02:00299F28,03:00287030,04:0028B5F8,05:002C2EC8,06:002A7848,07:002C13A8,08:002A2A80,08:002A2B18,09:002B7020,10:0028B1E0,11:002BD5E8,12:002B0F88,13:002A4AF0,14:002A0B28,15:00288658,16:002935C0,16:00293658,17:00292A58,18:0029A2B8
func_L00_0029A868	shared	104	68adb2e4c1b39532	19	00:0029A868,01:002AE280,02:00299FC0,03:002870C8,04:0028B690,05:002C2F60,06:002A78E0,07:002C1440,08:002A2BB0,09:002B70B8,10:0028B278,11:002BD680,12:002B1020,13:002A4B88,14:002A0BC0,15:002886F0,16:002936F0,17:00292AF0,18:0029A350
func_L00_0029A8D0	shared	108	1bd65c7ce8192953	19	00:0029A8D0,01:002AE2E8,02:0029A028,03:00287130,04:0028B6F8,05:002C2FC8,06:002A7948,07:002C14A8,08:002A2C18,09:002B7120,10:0028B2E0,11:002BD6E8,12:002B1088,13:002A4BF0,14:002A0C28,15:00288758,16:00293758,17:00292B58,18:0029A3B8
func_L00_0029A940	shared	504	7e4fa8963734cccf	19	00:0029A940,01:002AE358,02:0029A098,03:002871A0,04:0028B768,05:002C3038,06:002A79B8,07:002C1518,08:002A2C88,09:002B7190,10:0028B350,11:002BD758,12:002B10F8,13:002A4C60,14:002A0C98,15:002887C8,16:002937C8,17:00292BC8,18:0029A428
func_L00_0029AB38	shared	480	a6896ab9f4db5dab	19	00:0029AB38,01:002AE550,02:0029A290,03:00287398,04:0028B960,05:002C3230,06:002A7BB0,07:002C1710,08:002A2E80,09:002B7388,10:0028B548,11:002BD950,12:002B12F0,13:002A4E58,14:002A0E90,15:002889C0,16:002939C0,17:00292DC0,18:0029A620
func_L00_0029AD18	shared	188	014fa30fd4eb17f2	19	00:0029AD18,01:002AE730,02:0029A470,03:00287578,04:0028BB40,05:002C3410,06:002A7D90,07:002C18F0,08:002A3060,09:002B7568,10:0028B728,11:002BDB30,12:002B14D0,13:002A5038,14:002A1070,15:00288BA0,16:00293BA0,17:00292FA0,18:0029A800
func_L00_0029ADD8	shared	404	7ec36ea46534e72f	19	00:0029ADD8,01:002AE7F0,02:0029A530,03:00287638,04:0028BC00,05:002C34D0,06:002A7E50,07:002C19B0,08:002A3120,09:002B7628,10:0028B7E8,11:002BDBF0,12:002B1590,13:002A50F8,14:002A1130,15:00288C60,16:00293C60,17:00293060,18:0029A8C0
func_L00_0029AF70	shared	72	e6a4fe049b68e372	19	00:0029AF70,01:002AE988,02:0029A6C8,03:002877D0,04:0028BD98,05:002C3668,06:002A7FE8,07:002C1B48,08:002A32B8,09:002B77C0,10:0028B980,11:002BDD88,12:002B1728,13:002A5290,14:002A12C8,15:00288DF8,16:00293DF8,17:002931F8,18:0029AA58
func_L00_0029AFB8	shared	756	702fde6fb85ccf87	19	00:0029AFB8,01:002AE9D0,02:0029A710,03:00287818,04:0028BDE0,05:002C36B0,06:002A8030,07:002C1B90,08:002A3300,09:002B7808,10:0028B9C8,11:002BDDD0,12:002B1770,13:002A52D8,14:002A1310,15:00288E40,16:00293E40,17:00293240,18:0029AAA0
func_00238D90	exe	516	75970663ed1ab221	19	00:0029B2B0,01:002AECC8,02:0029AA08,03:00287B10,04:0028C0D8,05:002C39A8,06:002A8328,07:002C1E88,08:002A35F8,09:002B7B00,10:0028BCC0,11:002BE0C8,12:002B1A68,13:002A55D0,14:002A1608,15:00289138,16:00294138,17:00293538,18:0029AD98
func_00238F98	exe	484	ba08f168291941be	19	00:0029B4B8,01:002AEED0,02:0029AC10,03:00287D18,04:0028C2E0,05:002C3BB0,06:002A8530,07:002C2090,08:002A3800,09:002B7D08,10:0028BEC8,11:002BE2D0,12:002B1C70,13:002A57D8,14:002A1810,15:00289340,16:00294340,17:00293740,18:0029AFA0
func_L00_0029B6A0	shared	204	e2b06b62f5ee68cb	19	00:0029B6A0,01:002AF0B8,02:0029ADF8,03:00287F00,04:0028C4C8,05:002C3D98,06:002A8718,07:002C2278,08:002A39E8,09:002B7EF0,10:0028C0B0,11:002BE4B8,12:002B1E58,13:002A59C0,14:002A19F8,15:00289528,16:00294528,17:00293928,18:0029B188
func_L00_0029B770	shared	684	cea6d62865f3ad44	19	00:0029B770,01:002AF188,02:0029AEC8,03:00287FD0,04:0028C598,05:002C3E68,06:002A87E8,07:002C2348,08:002A3AB8,09:002B7FC0,10:0028C180,11:002BE588,12:002B1F28,13:002A5A90,14:002A1AC8,15:002895F8,16:002945F8,17:002939F8,18:0029B258
func_L00_0029BA20	shared	1208	262c2806d71a78e8	19	00:0029BA20,01:002AF438,02:0029B178,03:00288280,04:0028C848,05:002C4118,06:002A8A98,07:002C25F8,08:002A3D68,09:002B8270,10:0028C430,11:002BE838,12:002B21D8,13:002A5D40,14:002A1D78,15:002898A8,16:002948A8,17:00293CA8,18:0029B508
func_L00_0029BED8	shared	404	e0bcc041aeb2d6b1	19	00:0029BED8,01:002AF8F0,02:0029B630,03:00288738,04:0028CD00,05:002C45D0,06:002A8F50,07:002C2AB0,08:002A4220,09:002B8728,10:0028C8E8,11:002BECF0,12:002B2690,13:002A61F8,14:002A2230,15:00289D60,16:00294D60,17:00294160,18:0029B9C0
func_L00_0029C070	shared	628	6c832bc7dbefd1a3	19	00:0029C070,01:002AFA88,02:0029B7C8,03:002888D0,04:0028CE98,05:002C4768,06:002A90E8,07:002C2C48,08:002A43B8,09:002B88C0,10:0028CA80,11:002BEE88,12:002B2828,13:002A6390,14:002A23C8,15:00289EF8,16:00294EF8,17:002942F8,18:0029BB58
func_L00_0029C2E8	shared	236	11ff99877bc8f4d5	19	00:0029C2E8,01:002AFF80,02:0029BA40,03:00288B48,04:0028D110,05:002C49E0,06:002A9360,07:002C2EC0,08:002A4630,09:002B8B38,10:0028CCF8,11:002BF100,12:002B2AA0,13:002A6888,14:002A2640,15:0028A170,16:00295170,17:00294570,18:0029BDD0
func_002391A8	exe	60	e68ca87d7d3150d9	19	00:0029C3D8,01:002B0070,02:0029BB30,03:00288C38,04:0028D200,05:002C4AD0,06:002A9450,07:002C2FB0,08:002A4720,09:002B8C28,10:0028CDE8,11:002BF1F0,12:002B2B90,13:002A6978,14:002A2730,15:0028A260,16:00295260,17:00294660,18:0029BEC0
func_002391E8	exe	1060	ce553868b3e4ca2a	19	00:0029C418,01:002B00B0,02:0029BB70,03:00288C78,04:0028D240,05:002C4B10,06:002A9490,07:002C2FF0,08:002A4760,09:002B8C68,10:0028CE28,11:002BF230,12:002B2BD0,13:002A69B8,14:002A2770,15:0028A2A0,16:002952A0,17:002946A0,18:0029BF00
func_L00_0029C840	shared	420	a3ef2c90f333accd	19	00:0029C840,01:002B04D8,02:0029BF98,03:002890A0,04:0028D668,05:002C4F38,06:002A98B8,07:002C3418,08:002A4B88,09:002B9090,10:0028D250,11:002BF658,12:002B2FF8,13:002A6DE0,14:002A2B98,15:0028A6C8,16:002956C8,17:00294AC8,18:0029C328
func_L00_0029C9E8	shared	1012	fc8403228aea7a10	19	00:0029C9E8,01:002B0680,02:0029C140,03:00289248,04:0028D810,05:002C50E0,06:002A9A60,07:002C35C0,08:002A4D30,09:002B9238,10:0028D3F8,11:002BF800,12:002B31A0,13:002A6F88,14:002A2D40,15:0028A870,16:00295870,17:00294C70,18:0029C4D0
func_L00_0029CDE0	shared	2984	f45ffe759dce4bd5	19	00:0029CDE0,01:002B0A78,02:0029C538,03:00289640,04:0028DC08,05:002C54D8,06:002A9E58,07:002C39B8,08:002A5128,09:002B9630,10:0028D7F0,11:002BFBF8,12:002B3598,13:002A7380,14:002A3138,15:0028AC68,16:00295C68,17:00295068,18:0029C8C8
func_L00_0029D988	shared	5164	0933fb6d5cc88ba0	19	00:0029D988,01:002B1620,02:0029D0E0,03:0028A1E8,04:0028E7B0,05:002C6080,06:002AAA00,07:002C4560,08:002A5CD0,09:002BA1D8,10:0028E398,11:002C07A0,12:002B4140,13:002A7F28,14:002A3CE0,15:0028B810,16:00296810,17:00295C10,18:0029D470
func_00239628	exe	528	599f06cdaa64fa95	19	00:0029EDB8,01:002B2A50,02:0029E510,03:0028B618,04:0028FBE0,05:002C74B0,06:002ABE30,07:002C5990,08:002A7100,09:002BB608,10:0028F7C8,11:002C1BD0,12:002B5570,13:002A9358,14:002A5110,15:0028CC40,16:00297C40,17:00297040,18:0029E8A0
func_00239838	exe	268	2f1a42b269f110b8	19	00:0029EFC8,01:002B2C60,02:0029E720,03:0028B828,04:0028FDF0,05:002C76C0,06:002AC040,07:002C5BA0,08:002A7310,09:002BB818,10:0028F9D8,11:002C1DE0,12:002B5780,13:002A9568,14:002A5320,15:0028CE50,16:00297E50,17:00297250,18:0029EAB0
func_00239948	exe	88	96bb56d71f735b90	19	00:0029F0D8,01:002B2D70,02:0029E830,03:0028B938,04:0028FF00,05:002C77D0,06:002AC150,07:002C5CB0,08:002A7420,09:002BB928,10:0028FAE8,11:002C1EF0,12:002B5890,13:002A9678,14:002A5430,15:0028CF60,16:00297F60,17:00297360,18:0029EBC0
func_002399A0	exe	96	e3274638235c4463	19	00:0029F130,01:002B2DC8,02:0029E888,03:0028B990,04:0028FF58,05:002C7828,06:002AC1A8,07:002C5D08,08:002A7478,09:002BB980,10:0028FB40,11:002C1F48,12:002B58E8,13:002A96D0,14:002A5488,15:0028CFB8,16:00297FB8,17:002973B8,18:0029EC18
func_00239A00	exe	756	05f30703c3804117	19	00:0029F190,01:002B2E28,02:0029E8E8,03:0028B9F0,04:0028FFB8,05:002C7888,06:002AC208,07:002C5D68,08:002A74D8,09:002BB9E0,10:0028FBA0,11:002C1FA8,12:002B5948,13:002A9730,14:002A54E8,15:0028D018,16:00298018,17:00297418,18:0029EC78
func_00239CF8	exe	1316	97b9f33ad707a2cb	19	00:0029F488,01:002B3120,02:0029EBE0,03:0028BCE8,04:002902B0,05:002C7B80,06:002AC500,07:002C6060,08:002A77D0,09:002BBCD8,10:0028FE98,11:002C22A0,12:002B5C40,13:002A9A28,14:002A57E0,15:0028D310,16:00298310,17:00297710,18:0029EF70
func_0023A220	exe	600	789b603e32107dd0	19	00:0029F9B0,01:002B3648,02:0029F108,03:0028C210,04:002907D8,05:002C80A8,06:002ACA28,07:002C6588,08:002A7CF8,09:002BC200,10:002903C0,11:002C27C8,12:002B6168,13:002A9F50,14:002A5D08,15:0028D838,16:00298838,17:00297C38,18:0029F498
func_0023A478	exe	348	f104a6a3f02ac1aa	19	00:0029FC08,01:002B38A0,02:0029F360,03:0028C468,04:00290A30,05:002C8300,06:002ACC80,07:002C67E0,08:002A7F50,09:002BC458,10:00290618,11:002C2A20,12:002B63C0,13:002AA1A8,14:002A5F60,15:0028DA90,16:00298A90,17:00297E90,18:0029F6F0
func_L00_0029FD68	shared	1164	04eb31f797d73e1d	19	00:0029FD68,01:002B3A00,02:0029F4C0,03:0028C5C8,04:00290B90,05:002C8460,06:002ACDE0,07:002C6940,08:002A80B0,09:002BC5B8,10:00290778,11:002C2B80,12:002B6520,13:002AA308,14:002A60C0,15:0028DBF0,16:00298BF0,17:00297FF0,18:0029F850
func_0023A5E0	exe	868	d9dc079b37761b1a	19	00:002A01F8,01:002B3E90,02:0029F950,03:0028CA58,04:00291020,05:002C88F0,06:002AD270,07:002C6DD0,08:002A8540,09:002BCA48,10:00290C08,11:002C3010,12:002B69B0,13:002AA798,14:002A6550,15:0028E080,16:00299080,17:00298480,18:0029FCE0
func_0023A948	exe	188	74f184b5ccf266b2	19	00:002A0560,01:002B41F8,02:0029FCB8,03:0028CDC0,04:00291388,05:002C8C58,06:002AD5D8,07:002C7138,08:002A88A8,09:002BCDB0,10:00290F70,11:002C3378,12:002B6D18,13:002AAB00,14:002A68B8,15:0028E3E8,16:002993E8,17:002987E8,18:002A0048
func_0023AA38	exe	1484	5e9d75500ebe3d2d	19	00:002A0650,01:002B42E8,02:0029FDA8,03:0028CEB0,04:00291478,05:002C8D48,06:002AD6C8,07:002C7228,08:002A8998,09:002BCEA0,10:00291060,11:002C3468,12:002B6E08,13:002AABF0,14:002A69A8,15:0028E4D8,16:002994D8,17:002988D8,18:002A0138
func_L00_002A0C20	shared	832	a012496b8383384c	19	00:002A0C20,01:002B48B8,02:002A0378,03:0028D480,04:00291A48,05:002C9318,06:002ADC98,07:002C77F8,08:002A8F68,09:002BD470,10:00291630,11:002C3A38,12:002B73D8,13:002AB1C0,14:002A6F78,15:0028EAA8,16:00299AA8,17:00298EA8,18:002A0708
func_L00_002A0F60	shared	644	bf7c0ff68a32ee46	19	00:002A0F60,01:002B4BF8,02:002A06B8,03:0028D7C0,04:00291D88,05:002C9658,06:002ADFD8,07:002C7B38,08:002A92A8,09:002BD7B0,10:00291970,11:002C3D78,12:002B7718,13:002AB500,14:002A72B8,15:0028EDE8,16:00299DE8,17:002991E8,18:002A0A48
func_L00_002A11E8	shared	852	2ef965770c07ff43	19	00:002A11E8,01:002B4E80,02:002A0940,03:0028DA48,04:00292010,05:002C98E0,06:002AE260,07:002C7DC0,08:002A9530,09:002BDA38,10:00291BF8,11:002C4000,12:002B79A0,13:002AB788,14:002A7540,15:0028F070,16:0029A070,17:00299470,18:002A0CD0
func_L00_002A1540	shared	1096	c8468bcbc1320291	19	00:002A1540,01:002B51D8,02:002A0C98,03:0028DDA0,04:00292368,05:002C9C38,06:002AE5B8,07:002C8118,08:002A9888,09:002BDD90,10:00291F50,11:002C4358,12:002B7CF8,13:002ABAE0,14:002A7898,15:0028F3C8,16:0029A3C8,17:002997C8,18:002A1028
func_002347F0	exe	200	b59ce1ad8b9731a5	19	00:002A1990,01:002B5628,02:002A10E8,03:0028E1F0,04:002927B8,05:002CA088,06:002AEA08,07:002C8568,08:002A9CD8,09:002BE1E0,10:002923A0,11:002C47A8,12:002B8148,13:002ABF30,14:002A7CE8,15:0028F818,16:0029A818,17:00299C18,18:002A1478
func_002348B8	exe	44	acb0523b7640c391	19	00:002A1A58,01:002B56F0,02:002A11B0,03:0028E2B8,04:00292880,05:002CA150,06:002AEAD0,07:002C8630,08:002A9DA0,09:002BE2A8,10:00292468,11:002C4870,12:002B8210,13:002ABFF8,14:002A7DB0,15:0028F8E0,16:0029A8E0,17:00299CE0,18:002A1540
func_002348E8	exe	92	b4cb5f8d587d3612	19	00:002A1A88,01:002B5720,02:002A11E0,03:0028E2E8,04:002928B0,05:002CA180,06:002AEB00,07:002C8660,08:002A9DD0,09:002BE2D8,10:00292498,11:002C48A0,12:002B8240,13:002AC028,14:002A7DE0,15:0028F910,16:0029A910,17:00299D10,18:002A1570
func_00234948	exe	112	8ba0eab5fc70be12	19	00:002A1AE8,01:002B5780,02:002A1240,03:0028E348,04:00292910,05:002CA1E0,06:002AEB60,07:002C86C0,08:002A9E30,09:002BE338,10:002924F8,11:002C4900,12:002B82A0,13:002AC088,14:002A7E40,15:0028F970,16:0029A970,17:00299D70,18:002A15D0
func_002349B8	exe	272	bc3b7bcb81ea7b1d	19	00:002A1B58,01:002B57F0,02:002A12B0,03:0028E3B8,04:00292980,05:002CA250,06:002AEBD0,07:002C8730,08:002A9EA0,09:002BE3A8,10:00292568,11:002C4970,12:002B8310,13:002AC0F8,14:002A7EB0,15:0028F9E0,16:0029A9E0,17:00299DE0,18:002A1640
func_00234AC8	exe	128	b0257f7e13b6fd62	19	00:002A1C68,01:002B5900,02:002A13C0,03:0028E4C8,04:00292A90,05:002CA360,06:002AECE0,07:002C8840,08:002A9FB0,09:002BE4B8,10:00292678,11:002C4A80,12:002B8420,13:002AC208,14:002A7FC0,15:0028FAF0,16:0029AAF0,17:00299EF0,18:002A1750
func_00234B48	exe	76	86a4f7d69a589a1c	19	00:002A1CE8,01:002B5980,02:002A1440,03:0028E548,04:00292B10,05:002CA3E0,06:002AED60,07:002C88C0,08:002AA030,09:002BE538,10:002926F8,11:002C4B00,12:002B84A0,13:002AC288,14:002A8040,15:0028FB70,16:0029AB70,17:00299F70,18:002A17D0
func_00234BA0	exe	164	2b739629798ae677	19	00:002A1D40,01:002B59D8,02:002A1498,03:0028E5A0,04:00292B68,05:002CA438,06:002AEDB8,07:002C8918,08:002AA088,09:002BE590,10:00292750,11:002C4B58,12:002B84F8,13:002AC2E0,14:002A8098,15:0028FBC8,16:0029ABC8,17:00299FC8,18:002A1828
func_00234C50	exe	72	525d7f80635ab463	19	00:002A1DF0,01:002B5A88,02:002A1548,03:0028E650,04:00292C18,05:002CA4E8,06:002AEE68,07:002C89C8,08:002AA138,09:002BE640,10:00292800,11:002C4C08,12:002B85A8,13:002AC390,14:002A8148,15:0028FC78,16:0029AC78,17:0029A078,18:002A18D8
func_00234C98	exe	180	ef59d2ef8a086430	19	00:002A1E38,01:002B5AD0,02:002A1590,03:0028E698,04:00292C60,05:002CA530,06:002AEEB0,07:002C8A10,08:002AA180,09:002BE688,10:00292848,11:002C4C50,12:002B85F0,13:002AC3D8,14:002A8190,15:0028FCC0,16:0029ACC0,17:0029A0C0,18:002A1920
func_00234D58	exe	284	25ce93d8d15173c6	19	00:002A1EF8,01:002B5B90,02:002A1650,03:0028E758,04:00292D20,05:002CA5F0,06:002AEF70,07:002C8AD0,08:002AA240,09:002BE748,10:00292908,11:002C4D10,12:002B86B0,13:002AC498,14:002A8250,15:0028FD80,16:0029AD80,17:0029A180,18:002A19E0
func_L00_002A21A8	shared	172	b88dc09582f2c4ec	19	00:002A21A8,01:002B5E40,02:002A1900,03:0028EA08,04:00292FD0,05:002CA8A0,06:002AF220,07:002C8D80,08:002AA4F0,09:002BE9F8,10:00292BB8,11:002C4FC0,12:002B8960,13:002AC748,14:002A8500,15:00290030,16:0029B030,17:0029A430,18:002A1C90
func_L00_002A2258	shared	348	31f5f47c70bea924	19	00:002A2258,01:002B5EF0,02:002A19B0,03:0028EAB8,04:00293080,05:002CA950,06:002AF2D0,07:002C8E30,08:002AA5A0,09:002BEAA8,10:00292C68,11:002C5070,12:002B8A10,13:002AC7F8,14:002A85B0,15:002900E0,16:0029B0E0,17:0029A4E0,18:002A1D40
func_00235018	exe	144	4f5508c32ea11f8c	19	00:002A23B8,01:002B6050,02:002A1B10,03:0028EC18,04:002931E0,05:002CAAB0,06:002AF430,07:002C8F90,08:002AA700,09:002BEC08,10:00292DC8,11:002C51D0,12:002B8B70,13:002AC958,14:002A8710,15:00290240,16:0029B240,17:0029A640,18:002A1EA0
func_002350A8	exe	112	8464038ae78da091	19	00:002A2448,01:002B60E0,02:002A1BA0,03:0028ECA8,04:00293270,05:002CAB40,06:002AF4C0,07:002C9020,08:002AA790,09:002BEC98,10:00292E58,11:002C5260,12:002B8C00,13:002AC9E8,14:002A87A0,15:002902D0,16:0029B2D0,17:0029A6D0,18:002A1F30
func_00235118	exe	252	73e743a39c1dade2	19	00:002A24B8,01:002B6150,02:002A1C10,03:0028ED18,04:002932E0,05:002CABB0,06:002AF530,07:002C9090,08:002AA800,09:002BED08,10:00292EC8,11:002C52D0,12:002B8C70,13:002ACA58,14:002A8810,15:00290340,16:0029B340,17:0029A740,18:002A1FA0
func_00235218	exe	116	22dc09b23e5b0149	19	00:002A25B8,01:002B6250,02:002A1D10,03:0028EE18,04:002933E0,05:002CACB0,06:002AF630,07:002C9190,08:002AA900,09:002BEE08,10:00292FC8,11:002C53D0,12:002B8D70,13:002ACB58,14:002A8910,15:00290440,16:0029B440,17:0029A840,18:002A20A0
func_00235290	exe	52	930b65c7c6f48d12	19	00:002A2630,01:002B62C8,02:002A1D88,03:0028EE90,04:00293458,05:002CAD28,06:002AF6A8,07:002C9208,08:002AA978,09:002BEE80,10:00293040,11:002C5448,12:002B8DE8,13:002ACBD0,14:002A8988,15:002904B8,16:0029B4B8,17:0029A8B8,18:002A2118
func_L00_002A2668	shared	20	2c35e245d6ed0368	18	00:002A2668,01:002B6300,02:002A1DC0,03:0028EEC8,05:002CAD60,06:002AF6E0,07:002C9240,08:002AA9B0,09:002BEEB8,10:00293078,11:002C5480,12:002B8E20,13:002ACC08,14:002A89C0,15:002904F0,16:0029B4F0,17:0029A8F0,18:002A2150
func_L00_002A2680	shared	328	5ffcbe05d30caa27	19	00:002A2680,01:002B6318,02:002A1DD8,03:0028EEE0,04:00293848,05:002CAD78,06:002AF6F8,07:002C9258,08:002AA9C8,09:002BEED0,10:00293090,11:002C5498,12:002B8E38,13:002ACC20,14:002A89D8,15:00290508,16:0029B508,17:0029A908,18:002A2168
func_L00_002A27C8	shared	144	22215724502228fd	19	00:002A27C8,01:002B6460,02:002A1F20,03:0028F028,04:00293E78,05:002CAEC0,06:002AF840,07:002C93A0,08:002AAB10,09:002BF018,10:002931D8,11:002C55E0,12:002B8F80,13:002ACD68,14:002A8B20,15:00290650,16:0029B650,17:0029AA50,18:002A22B0
func_L00_002A2858	shared	168	a0f2bc08b766d6dd	19	00:002A2858,01:002B64F0,02:002A1FB0,03:0028F0B8,04:00294240,05:002CAF50,06:002AF8D0,07:002C9430,08:002AABA0,09:002BF0A8,10:00293268,11:002C5670,12:002B9010,13:002ACDF8,14:002A8BB0,15:002906E0,16:0029B6E0,17:0029AAE0,18:002A2340
func_L00_002A2900	shared	9808	ebd96d256742a9ae	19	00:002A2900,01:002B6598,02:002A2058,03:0028F160,04:002942E8,05:002CAFF8,06:002AF978,07:002C94D8,08:002AAC48,09:002BF150,10:00293310,11:002C5718,12:002B90B8,13:002ACEA0,14:002A8C58,15:00290788,16:0029B788,17:0029AB88,18:002A23E8
func_L00_002A4F50	shared	20	f275680e8bc4d8b0	18	00:002A4F50,01:002B8BE8,02:002A46A8,03:002917B0,05:002CD648,06:002B1FC8,07:002CBB28,08:002AD298,09:002C17A0,10:00295960,11:002C7D68,12:002BB708,13:002AF4F0,14:002AB2A8,15:00292DD8,16:0029DDD8,17:0029D1D8,18:002A4A38
func_0023B018	exe	452	cab12dade18154ba	19	00:002A4F68,01:002B8EE0,02:002A46C0,03:002917C8,04:002971A8,05:002CD940,06:002B1FE0,07:002CBE20,08:002AD2B0,09:002C17B8,10:00295978,11:002C8060,12:002BBA00,13:002AF7E8,14:002AB2C0,15:00292DF0,16:0029DDF0,17:0029D1F0,18:002A4A50
func_L00_002A5138	shared	28	a31ee356d273e04f	13	00:002A5138,02:002A4890,03:00291998,04:00297378,06:002B21B0,08:002AD480,09:002C1988,10:00295B48,14:002AB490,15:00292FC0,16:0029DFC0,17:0029D3C0,18:002A4C20
func_L00_002A5158	shared	1636	c891f8c8faddca34	19	00:002A5158,01:002B9460,02:002A48B0,03:002919B8,04:00297398,05:002CDEA8,06:002B21D0,07:002CC3A0,08:002AD4A0,09:002C19A8,10:00295B68,11:002C85C8,12:002BBF68,13:002AFD68,14:002AB4B0,15:00292FE0,16:0029DFE0,17:0029D3E0,18:002A4C40
func_0023B210	exe	756	139a129768d29fdf	19	00:002A57C0,01:002B9AC8,02:002A4F18,03:00292020,04:00297A00,05:002CE510,06:002B2838,07:002CCA08,08:002ADB08,09:002C2010,10:002961D0,11:002C8C30,12:002BC5D0,13:002B03D0,14:002ABB18,15:00293648,16:0029E648,17:0029DA48,18:002A52A8
func_L00_002A5AC0	shared	92	340b4da590d34a88	8	00:002A5AC0,04:00297D00,06:002B2B38,10:002964D0,15:00293948,16:0029E948,17:0029DD48,18:002A55A8
func_L00_002A5B20	shared	1092	19f68b21c84c82f5	19	00:002A5B20,01:002BAC20,02:002A5AB0,03:00292B30,04:00297D60,05:002CFAD8,06:002B2B98,07:002CDFD0,08:002AE630,09:002C2FE8,10:00296530,11:002C9A30,12:002BD518,13:002B11D0,14:002AC770,15:002939A8,16:0029E9A8,17:0029DDA8,18:002A5608
func_L00_002A5F68	shared	236	608784f3ef09291a	3	00:002A5F68,01:002BB810,14:002ACBB8
func_L00_002A6058	shared	20	4114752c5942889e	3	00:002A6058,01:002BB900,14:002ACCA8
func_L00_002A6070	shared	100	5ecf2a53d9e758cc	19	00:002A6070,01:002BB918,02:002A5EF8,03:00296340,04:002981A8,05:002CFF20,06:002B2FE0,07:002CEA30,08:002AEA78,09:002C3430,10:00296978,11:002C9E78,12:002BD960,13:002B1DC0,14:002AD5F8,15:00293DF0,16:0029EDF0,17:0029E1F0,18:002A5A50
func_L00_002A60D8	shared	504	16fa63cf74d527aa	19	00:002A60D8,01:002BB980,02:002A5F60,03:002963A8,04:00298210,05:002CFF88,06:002B3048,07:002CEA98,08:002AEAE0,09:002C3498,10:002969E0,11:002C9EE0,12:002BD9C8,13:002B1E28,14:002AD660,15:00293E58,16:0029EE58,17:0029E258,18:002A5AB8
func_L00_002A62D0	shared	1896	c6779c811324e596	19	00:002A62D0,01:002BBB78,02:002A6158,03:002966A8,04:00298408,05:002D0180,06:002B3240,07:002CF310,08:002AECD8,09:002C43E0,10:002970C8,11:002CA0D8,12:002BDBC0,13:002B2440,14:002B02D8,15:00294050,16:0029F050,17:0029E450,18:002A5CB0
func_L00_002A6A38	shared	1600	1df3b967759dd541	19	00:002A6A38,01:002BC2E0,02:002A68C0,03:00296E10,04:00298B70,05:002D08E8,06:002B39A8,07:002CFA78,08:002AF440,09:002C4B48,10:00297830,11:002CA840,12:002BE328,13:002B2BA8,14:002B0A40,15:002947B8,16:0029F7B8,17:0029EBB8,18:002A6418
func_L00_002A7078	shared	3480	9c9532735e3f19b6	19	00:002A7078,01:002BC920,02:002A6F00,03:00297450,04:002991B0,05:002D0F28,06:002B3FE8,07:002D00B8,08:002AFA80,09:002C5188,10:00297E70,11:002CAE80,12:002BE968,13:002B31E8,14:002B1080,15:00294DF8,16:0029FDF8,17:0029F1F8,18:002A6A58
func_L00_002A7E10	shared	632	a813f5bf54508bb6	19	00:002A7E10,01:002BD6B8,02:002A7C98,03:002981E8,04:00299F48,05:002D1CC0,06:002B4D80,07:002D0E50,08:002B0818,09:002C5F20,10:00298C08,11:002CBC18,12:002BF700,13:002B3F80,14:002B1E18,15:00295B90,16:002A0B90,17:0029FF90,18:002A77F0
func_L00_002A8088	shared	1064	de659ac85224c408	19	00:002A8088,01:002BD930,02:002A7F10,03:00298460,04:0029A1C0,05:002D1F38,06:002B4FF8,07:002D10C8,08:002B0A90,09:002C6198,10:00298E80,11:002CBE90,12:002BF978,13:002B41F8,14:002B2090,15:00295E08,16:002A0E08,17:002A0208,18:002A7A68
func_L00_002A84B0	shared	552	afc0a94fa4a35d9f	19	00:002A84B0,01:002BDD58,02:002A8338,03:00298888,04:0029A5E8,05:002D2360,06:002B5420,07:002D14F0,08:002B0EB8,09:002C65C0,10:002992A8,11:002CC2B8,12:002BFDA0,13:002B4620,14:002B24B8,15:00296230,16:002A1230,17:002A0630,18:002A7E90
func_L00_002A86D8	shared	836	25047e2657384e10	19	00:002A86D8,01:002BDF80,02:002A8560,03:00298AB0,04:0029A810,05:002D2588,06:002B5648,07:002D1718,08:002B10E0,09:002C67E8,10:002994D0,11:002CC4E0,12:002BFFC8,13:002B4848,14:002B26E0,15:00296458,16:002A1458,17:002A0858,18:002A80B8
func_L00_002A8A20	shared	1260	fb7322d7c4df55a1	19	00:002A8A20,01:002BE640,02:002A88A8,03:00298DF8,04:0029AB58,05:002D3420,06:002B5C30,07:002D1A60,08:002B1428,09:002C7948,10:0029A1E8,11:002CCB90,12:002C0C08,13:002BD4A8,14:002B7260,15:0029C670,16:002A3058,17:002A41B8,18:002A9360
func_L00_002A8F10	shared	284	03645d853aa5b4d2	19	00:002A8F10,01:002BEB30,02:002A8D98,03:002992E8,04:0029B048,05:002D3910,06:002B6120,07:002D1F50,08:002B1918,09:002C7E38,10:0029A6D8,11:002CD080,12:002C10F8,13:002BD998,14:002B7750,15:0029CB60,16:002A3548,17:002A46A8,18:002A9850
func_L00_002A9030	shared	80	c9061340376b633b	19	00:002A9030,01:002BEC50,02:002A8EB8,03:00299408,04:0029B168,05:002D3A30,06:002B6240,07:002D2070,08:002B1A38,09:002C7F58,10:0029A7F8,11:002CD1A0,12:002C1218,13:002BDAB8,14:002B7870,15:0029CC80,16:002A3668,17:002A47C8,18:002A9970
func_L00_002A9080	shared	64	b181d986d9ac7a57	19	00:002A9080,01:002BECA0,02:002A8F08,03:00299458,04:0029B1B8,05:002D3A80,06:002B6290,07:002D20C0,08:002B1A88,09:002C7FA8,10:0029A848,11:002CD1F0,12:002C1268,13:002BDB08,14:002B78C0,15:0029CCD0,16:002A36B8,17:002A4818,18:002A99C0
func_L00_002A90C0	shared	516	ade18a51f72d5005	19	00:002A90C0,01:002BECE0,02:002A8F48,03:00299498,04:0029B1F8,05:002D3AC0,06:002B62D0,07:002D2100,08:002B1AC8,09:002C7FE8,10:0029A888,11:002CD230,12:002C12A8,13:002BDB48,14:002B7900,15:0029CD10,16:002A36F8,17:002A4858,18:002A9A00
func_L00_002A92C8	shared	664	89b5d9ac8e534526	19	00:002A92C8,01:002BEEE8,02:002A9150,03:002996A0,04:0029B400,05:002D3CC8,06:002B64D8,07:002D2308,08:002B1CD0,09:002C81F0,10:0029AA90,11:002CD438,12:002C14B0,13:002BDD50,14:002B7B08,15:0029CF18,16:002A3900,17:002A4A60,18:002A9C08
func_L00_002A9560	shared	344	fc7073672ac35e50	19	00:002A9560,01:002BF180,02:002A93E8,03:00299938,04:0029B698,05:002D3F60,06:002B6770,07:002D25A0,08:002B1F68,09:002C8488,10:0029AD28,11:002CD6D0,12:002C1748,13:002BDFE8,14:002B7DA0,15:0029D1B0,16:002A3B98,17:002A4CF8,18:002A9EA0
func_L00_002A96B8	shared	172	0647e9f225de2163	19	00:002A96B8,01:002BF2D8,02:002A9540,03:00299A90,04:0029B7F0,05:002D40B8,06:002B68C8,07:002D26F8,08:002B20C0,09:002C85E0,10:0029AE80,11:002CD828,12:002C18A0,13:002BE140,14:002B7EF8,15:0029D308,16:002A3CF0,17:002A4E50,18:002A9FF8
func_L00_002A9768	shared	4652	f6c9b53c76a94a0a	19	00:002A9768,01:002BF388,02:002A95F0,03:00299B40,04:0029B8A0,05:002D4168,06:002B6978,07:002D27A8,08:002B2170,09:002C8690,10:0029AF30,11:002CD8D8,12:002C1950,13:002BE1F0,14:002B7FA8,15:0029D3B8,16:002A3DA0,17:002A4F00,18:002AA0A8
func_L00_002AA998	shared	688	4f2d6d6468b357a9	8	00:002AA998,04:0029CAD0,07:002D39D8,09:002C98C0,10:0029C160,13:002BF420,15:0029E5E8,18:002AB2D8
func_L00_002AAC48	shared	4	6f7c921eb171df56	8	00:002AAC48,04:0029CD80,07:002D3C88,09:002C9B70,10:0029C410,13:002BF6D0,15:0029E898,18:002AB588
func_L00_002AAC50	shared	212	dd8430e5b2cce0ba	8	00:002AAC50,04:0029CD88,07:002D3C90,09:002C9B78,10:0029C418,13:002BF6D8,15:0029FBD8,18:002AC8C8
func_L00_002AAD28	shared	20	eb2f54f952c05ec1	6	00:002AAD28,04:0029CE60,07:002D3D68,09:002C9C50,10:0029C4F0,13:002BF7B0
func_L00_002AAD40	shared	224	b10f745b92addd44	8	00:002AAD40,04:0029CE78,07:002D3D80,09:002C9C68,10:0029C508,13:002BF7C8,15:0029FDE0,18:002ACAD0
func_L00_002AAE20	shared	92	0ce90e873956764e	8	00:002AAE20,04:0029CF58,07:002D3E60,09:002C9D48,10:0029C5E8,13:002BF8A8,15:0029FEC0,18:002ACBB0
func_L00_002AAE80	shared	112	ff4d1e92571e555c	8	00:002AAE80,04:0029CFB8,07:002D3EC0,09:002C9DA8,10:0029C648,13:002BF908,15:0029FF20,18:002ACC10
func_L00_002AAEF0	shared	640	49edc350d1c3096f	19	00:002AAEF0,01:002C05E8,02:002AA850,03:0029ADA0,04:0029D028,05:002D54D0,06:002B7BD8,07:002D3F30,08:002B33D0,09:002C9E18,10:0029C6B8,11:002CEB38,12:002C2BB0,13:002BF978,14:002B9208,15:002A09A8,16:002A5718,17:002A6160,18:002AD698
func_L00_002AB170	shared	308	aa313bf52d551738	19	00:002AB170,01:002C0868,02:002AAAD0,03:0029B020,04:0029D2A8,05:002D5750,06:002B7E58,07:002D41B0,08:002B3650,09:002CA098,10:0029C938,11:002CEDB8,12:002C2E30,13:002BFBF8,14:002B9488,15:002A0C28,16:002A5998,17:002A63E0,18:002AD918
func_L00_002AB2A8	shared	672	a695cbb8d934aefc	19	00:002AB2A8,01:002C09A0,02:002AAC08,03:0029B158,04:0029D3E0,05:002D5888,06:002B7F90,07:002D42E8,08:002B3788,09:002CA1D0,10:0029CA70,11:002CEEF0,12:002C2F68,13:002BFD30,14:002B95C0,15:002A0D60,16:002A5AD0,17:002A6518,18:002ADA50
func_L00_002AB548	shared	964	1bfc9eb3c76ee19b	19	00:002AB548,01:002C0C40,02:002AAEA8,03:0029B3F8,04:0029D680,05:002D5B28,06:002B8230,07:002D4588,08:002B3A28,09:002CA470,10:0029CD10,11:002CF190,12:002C3208,13:002BFFD0,14:002B9860,15:002A1000,16:002A5D70,17:002A67B8,18:002ADCF0
func_L00_002AB910	shared	8860	7f81df6a37891723	19	00:002AB910,01:002C1008,02:002AB270,03:0029B7C0,04:0029DA48,05:002D5EF0,06:002B85F8,07:002D4950,08:002B3DF0,09:002CA838,10:0029D0D8,11:002CF558,12:002C35D0,13:002C0398,14:002B9C28,15:002A13C8,16:002A6138,17:002A6B80,18:002AE0B8
func_L00_002ADBB0	shared	456	69c34a05ddfaa907	19	00:002ADBB0,01:002C32A8,02:002AD510,03:0029F530,04:002A0490,05:002D8F28,06:002BA8A0,07:002D6BF0,08:002B6090,09:002CCAD8,10:0029F380,11:002D1DA0,12:002C5870,13:002C6220,14:002BC780,15:002A50A8,16:002A83D8,17:002AAA68,18:002B0358
func_L00_002ADD78	shared	276	96a327717ccf29f7	19	00:002ADD78,01:002C3470,02:002AD6D8,03:0029F6F8,04:002A0658,05:002D90F0,06:002BAA68,07:002D6DB8,08:002B6258,09:002CCCA0,10:0029F548,11:002D1F68,12:002C5A38,13:002C63E8,14:002BC948,15:002A5270,16:002A85A0,17:002AAC30,18:002B0520
func_L00_002ADE90	shared	636	f93291d19c437712	19	00:002ADE90,00:002C44C8,00:002C9158,01:002C3588,01:002DA058,01:002DECE8,02:002AD7F0,02:002C3E28,02:002C8AB8,03:0029F810,03:002B5E48,03:002BAAD8,04:002A0770,04:002B74B8,04:002BDDB8,05:002D9208,05:002F00F8,05:002F4D88,06:002BAB80,06:002D1650,06:002D62E0,07:002D6ED0,07:002ED508,07:002F2198,08:002B6370,08:002CD3F8,08:002D2088,09:002CCDB8,09:002E5188,09:002E9E18,10:0029F660,10:002B5C98,10:002BA928,11:002D3B98,11:002EA1D0,11:002EEE60,12:002C5B50,12:002DC7D8,12:002E1468,13:002C6500,13:002DE2D0,13:002E4168,14:002BCA60,14:002D3098,14:002D9510,15:002A5388,15:002BFA20,15:002C4D48,16:002A86B8,16:002BECF0,16:002C3980,17:002AAD48,17:002C2530,17:002C78B8,18:002B0638,18:002C6C70,18:002CB900
func_L00_002AE110	shared	360	3048f9ca79e04265	19	00:002AE110,01:002C3808,02:002ADA70,03:0029FA90,04:002A09F0,05:002D9488,06:002BAE00,07:002D7150,08:002B65F0,09:002CD038,10:0029F8E0,11:002D3E18,12:002C5DD0,13:002C6780,14:002BCCE0,15:002A5608,16:002A8938,17:002AAFC8,18:002B08B8
func_L00_002AE278	shared	1076	41fe2e9bd9ec79dd	19	00:002AE278,01:002C3970,02:002ADBD8,03:0029FBF8,04:002A0B58,05:002D95F0,06:002BAF68,07:002D72B8,08:002B6758,09:002CD1A0,10:0029FA48,11:002D3F80,12:002C5F38,13:002C68E8,14:002BCE48,15:002A5770,16:002A8AA0,17:002AB130,18:002B0A20
func_L00_002AE6B0	shared	1820	affcca9a28157bf1	19	00:002AE6B0,01:002C3DA8,02:002AE010,03:002A0030,04:002A0F90,05:002D9A28,06:002BB3A0,07:002D76F0,08:002B6B90,09:002CD5D8,10:0029FE80,11:002D43B8,12:002C6370,13:002C6D20,14:002BD280,15:002A5BA8,16:002A8ED8,17:002AB568,18:002B0E58
func_L00_002AEDD0	shared	6500	7e193b87f6a44b81	19	00:002AEDD0,01:002C44C8,02:002AE730,03:002A0750,04:002A16B0,05:002DA148,06:002BBAC0,07:002D7E10,08:002B72B0,09:002CDCF8,10:002A05A0,11:002D4AD8,12:002C6A90,13:002C7440,14:002BD9A0,15:002A62C8,16:002A95F8,17:002ABC88,18:002B1578
func_L00_002B0738	shared	356	eb6dac7cd20c8f76	19	00:002B0738,01:002C5E30,02:002B0098,03:002A20B8,04:002A3018,05:002DBAB0,06:002BD428,07:002D9778,08:002B8C18,09:002CF660,10:002A1F08,11:002D6440,12:002C83F8,13:002C8DA8,14:002BF308,15:002A7C30,16:002AAF60,17:002AD5F0,18:002B2EE0
func_L00_002B08A0	shared	760	8d5d35dccbffd943	19	00:002B08A0,01:002C5F98,02:002B0200,03:002A2220,04:002A3180,05:002DBC18,06:002BD590,07:002D98E0,08:002B8D80,09:002CF7C8,10:002A2070,11:002D65A8,12:002C8560,13:002C8F10,14:002BF470,15:002A7D98,16:002AB0C8,17:002AD758,18:002B3048
func_L00_002B0B98	shared	404	387d20c3233aa29f	19	00:002B0B98,01:002C6290,02:002B04F8,03:002A2518,04:002A3478,04:002E63C0,05:002DC7C8,06:002BD888,07:002D9BD8,08:002B9078,09:002CFAC0,10:002A2368,11:002D68A0,12:002C8858,13:002C9B38,14:002BF768,15:002A9268,16:002AB3C0,17:002AE468,18:002B3340
func_L00_002B0D30	shared	548	80e08ca1e40c9caf	19	00:002B0D30,01:002C6428,02:002B0690,03:002A26B0,04:002A3610,05:002DC960,06:002BDA20,07:002D9D70,08:002B9210,09:002CFC58,10:002A2500,11:002D6A38,12:002C89F0,13:002C9CD0,14:002BF900,15:002A9400,16:002AB558,17:002AE600,18:002B34D8
func_L00_002B0F58	shared	736	49eae8941ac37617	19	00:002B0F58,01:002C6650,02:002B08B8,03:002A28D8,04:002A3838,05:002DCB88,06:002BDC48,07:002D9F98,08:002B99F0,09:002CFE80,10:002A2728,11:002D6C60,12:002C8C18,13:002C9EF8,14:002BFB28,15:002A9628,16:002AB780,17:002AE828,18:002B3700
func_L00_002B1238	shared	84	329d08521cf1bd1d	19	00:002B1238,01:002C6930,02:002B0B98,03:002A2BB8,04:002A3B18,05:002DCE68,06:002BDF28,07:002DA278,08:002B9CD0,09:002D0160,10:002A2A08,11:002D6F40,12:002C8EF8,13:002CA1D8,14:002BFE08,15:002A9908,16:002ABA60,17:002AEB08,18:002B39E0
func_L00_002B1290	shared	1012	4be88fbe30497131	19	00:002B1290,01:002C6988,02:002B0BF0,03:002A2C10,04:002A3B70,05:002DCEC0,06:002BDF80,07:002DA2D0,08:002B9D28,09:002D01B8,10:002A2A60,11:002D6F98,12:002C8F50,13:002CA230,14:002BFE60,15:002A9960,16:002ABAB8,17:002AEB60,18:002B3A38
func_L00_002B1688	shared	5964	49e570b9aec85485	19	00:002B1688,01:002C6D80,02:002B0FE8,03:002A3008,04:002A3F68,05:002DD2B8,06:002BE378,07:002DA6C8,08:002BA120,09:002D05B0,10:002A2E58,11:002D7390,12:002C9348,13:002CA628,14:002C0258,15:002A9D58,16:002ABEB0,17:002AEF58,18:002B3E30
func_L00_002B2DD8	shared	748	ca836b3e15062629	19	00:002B2DD8,01:002C8968,02:002B2738,03:002A4758,04:002A56B8,05:002DEA08,06:002BFF60,07:002DBE18,08:002BBD08,09:002D2198,10:002A45A8,11:002D8AE0,12:002CAA98,13:002CBD78,14:002C19A8,15:002AC008,16:002AD600,17:002B0B40,18:002B5580
func_L00_002B30C8	shared	800	6b6a085d8eda2f42	19	00:002B30C8,01:002C8C58,02:002B2A28,03:002A4A48,04:002A59A8,05:002DECF8,06:002C0250,07:002DC108,08:002BBFF8,09:002D2488,10:002A4898,11:002D8DD0,12:002CAD88,13:002CC068,14:002C1C98,15:002AC2F8,16:002AD8F0,17:002B0E30,18:002B5870
func_L00_002B33E8	shared	3928	c642b82aab2660b8	19	00:002B33E8,01:002C8F78,02:002B2D48,03:002A4D68,04:002A5CC8,05:002DF018,06:002C0570,07:002DC428,08:002BC318,09:002D27A8,10:002A4BB8,11:002D90F0,12:002CB0A8,13:002CC388,14:002C1FB8,15:002AC618,16:002ADC10,17:002B1150,18:002B5B90
func_L00_002B4340	shared	1028	bf793ad94f085bf3	19	00:002B4340,01:002C9ED0,02:002B3CA0,03:002A5CC0,04:002A6CF0,05:002DFF70,06:002C14C8,07:002DD380,08:002BD270,09:002D3700,10:002A5B10,11:002DA048,12:002CC000,13:002CD2E0,14:002C2F10,15:002AD570,16:002AEB68,17:002B20A8,18:002B6AE8
func_L00_002B4748	shared	456	ac4b8c537cd20334	19	00:002B4748,01:002CA2D8,02:002B40A8,03:002A60C8,04:002A70F8,05:002E0378,06:002C18D0,07:002DD788,08:002BD678,09:002D3B08,10:002A5F18,11:002DA450,12:002CC410,13:002CD6E8,14:002C3318,15:002AD978,16:002AEF70,17:002B24B0,18:002B6EF0
func_L00_002B4918	shared	1576	a299cc0163424d37	19	00:002B4918,01:002CA4A8,02:002B4278,03:002A6298,04:002A72C8,05:002E0548,06:002C1AA0,07:002DD958,08:002BD848,09:002D3CD8,10:002A60E8,11:002DA620,12:002CC5E0,13:002CD8B8,14:002C34E8,15:002ADB48,16:002AF140,17:002B2680,18:002B70C0
func_L00_002B4F40	shared	1252	c854bb3d746d2b4f	19	00:002B4F40,01:002CAAD0,02:002B48A0,03:002A68C0,04:002A78F0,05:002E0B70,06:002C20C8,07:002DDF80,08:002BDE70,09:002D4300,10:002A6710,11:002DAC48,12:002CCC08,13:002CDEE0,14:002C3B10,15:002AE170,16:002AF768,17:002B2CA8,18:002B76E8
func_L00_002B5428	shared	96	f7193564eec6e578	19	00:002B5428,01:002CAFB8,02:002B4D88,03:002A6DA8,04:002A7DD8,05:002E1058,06:002C25B0,07:002DE468,08:002BE358,09:002D47E8,10:002A6BF8,11:002DB130,12:002CD0F0,13:002CE3C8,14:002C3FF8,15:002AE658,16:002AFC50,17:002B3190,18:002B7BD0
func_L00_002B5488	shared	1284	9fd63275ef5ba528	19	00:002B5488,01:002CB018,02:002B4DE8,03:002A6E08,04:002A7E38,05:002E10B8,06:002C2610,07:002DE4C8,08:002BE3B8,09:002D4848,10:002A6C58,11:002DB190,12:002CD150,13:002CE428,14:002C4058,15:002AE6B8,16:002AFCB0,17:002B31F0,18:002B7C30
func_L00_002B5990	shared	4	77239df275e59d36	19	00:002B5990,01:0028CBF8,01:002CB520,02:002B52F0,03:00265A98,03:002A7310,04:0026A170,04:002A8340,04:002BB6F8,05:002E15C0,06:002C2B18,07:002DE9D0,07:00313D20,08:002BE8C0,09:002D4D50,10:002A7160,11:002DB698,11:00312778,12:002CD658,13:002B97F8,13:002CE930,14:0027F650,14:002C4560,15:002AEBC0,16:002B01B8,17:002B36F8,17:002EC170,18:002B8138
func_L00_002B5998	shared	764	c55ba3c881cf5d1b	19	00:002B5998,01:002CB528,02:002B52F8,03:002A7318,04:002A8348,05:002E15C8,06:002C2B20,07:002DE9D8,08:002BE8C8,09:002D4D58,10:002A7168,11:002DB6A0,12:002CD660,13:002CE938,14:002C4568,15:002AEBC8,16:002B01C0,17:002B3700,18:002B8140
func_L00_002B5C98	shared	3364	08266f9e8101f7d1	19	00:002B5C98,01:002CB828,02:002B55F8,03:002A7618,04:002A8648,05:002E18C8,06:002C2E20,07:002DECD8,08:002BEBC8,09:002D5058,10:002A7468,11:002DB9A0,12:002CD960,13:002CEC38,14:002C4868,15:002AEEC8,16:002B04C0,17:002B3A00,18:002B8440
func_L00_002B69C0	shared	284	6b2b2c392fbdc259	19	00:002B69C0,01:002CC550,02:002B6320,03:002A8340,04:002A9370,05:002E25F0,06:002C3B48,07:002DFA00,08:002BF8F0,09:002D5D80,10:002A8190,11:002DC6C8,12:002CE688,13:002D07C8,14:002C5590,15:002AFBF0,16:002B11E8,17:002B4728,18:002B9168
func_L00_002B6AE0	shared	228	9a80f56c3971c895	19	00:002B6AE0,01:002CC670,02:002B6440,03:002A8460,04:002A9490,05:002E2710,06:002C3C68,07:002DFB20,08:002BFA10,09:002D5EA0,10:002A82B0,11:002DC7E8,12:002CE7A8,13:002D08E8,14:002C56B0,15:002AFD10,16:002B1308,17:002B4848,18:002B9288
func_L00_002B6BC8	shared	580	4994c6a3f266985c	19	00:002B6BC8,01:002CC758,02:002B6528,03:002A8548,04:002A9578,05:002E27F8,06:002C3D50,07:002DFC08,08:002BFAF8,09:002D5F88,10:002A8398,11:002DC8D0,12:002CE890,13:002D09D0,14:002C5798,15:002AFDF8,16:002B13F0,17:002B4930,18:002B9370
func_L00_002B6E10	shared	128	7c31513ea042535d	19	00:002B6E10,01:002CC9A0,02:002B6770,03:002A8790,04:002A97C0,05:002E2A40,06:002C3F98,07:002DFE50,08:002BFD40,09:002D61D0,10:002A85E0,11:002DCB18,12:002CEAD8,13:002D0C18,14:002C59E0,15:002B0040,16:002B1638,17:002B4B78,18:002B95B8
func_L00_002B6E90	shared	348	a35c1003c2a6e608	19	00:002B6E90,01:002CCA20,02:002B67F0,03:002A8810,04:002A9840,05:002E2AC0,06:002C4018,07:002DFED0,08:002BFDC0,09:002D6250,10:002A8660,11:002DCB98,12:002CEB58,13:002D0C98,14:002C5A60,15:002B00C0,16:002B16B8,17:002B4BF8,18:002B9638
func_L00_002B6FF0	shared	1084	6705908d7a5c49ba	19	00:002B6FF0,01:002CCB80,02:002B6950,03:002A8970,04:002A99A0,05:002E2C20,06:002C4178,07:002E0030,08:002BFF20,09:002D63B0,10:002A87C0,11:002DCCF8,12:002CECB8,13:002D0DF8,14:002C5BC0,15:002B0220,16:002B1818,17:002B4D58,18:002B9798
func_L00_002B7430	shared	2704	ae7c041e87b73ae6	19	00:002B7430,01:002CCFC0,02:002B6D90,03:002A8DB0,04:002A9DE0,05:002E3060,06:002C45B8,07:002E0470,08:002C0360,09:002D67F0,10:002A8C00,11:002DD138,12:002CF0F8,13:002D1238,14:002C6000,15:002B0660,16:002B1C58,17:002B5198,18:002B9BD8
func_L00_002B7EC0	shared	840	e30e0eb1a9caa592	19	00:002B7EC0,01:002CDA50,02:002B7820,03:002A9840,04:002AA870,05:002E3AF0,06:002C5048,07:002E0F00,08:002C0DF0,09:002D7280,10:002A9690,11:002DDBC8,12:002CFB88,13:002D1CC8,14:002C6A90,15:002B10F0,16:002B26E8,17:002B5C28,18:002BA668
func_L00_002B8208	shared	1160	8b0d4ab866fdebcd	19	00:002B8208,01:002CDD98,02:002B7B68,03:002A9B88,04:002AABB8,05:002E3E38,06:002C5390,07:002E1248,08:002C1138,09:002D75C8,10:002A99D8,11:002DDF10,12:002CFED0,13:002D2010,14:002C6DD8,15:002B1438,16:002B2A30,17:002B5F70,18:002BA9B0
func_L00_002B8690	shared	460	c40d4a884fdf70f0	19	00:002B8690,01:002CE220,02:002B7FF0,03:002AA010,04:002AB040,05:002E42C0,06:002C5818,07:002E16D0,08:002C15C0,09:002D7A50,10:002A9E60,11:002DE398,12:002D0358,13:002D2498,14:002C7260,15:002B18C0,16:002B2EB8,17:002B63F8,18:002BAE38
func_L00_002B8860	shared	648	118dcaa6f029142e	19	00:002B8860,01:002CE3F0,02:002B81C0,03:002AA1E0,04:002AB210,05:002E4490,06:002C59E8,07:002E18A0,08:002C1790,09:002D7C20,10:002AA030,11:002DE568,12:002D0528,13:002D2668,14:002C7430,15:002B1A90,16:002B3088,17:002B65C8,18:002BB008
func_L00_002B8AE8	shared	2624	77e27999231ad70f	19	00:002B8AE8,01:002CE678,02:002B8448,03:002AA468,04:002AB498,05:002E4718,06:002C5C70,07:002E1B28,08:002C1A18,09:002D7EA8,10:002AA2B8,11:002DE7F0,12:002D07B0,13:002D28F0,14:002C76B8,15:002B1D18,16:002B3310,17:002B6850,18:002BB290
func_L00_002B9528	shared	520	c4ed9f09764523aa	19	00:002B9528,01:002CF0B8,02:002B8E88,03:002AAEA8,04:002ABED8,05:002E5158,06:002C66B0,07:002E2568,08:002C2458,09:002D88E8,10:002AACF8,11:002DF230,12:002D11F0,13:002D3330,14:002C80F8,15:002B2758,16:002B3D50,17:002B7290,18:002BBCD0
func_L00_002B9730	shared	864	3de6469c550a4a89	19	00:002B9730,01:002CF2C0,02:002B9090,03:002AB0B0,04:002AC0E0,05:002E5360,06:002C68B8,07:002E2770,08:002C2660,09:002D8AF0,10:002AAF00,11:002DF438,12:002D13F8,13:002D3538,14:002C8300,15:002B2960,16:002B3F58,17:002B7498,18:002BBED8
func_L00_002B9A90	shared	24	df793af146f8c064	19	00:002B9A90,01:002CF620,02:002B93F0,03:002AB410,04:002AC440,05:002E56C0,06:002C6C18,07:002E2AD0,08:002C29C0,09:002D8E50,10:002AB260,11:002DF798,12:002D1758,13:002D3898,14:002C8660,15:002B2CC0,16:002B42B8,17:002B77F8,18:002BC238
func_L00_002B9AA8	shared	48	127df887016154c3	19	00:002B9AA8,01:002CF638,02:002B9408,03:002AB428,04:002AC458,05:002E56D8,06:002C6C30,07:002E2AE8,08:002C29D8,09:002D8E68,10:002AB278,11:002DF7B0,12:002D1770,13:002D38B0,14:002C8678,15:002B2CD8,16:002B42D0,17:002B7810,18:002BC250
func_L00_002B9AD8	shared	2860	49b7532b40e2aca1	19	00:002B9AD8,01:002CF668,02:002B9438,03:002AB458,04:002AC488,05:002E5708,06:002C6C60,07:002E2B18,08:002C2A08,09:002D8E98,10:002AB2A8,11:002DF7E0,12:002D17A0,13:002D38E0,14:002C86A8,15:002B2D08,16:002B4300,17:002B7840,18:002BC280
func_L00_002BA608	shared	444	d235a6f08eadfaa5	19	00:002BA608,01:002D0198,02:002B9F68,03:002ABF88,04:002ACFB8,05:002E6238,06:002C7790,07:002E3648,08:002C3538,09:002D99C8,10:002ABDD8,11:002E0310,12:002D22D0,13:002D4410,14:002C91D8,15:002B3838,16:002B4E30,17:002B8370,18:002BCDB0
func_L00_002BA7C8	shared	5292	fb78debb14ba3da3	19	00:002BA7C8,01:002D0358,02:002BA128,03:002AC148,04:002AD178,05:002E63F8,06:002C7950,07:002E3808,08:002C36F8,09:002D9B88,10:002ABF98,11:002E04D0,12:002D2490,13:002D45D0,14:002C9398,15:002B39F8,16:002B4FF0,17:002B8530,18:002BCF70
func_L00_002BBC78	shared	368	ae615386eba4d5a1	19	00:002BBC78,01:002D1808,02:002BB5D8,03:002AD5F8,04:002AE628,05:002E78A8,06:002C8E00,07:002E4CB8,08:002C4BA8,09:002DB038,10:002AD448,11:002E1980,12:002D3940,13:002D5A80,14:002CA848,15:002B4EA8,16:002B64A0,17:002B99E0,18:002BE420
func_L00_002BBDE8	shared	1488	c805c851b633710c	19	00:002BBDE8,01:002D1978,02:002BB748,03:002AD768,04:002AE798,05:002E7A18,06:002C8F70,07:002E4E28,08:002C4D18,09:002DB1A8,10:002AD5B8,11:002E1AF0,12:002D3AB0,13:002D5BF0,14:002CA9B8,15:002B5018,15:002D9C68,16:002B6610,17:002B9B50,17:002D83C8,18:002BE590,18:002ECF50
func_L00_002BC3B8	shared	688	e1cc09432a1a81fe	19	00:002BC3B8,01:002D1F48,02:002BBD18,03:002ADD38,04:002AED68,05:002E7FE8,06:002C9540,07:002E53F8,08:002C52E8,09:002DB778,10:002ADB88,11:002E20C0,12:002D4080,13:002D61C0,14:002CAF88,15:002B55E8,16:002B6BE0,17:002BA120,18:002BEB60
func_L00_002BC668	shared	160	42e14816b72773b7	19	00:002BC668,01:002D21F8,02:002BBFC8,03:002ADFE8,04:002AF018,05:002E8298,06:002C97F0,07:002E56A8,08:002C5598,09:002DBA28,10:002ADE38,11:002E2370,12:002D4338,13:002D6470,14:002CB238,15:002B5898,16:002B6E90,17:002BA3D0,18:002BEE10
func_L00_002BC708	shared	344	4ea812f42c9b1a5e	19	00:002BC708,01:002D2298,02:002BC068,03:002AE088,04:002AF0B8,05:002E8338,06:002C9890,07:002E5748,08:002C5638,09:002DBAC8,10:002ADED8,11:002E2410,12:002D43D8,13:002D6510,14:002CB2D8,15:002B5938,16:002B6F30,17:002BA470,18:002BEEB0
func_L00_002BC860	shared	1448	d0e3b9bca950ed54	19	00:002BC860,01:002D23F0,02:002BC1C0,03:002AE1E0,04:002AF210,05:002E8490,06:002C99E8,07:002E58A0,08:002C5790,09:002DBC20,10:002AE030,11:002E2568,12:002D4530,13:002D6668,14:002CB430,15:002B5A90,16:002B7088,17:002BA5C8,18:002BF008
func_L00_002BCE08	shared	200	99c3aa21c2d456ef	19	00:002BCE08,01:002D2998,02:002BC768,03:002AE788,04:002AF7B8,05:002E8A38,06:002C9F90,07:002E5E48,08:002C5D38,09:002DC1C8,10:002AE5D8,11:002E2B10,12:002D4AD8,13:002D6C10,14:002CB9D8,15:002B6038,16:002B7630,17:002BAB70,18:002BF5B0
func_L00_002BCED0	shared	1492	a87d0718886ea447	19	00:002BCED0,01:002D2A60,02:002BC830,03:002AE850,04:002AF880,05:002E8B00,06:002CA058,07:002E5F10,08:002C5E00,09:002DC290,10:002AE6A0,11:002E2BD8,12:002D4BA0,13:002D6CD8,14:002CBAA0,15:002B6100,16:002B76F8,17:002BAC38,18:002BF678
func_L00_002BD4A8	shared	524	a36dbf221354a2bd	19	00:002BD4A8,01:002D3038,02:002BCE08,03:002AEE28,04:002AFE58,05:002E90D8,06:002CA630,07:002E64E8,08:002C63D8,09:002DC868,10:002AEC78,11:002E31B0,12:002D5178,13:002D72B0,14:002CC078,15:002B66D8,16:002B7CD0,17:002BB210,18:002BFC50
func_L00_002BD6B8	shared	1076	9cd2164ed9279005	19	00:002BD6B8,01:002D3248,02:002BD018,03:002AF038,04:002B06A8,05:002E92E8,06:002CA840,07:002E66F8,08:002C65E8,09:002DCA78,10:002AEE88,11:002E33C0,12:002D59C8,13:002D74C0,14:002CC288,15:002B68E8,16:002B7EE0,17:002BB420,18:002BFE60
func_L00_002BDAF0	shared	1968	e66910f45109b914	19	00:002BDAF0,01:002D3680,02:002BD450,03:002AF470,04:002B0AE0,05:002E9720,06:002CAC78,07:002E6B30,08:002C6A20,09:002DCEB0,10:002AF2C0,11:002E37F8,12:002D5E00,13:002D78F8,14:002CC6C0,15:002B6D20,16:002B8318,17:002BB858,18:002C0298
func_L00_002BE2A0	shared	260	386adb280aeadd01	19	00:002BE2A0,01:002D3E30,02:002BDC00,03:002AFC20,04:002B1290,05:002E9ED0,06:002CB428,07:002E72E0,08:002C71D0,09:002DD660,10:002AFA70,11:002E3FA8,12:002D65B0,13:002D80A8,14:002CCE70,15:002B74D0,16:002B8AC8,17:002BC008,18:002C0A48
func_L00_002BE3A8	shared	2992	0cebcb64d2e28019	19	00:002BE3A8,01:002D3F38,02:002BDD08,03:002AFD28,04:002B1398,05:002E9FD8,06:002CB530,07:002E73E8,08:002C72D8,09:002DD768,10:002AFB78,11:002E40B0,12:002D66B8,13:002D81B0,14:002CCF78,15:002B75D8,16:002B8BD0,17:002BC110,18:002C0B50
func_L00_002BEF58	shared	1064	7f3f00e30c75e5d6	19	00:002BEF58,01:002D4AE8,02:002BE8B8,03:002B08D8,04:002B1F48,05:002EAB88,06:002CC0E0,07:002E7F98,08:002C7E88,09:002DE318,10:002B0728,11:002E4C60,12:002D7268,13:002D8D60,14:002CDB28,15:002B8188,16:002B9780,17:002BCCC0,18:002C1700
func_L00_002BF380	shared	1496	fbbd17009a081695	19	00:002BF380,01:002D4F10,02:002BECE0,03:002B0D00,04:002B2370,05:002EAFB0,06:002CC508,07:002E83C0,08:002C82B0,09:002DE740,10:002B0B50,11:002E5088,12:002D7690,13:002D9188,14:002CDF50,15:002B85B0,16:002B9BA8,17:002BD0E8,18:002C1B28
func_L00_002BF958	shared	576	8da68bab72f7361d	19	00:002BF958,01:002D54E8,02:002BF2B8,03:002B12D8,04:002B2948,05:002EB588,06:002CCAE0,07:002E8998,08:002C8888,09:002DED18,10:002B1128,11:002E5660,12:002D7C68,13:002D9760,14:002CE528,15:002B8B88,16:002BA180,17:002BD6C0,18:002C2100
func_L00_002BFB98	shared	544	69cb5ec11fe4cb82	19	00:002BFB98,01:002D5728,02:002BF4F8,03:002B1518,04:002B2B88,05:002EB7C8,06:002CCD20,07:002E8BD8,08:002C8AC8,09:002DEF58,10:002B1368,11:002E58A0,12:002D7EA8,13:002D99A0,14:002CE768,15:002B8DC8,16:002BA3C0,17:002BD900,18:002C2340
func_L00_002BFDB8	shared	224	698b8262c7ec3a4c	19	00:002BFDB8,01:002D5948,02:002BF718,03:002B1738,04:002B2DA8,05:002EB9E8,06:002CCF40,07:002E8DF8,08:002C8CE8,09:002DF178,10:002B1588,11:002E5AC0,12:002D80C8,13:002D9BC0,14:002CE988,15:002B8FE8,16:002BA5E0,17:002BDB20,18:002C2560
func_L00_002BFE98	shared	52	d5dd2556f25150b0	19	00:002BFE98,01:002D5A28,02:002BF7F8,03:002B1818,04:002B2E88,05:002EBAC8,06:002CD020,07:002E8ED8,08:002C8DC8,09:002DF258,10:002B1668,11:002E5BA0,12:002D81A8,13:002D9CA0,14:002CEA68,15:002B90C8,16:002BA6C0,17:002BDC00,18:002C2640
func_L00_002BFED0	shared	52	04287425f43ed4f3	19	00:002BFED0,01:002D5A60,02:002BF830,03:002B1850,04:002B2EC0,05:002EBB00,06:002CD058,07:002E8F10,08:002C8E00,09:002DF290,10:002B16A0,11:002E5BD8,12:002D81E0,13:002D9CD8,14:002CEAA0,15:002B9100,16:002BA6F8,17:002BDC38,18:002C2678
func_L00_002BFF08	shared	68	afc9c920bdd6b7e8	19	00:002BFF08,01:002D5A98,02:002BF868,03:002B1888,04:002B2EF8,05:002EBB38,06:002CD090,07:002E8F48,08:002C8E38,09:002DF2C8,10:002B16D8,11:002E5C10,12:002D8218,13:002D9D10,14:002CEAD8,15:002B9138,16:002BA730,17:002BDC70,18:002C26B0
func_L00_002BFF50	shared	52	3f15bd21f990d891	19	00:002BFF50,01:002D5AE0,02:002BF8B0,03:002B18D0,04:002B2F40,05:002EBB80,06:002CD0D8,07:002E8F90,08:002C8E80,09:002DF310,10:002B1720,11:002E5C58,12:002D8260,13:002D9D58,14:002CEB20,15:002B9180,16:002BA778,17:002BDCB8,18:002C26F8
func_L00_002BFF88	shared	268	fa2df0c67cb14d3f	19	00:002BFF88,01:002D5B18,02:002BF8E8,03:002B1908,04:002B2F78,05:002EBBB8,06:002CD110,07:002E8FC8,08:002C8EB8,09:002DF348,10:002B1758,11:002E5C90,12:002D8298,13:002D9D90,14:002CEB58,15:002B91B8,16:002BA7B0,17:002BDCF0,18:002C2730
func_L00_002C0098	shared	704	6628fb21f38bb579	19	00:002C0098,01:002D5C28,02:002BF9F8,03:002B1A18,04:002B3088,05:002EBCC8,06:002CD220,07:002E90D8,08:002C8FC8,09:002DF458,10:002B1868,11:002E5DA0,12:002D83A8,13:002D9EA0,14:002CEC68,15:002B92C8,16:002BA8C0,17:002BDE00,18:002C2840
func_L00_002C0358	shared	1980	b6776e90d8439c4c	19	00:002C0358,01:002D5EE8,02:002BFCB8,03:002B1CD8,04:002B3348,05:002EBF88,06:002CD4E0,07:002E9398,08:002C9288,09:002DF718,10:002B1B28,11:002E6060,12:002D8668,13:002DA160,14:002CEF28,15:002B9588,16:002BAB80,17:002BE0C0,18:002C2B00
func_L00_002C0B18	shared	156	dd642fbcf99bf3e6	19	00:002C0B18,01:002D66A8,02:002C0478,03:002B2498,04:002B3B08,05:002EC748,06:002CDCA0,07:002E9B58,08:002C9A48,09:002DFED8,10:002B22E8,11:002E6820,12:002D8E28,13:002DA920,14:002CF6E8,15:002B9D48,16:002BB340,17:002BE880,18:002C32C0
func_L00_002C0BB8	shared	316	9b2bf7e3c02c04f1	19	00:002C0BB8,01:002D6748,02:002C0518,03:002B2538,04:002B3BA8,05:002EC7E8,06:002CDD40,07:002E9BF8,08:002C9AE8,09:002DFF78,10:002B2388,11:002E68C0,12:002D8EC8,13:002DA9C0,14:002CF788,15:002B9DE8,16:002BB3E0,17:002BE920,18:002C3360
func_L00_002C0CF8	shared	1044	6f952428e302fdc5	19	00:002C0CF8,01:002D6888,02:002C0658,03:002B2678,04:002B3CE8,05:002EC928,06:002CDE80,07:002E9D38,08:002C9C28,09:002E00B8,10:002B24C8,11:002E6A00,12:002D9008,13:002DAB00,14:002CF8C8,15:002B9F28,16:002BB520,17:002BEA60,18:002C34A0
func_L00_002C1110	shared	192	fb6d94a2c4736c32	19	00:002C1110,01:002D6CA0,02:002C0A70,03:002B2A90,04:002B4100,05:002ECD40,06:002CE298,07:002EA150,08:002CA040,09:002E04D0,10:002B28E0,11:002E6E18,12:002D9420,13:002DAF18,14:002CFCE0,15:002BA340,16:002BB938,17:002BEE78,18:002C38B8
func_L00_002C11D0	shared	224	a1921ca05871722d	19	00:002C11D0,01:002D6D60,02:002C0B30,03:002B2B50,04:002B41C0,05:002ECE00,06:002CE358,07:002EA210,08:002CA100,09:002E0590,10:002B29A0,11:002E6ED8,12:002D94E0,13:002DAFD8,14:002CFDA0,15:002BA400,16:002BB9F8,17:002BEF38,18:002C3978
func_L00_002C12B0	shared	5996	4c84ee6245e09605	19	00:002C12B0,01:002D6E40,02:002C0C10,03:002B2C30,04:002B42A0,05:002ECEE0,06:002CE438,07:002EA2F0,08:002CA1E0,09:002E0670,10:002B2A80,11:002E6FB8,12:002D95C0,13:002DB0B8,14:002CFE80,15:002BA4E0,16:002BBAD8,17:002BF018,18:002C3A58
func_L00_002C2A20	shared	92	f2be03d9cc479a73	19	00:002C2A20,01:002D85B0,02:002C2380,03:002B43A0,04:002B5A10,05:002EE650,06:002CFBA8,07:002EBA60,08:002CB950,09:002E1DE0,10:002B41F0,11:002E8728,12:002DAD30,13:002DC828,14:002D15F0,15:002BBC50,16:002BD248,17:002C0788,18:002C51C8
func_L00_002C2A80	shared	432	b49fe2ff2863ef69	19	00:002C2A80,01:002D8610,02:002C23E0,03:002B4400,04:002B5A70,05:002EE6B0,06:002CFC08,07:002EBAC0,08:002CB9B0,09:002E1E40,10:002B4250,11:002E8788,12:002DAD90,13:002DC888,14:002D1650,15:002BBCB0,16:002BD2A8,17:002C07E8,18:002C5228
func_L00_002C2C30	shared	420	e0f94d5d70361404	19	00:002C2C30,01:002D87C0,02:002C2590,03:002B45B0,04:002B5C20,05:002EE860,06:002CFDB8,07:002EBC70,08:002CBB60,09:002E1FF0,10:002B4400,11:002E8938,12:002DAF40,13:002DCA38,14:002D1800,15:002BBE60,16:002BD458,17:002C0998,18:002C53D8
func_L00_002C2DD8	shared	2488	a2ed81538e796732	19	00:002C2DD8,01:002D8968,02:002C2738,03:002B4758,04:002B5DC8,05:002EEA08,06:002CFF60,07:002EBE18,08:002CBD08,09:002E2198,10:002B45A8,11:002E8AE0,12:002DB0E8,13:002DCBE0,14:002D19A8,15:002BC008,16:002BD600,17:002C0B40,18:002C5580
func_L00_002C3790	shared	572	652c13d2d7c16ae5	19	00:002C3790,01:002D9320,02:002C30F0,03:002B5110,04:002B6780,05:002EF3C0,06:002D0918,07:002EC7D0,08:002CC6C0,09:002E2B50,10:002B4F60,11:002E9498,12:002DBAA0,13:002DD598,14:002D2360,15:002BC9C0,16:002BDFB8,17:002C14F8,18:002C5F38
func_L00_002C39D0	shared	2804	0266d3bb02aea75b	19	00:002C39D0,01:002D9560,02:002C3330,03:002B5350,04:002B69C0,05:002EF600,06:002D0B58,07:002ECA10,08:002CC900,09:002E2D90,10:002B51A0,11:002E96D8,12:002DBCE0,13:002DD7D8,14:002D25A0,15:002BCC00,16:002BE1F8,17:002C1738,18:002C6178
func_L00_002C4748	shared	384	c7b8d200e61e9654	19	00:002C4748,01:002DA2D8,02:002C40A8,03:002B60C8,04:002B7738,05:002F0378,06:002D18D0,07:002ED788,08:002CD678,09:002E5408,10:002B5F18,11:002EA450,12:002DCA58,13:002DE550,14:002D3318,15:002BFCA0,16:002BEF70,17:002C27B0,18:002C6EF0
func_L00_002C48C8	shared	708	0c2f276281269d9d	19	00:002C48C8,01:002DA458,02:002C4228,03:002B6248,04:002B78B8,05:002F04F8,06:002D1A50,07:002ED908,08:002CD7F8,09:002E5588,10:002B6098,11:002EA5D0,12:002DCBD8,13:002DE6D0,14:002D3498,15:002BFE20,16:002BF0F0,17:002C2930,18:002C7070
func_L00_002C4B90	shared	624	cf8f2ff3e011c447	19	00:002C4B90,01:002DA720,02:002C44F0,03:002B6510,04:002B7B80,05:002F07C0,06:002D1D18,07:002EDBD0,08:002CDAC0,09:002E5850,10:002B6360,11:002EA898,12:002DCEA0,13:002DE998,14:002D3760,15:002C00E8,16:002BF3B8,17:002C2BF8,18:002C7338
func_L00_002C4E00	shared	1444	29e97f6906b6b509	19	00:002C4E00,01:002DA990,02:002C4760,03:002B6780,04:002B7DF0,05:002F0A30,06:002D1F88,07:002EDE40,08:002CDD30,09:002E5AC0,10:002B65D0,11:002EAB08,12:002DD110,13:002DEC08,14:002D39D0,15:002C0358,16:002BF628,17:002C2E68,18:002C75A8
func_L00_002C53A8	shared	648	d2c5647c2a55f2e0	19	00:002C53A8,01:002DAF38,02:002C4D08,03:002B6D28,04:002B8398,05:002F0FD8,06:002D2530,07:002EE3E8,08:002CE2D8,09:002E6068,10:002B6B78,11:002EB0B0,12:002DD6B8,13:002DF1B0,14:002D3F78,15:002C0900,16:002BFBD0,17:002C3410,18:002C7B50
func_L00_002C5630	shared	84	265298be1aa62612	19	00:002C5630,01:002DB1C0,02:002C4F90,03:002B6FB0,04:002B8620,05:002F1260,06:002D27B8,07:002EE670,08:002CE560,09:002E62F0,10:002B6E00,11:002EB338,12:002DD940,13:002DF438,14:002D4200,15:002C0B88,16:002BFE58,17:002C3698,18:002C7DD8
func_L00_002C5688	shared	3968	880cb6faa4a2dcd2	19	00:002C5688,01:002DB218,02:002C4FE8,03:002B7008,04:002B8678,05:002F12B8,06:002D2810,07:002EE6C8,08:002CE5B8,09:002E6348,10:002B6E58,11:002EB390,12:002DD998,13:002DF490,14:002D4258,15:002C0BE0,16:002BFEB0,17:002C36F0,18:002C7E30
func_L00_002C6608	shared	280	a844887c364816c1	19	00:002C6608,01:002DC198,02:002C5F68,03:002B7F88,04:002B95F8,05:002F2238,06:002D3790,07:002EF648,08:002CF538,09:002E72C8,10:002B7DD8,11:002EC310,12:002DE918,13:002E0410,14:002D51D8,15:002C1B60,16:002C0E30,17:002C4670,18:002C8DB0
func_L00_002C6720	shared	2076	b7659484310d947e	19	00:002C6720,01:002DC2B0,02:002C6080,03:002B80A0,04:002B9710,05:002F2350,06:002D38A8,07:002EF760,08:002CF650,09:002E73E0,10:002B7EF0,11:002EC428,12:002DEA30,13:002E0528,14:002D52F0,15:002C1C78,16:002C0F48,17:002C4788,18:002C8EC8
func_L00_002C6F40	shared	4	9f725e8c80e21b5f	19	00:002C6F40,01:002DCAD0,02:002C68A0,03:002B88C0,04:002B9F30,05:002F2B70,06:002D40C8,07:002EFF80,08:002CFE70,09:002E7C00,10:002B8710,11:002ECC48,12:002DF250,13:002E0D48,14:002D5B10,15:002C2498,16:002C1768,17:002C4FA8,18:002C96E8
func_L00_002C6F48	shared	476	2f32b23e2146cbe0	19	00:002C6F48,01:002DCAD8,02:002C68A8,03:002B88C8,04:002B9F38,05:002F2B78,06:002D40D0,07:002EFF88,08:002CFE78,09:002E7C08,10:002B8718,11:002ECC50,12:002DF258,13:002E0D50,14:002D5B18,15:002C24A0,16:002C1770,17:002C4FB0,18:002C96F0
func_L00_002C7128	shared	912	587c47368a874ffd	19	00:002C7128,01:002DCCB8,02:002C6A88,03:002B8AA8,04:002BA118,05:002F2D58,06:002D42B0,07:002F0168,08:002D0058,09:002E7DE8,10:002B88F8,11:002ECE30,12:002DF438,13:002E0F30,14:002D5CF8,15:002C2680,16:002C1950,17:002C5190,18:002C98D0
func_L00_002C74B8	shared	3628	c30bd98934484742	19	00:002C74B8,01:002DD048,02:002C6E18,03:002B8E38,04:002BA4A8,05:002F30E8,06:002D4640,07:002F04F8,08:002D03E8,09:002E8178,10:002B8C88,11:002ED1C0,12:002DF7C8,13:002E12C0,14:002D6088,15:002C2A10,16:002C1CE0,17:002C5520,18:002C9C60
func_L00_002C82E8	shared	228	d85e9ba5f1ed23da	19	00:002C82E8,01:002DDE78,02:002C7C48,03:002B9C68,04:002BB2D8,05:002F3F18,06:002D5470,07:002F1328,08:002D1218,09:002E8FA8,10:002B9AB8,11:002EDFF0,12:002E05F8,13:002E20F0,14:002D6EB8,15:002C3840,16:002C2B10,17:002C6350,18:002CAA90
func_L00_002C83D0	shared	684	eb7dad39a482f854	19	00:002C83D0,01:002DDF60,02:002C7D30,03:002B9D50,04:002BB3C0,05:002F4000,06:002D5558,07:002F1410,08:002D1300,09:002E9090,10:002B9BA0,11:002EE0D8,12:002E06E0,13:002E21D8,14:002D6FA0,15:002C3928,16:002C2BF8,17:002C6438,18:002CAB78
func_L00_002C8680	shared	548	9aed3136b8643d95	19	00:002C8680,00:002D33E0,01:002DE210,01:002EE270,02:002C7FE0,02:002D42F0,03:002BA000,03:002C63E0,04:002BD2E0,04:002D1C98,05:002F42B0,05:002FF5E8,06:002D5808,06:002E0D58,07:002F16C0,07:002FD1D8,08:002D15B0,08:002F04B0,09:002E9340,09:002F6EC0,10:002B9E50,10:002C5F90,11:002EE388,11:002FA208,12:002E0990,12:002F4D30,13:002E3690,13:002F4DE8,14:002D8A38,14:002EA590,15:002C4270,15:002D4FD0,16:002C2EA8,16:002D25A8,17:002C6DE0,17:002D3730,18:002CAE28,18:002D58E0
func_L00_002C88A8	shared	1296	4dcbe1ded56f2fa8	19	00:002C88A8,01:002DE438,02:002C8208,03:002BA228,04:002BD508,05:002F44D8,06:002D5A30,07:002F18E8,08:002D17D8,09:002E9568,10:002BA078,11:002EE5B0,12:002E0BB8,13:002E38B8,14:002D8C60,15:002C4498,16:002C30D0,17:002C7008,18:002CB050
func_L00_002C8DB8	shared	928	1847146ef359e436	19	00:002C8DB8,01:002DE948,02:002C8718,03:002BA738,04:002BDA18,05:002F49E8,06:002D5F40,07:002F1DF8,08:002D1CE8,09:002E9A78,10:002BA588,11:002EEAC0,12:002E10C8,13:002E3DC8,14:002D9170,15:002C49A8,16:002C35E0,17:002C7518,18:002CB560
func_L00_002C93D8	shared	416	b51bd1bcdcb28550	19	00:002C93D8,01:002DEF68,02:002C8D38,03:002BAD58,04:002BE038,05:002F5008,06:002D6560,07:002F2418,08:002D2308,09:002EA098,10:002BABA8,11:002EF0E0,12:002E16E8,13:002E43E8,14:002D9790,15:002C4FC8,16:002C3C00,17:002C7B38,18:002CBB80
func_L00_002C9578	shared	340	d56c4a9b5acf21e6	19	00:002C9578,01:002DF108,02:002C8ED8,03:002BAEF8,04:002BE1D8,05:002F51A8,06:002D6700,07:002F25B8,08:002D24A8,09:002EA238,10:002BAD48,11:002EF280,12:002E1888,13:002E4588,14:002D9930,15:002C5168,16:002C3DA0,17:002C7CD8,18:002CBD20
func_L00_002C96D0	shared	336	db0274c8e5251657	19	00:002C96D0,01:002DF260,02:002C9030,03:002BB050,04:002BE330,05:002F5300,06:002D6858,07:002F2710,08:002D2600,09:002EA390,10:002BAEA0,11:002EF3D8,12:002E19E0,13:002E46E0,14:002D9A88,15:002C52C0,16:002C3EF8,17:002C7E30,18:002CBE78
func_L00_002C9820	shared	1444	435334aa02b08f3a	19	00:002C9820,01:002DF3B0,02:002C9180,03:002BB1A0,04:002BE480,05:002F5450,06:002D69A8,07:002F2860,08:002D2750,09:002EA4E0,10:002BAFF0,11:002EF528,12:002E1B30,13:002E4830,14:002D9BD8,15:002C5410,16:002C4048,17:002C7F80,18:002CBFC8
func_L00_002C9DC8	shared	2288	84095776a329a03d	19	00:002C9DC8,01:002DF958,02:002C9728,03:002BB748,04:002BEA28,05:002F59F8,06:002D6F50,07:002F2E08,08:002D2CF8,09:002EAA88,10:002BB598,11:002EFAD0,12:002E20D8,13:002E4DD8,14:002DA180,15:002C59B8,16:002C45F0,17:002C8528,18:002CC570
func_L00_002CA6B8	shared	112	8414249bd1f6bc3c	19	00:002CA6B8,01:002E0248,02:002CA018,03:002BC290,04:002BF318,05:002F6778,06:002D7840,07:002F3B88,08:002D7850,09:002ED1A8,10:002BC318,11:002F03C0,12:002E61D8,13:002E6188,14:002DC8F8,15:002C88C8,16:002C52E8,17:002C92A8,18:002CCE60
func_L00_002CA728	shared	1168	bfff595c240e248f	19	00:002CA728,01:002E02B8,02:002CA088,03:002BC300,04:002BF388,05:002F67E8,06:002D78B0,07:002F3BF8,08:002D78C0,09:002ED218,10:002BC388,11:002F0430,12:002E6248,13:002E61F8,14:002DC968,15:002C8938,16:002C5358,17:002C9318,18:002CCED0
func_L00_002CABB8	shared	4	57a00973dab8fe4a	19	00:002CABB8,01:002E0748,02:002CA518,02:002E1880,03:002BC790,04:002BF818,05:00263FA0,05:002F6C78,06:002D7D40,07:002F4088,08:002D7D50,09:002ED6A8,10:002BC818,11:002F08C0,12:002E66D8,13:002E6688,14:002DCDF8,15:002C8DC8,16:00236620,17:002C97A8,18:002CD360
func_L00_002CABC0	shared	5712	2709d44c3e3c99de	19	00:002CABC0,01:002E0750,02:002CA520,03:002BC798,04:002BF820,05:002F6C80,06:002D7D48,07:002F4090,08:002D7D58,09:002ED6B0,10:002BC820,11:002F08C8,12:002E66E0,13:002E6690,14:002DCE00,15:002C8DD0,16:002C5A18,17:002C97B0,18:002CD368
func_L00_002CC210	shared	76	7c847e810b498ae7	19	00:002CC210,00:002CC260,00:002D6B90,00:002D6BE0,00:002D6C30,01:002E1DA0,01:002E1DF0,01:002F0ED0,01:002F0F20,01:002F3050,01:002F30A0,02:002CBB70,02:002CBBC0,02:002D75F8,02:002D76C8,03:002BDDE8,03:002BDE38,04:002C0E70,04:002C0EC0,04:002C53B0,04:002C5400,05:002F82D0,05:002F8320,05:00301FA0,05:00301FF0,06:002D9398,06:002D93E8,07:002F56E0,07:002F5730,08:002D5268,08:002D52B8,08:002D5308,08:002D93A8,08:002D93F8,09:002E3888,09:002E38D8,09:002E3928,09:002EED00,09:002EED50,10:002BDE70,10:002BDEC0,11:002F1F18,11:002F1F68,11:002FCBC0,11:002FCC10,12:002E2A68,12:002E2AB8,12:002E7D30,12:002E7D80,13:002B8BF0,13:002B8C40,13:002E7CE0,13:002E7D30,14:002DC0F0,14:002DC140,14:002DC190,14:002DE450,14:002DE4A0,15:002BD6F8,15:002BD748,15:002BD798,15:002CA420,15:002CA470,16:002C7068,16:002C70B8,16:002E7A38,16:002E7A88,16:002E7AD8,17:002CAE00,17:002CAE50,18:002CE9B8,18:002CEA08,18:002E27A8,18:002E27F8,18:002E2848,18:002FE070,18:002FE0C0,18:002FE110
func_L00_002CC2B0	shared	176	4d82fbd2d86f26f4	19	00:002CC2B0,01:002E1E40,02:002CBC10,03:002BDE88,04:002C0F10,04:002C5450,05:002F8370,06:002D9438,07:002F5780,08:002D9448,09:002EEDA0,10:002BDF10,11:002F1FB8,12:002E7DD0,13:002E7D80,14:002DE4F0,15:002CA4C0,16:002C7108,17:002CAEA0,18:002CEA58
func_L00_002CC360	shared	44	cc6eb3c1da4c1fab	19	00:002CC360,00:002D6C80,01:002E1EF0,01:002F0F70,01:002F31A0,02:002CBCC0,02:002D7718,03:002BDF38,04:002C0FC0,04:002C5500,05:002F8420,05:00302040,06:002D94E8,07:002F5830,08:002D94F8,09:002E3978,09:002EEE50,10:002BDFC0,11:002F2068,11:002FCC60,12:002E7E80,13:002B8D40,13:002E7E30,14:002DE5A0,15:002BD7E8,15:002CA570,16:002C71B8,16:002E7B28,17:002CAF50,17:002F1B50,18:002CEB08,18:002E2898,18:002FE160
func_L00_002CC390	shared	28	a43b94642aa62de2	19	00:002CC390,01:002E1F20,02:002CBCF0,03:002BDF68,04:002C0FF0,05:002F8450,06:002D9518,07:002F5860,08:002D9528,09:002EEE80,10:002BDFF0,11:002F2098,12:002E7EB0,13:002E7E60,14:002DE5D0,15:002CA5A0,16:002C71E8,17:002CAF80,18:002CEB38
func_L00_002CC3C0	shared	1188	f98a994b5866bd4a	19	00:002CC3C0,01:002E3040,02:002CBD20,03:002BDF98,04:002C1F08,05:002F8480,06:002DA0E8,07:002F5890,08:002DA440,09:002EF780,10:002BEBC0,11:002F2890,12:002EA2F0,13:002E8878,14:002DE600,15:002CA5D8,16:002C76F8,17:002CB790,18:002CEB68
func_L00_002CC868	shared	2212	1edbebb682aa19fd	19	00:002CC868,01:002E34E8,02:002CC1C8,03:002BE440,04:002C23B0,05:002F8928,06:002DA590,07:002F5D38,08:002DA8E8,09:002EFC28,10:002BF068,11:002F2D38,12:002EA798,13:002E8D20,14:002DEAA8,15:002CAA80,16:002C7BA0,17:002CBC38,18:002CF010
func_L00_002CD110	shared	680	8ac25d5fbe69e513	19	00:002CD110,01:002E3D90,02:002CCA70,03:002BECE8,04:002C2C58,05:002F91D0,06:002DAE38,07:002F65E0,08:002DB190,09:002F04D0,10:002BF910,11:002F35E0,12:002EB040,13:002E95C8,14:002DF350,15:002CB328,16:002C8448,17:002CC4E0,18:002CF8B8
func_L00_002CD3B8	shared	676	a2842bef87004e69	19	00:002CD3B8,01:002E4038,02:002CCD48,03:002BEF90,04:002C77E8,05:002F9718,06:002DB2B0,07:002F6B28,08:002DE340,09:002F1418,10:002C04E0,11:002F4760,12:002EE910,13:002EEB30,14:002E1BE0,15:002CD1F0,16:002C86F0,17:002CDC88,18:002CFE38
func_L00_002CD660	shared	324	a4f9dbff0e644b04	19	00:002CD660,01:002E42E0,02:002CCFF0,03:002BF238,04:002C7A90,05:002F99C0,06:002DB558,07:002F6DD0,08:002DE5E8,09:002F16C0,10:002C0788,11:002F4A08,12:002EEBB8,13:002EEDD8,14:002E1E88,15:002CD498,16:002C8998,17:002CDF30,18:002D00E0
func_L00_002CD7B0	shared	776	eb652fb54631a2af	19	00:002CD7B0,01:002E5F30,02:002CEC40,03:002BF388,04:002C9E40,05:002F9F38,06:002DB6A8,07:002F7A58,08:002E6960,09:002F1810,10:002C08D8,11:002F4B58,12:002EED08,13:002EF538,14:002E1FD8,15:002CD5E8,16:002C8E88,17:002CE080,18:002D0230
func_L00_002CDAB8	shared	2264	c43448248b52072d	19	00:002CDAB8,01:002E6238,02:002CEF48,03:002BF690,04:002CA148,05:002FA240,06:002DB9B0,07:002F7D60,08:002E6C68,09:002F1B18,10:002C0BE0,11:002F4E60,12:002EF010,13:002EF840,14:002E22E0,15:002CD8F0,16:002C9190,17:002CE388,18:002D0538
func_L00_002CE390	shared	784	da3ceddd2f117b46	19	00:002CE390,01:002E6B10,02:002CF820,03:002C0ED0,04:002CAA20,05:002FAB18,06:002DC288,07:002F8638,08:002E84A8,09:002F23F0,10:002C14B8,11:002F5738,12:002EF8E8,13:002F0118,14:002E3B20,15:002CE1C8,16:002C9A68,17:002CEC60,18:002D0E10
func_L00_002CE6A0	shared	2764	85e0b991f049aff4	19	00:002CE6A0,01:002E6E20,02:002CFB30,03:002C11E0,04:002CAD30,05:002FAE28,06:002DC598,07:002F8948,08:002E87B8,09:002F2700,10:002C17C8,11:002F5A48,12:002EFBF8,13:002F0428,14:002E3E30,15:002CE4D8,16:002C9D78,17:002CEF70,18:002D1120
func_L00_002CF170	shared	436	c29b0c0cf16cea81	19	00:002CF170,01:002E9FF8,02:002D0600,03:002C1CB0,04:002CDC28,05:002FB8F8,06:002DD068,07:002F94A8,08:002EBCA0,09:002F31D0,10:002C2298,11:002F6518,12:002F0FA0,13:002F0EF8,14:002E4900,15:002CEFA8,16:002CB470,17:002CFA40,18:002D1BF0
func_L00_002CF328	shared	176	52a266ff1d2b7d97	19	00:002CF328,01:002EA1B0,02:002D07B8,03:002C1E68,04:002CDDE0,05:002FBAB0,06:002DD220,07:002F9660,08:002EBE58,09:002F3388,10:002C2450,11:002F66D0,12:002F1158,13:002F10B0,14:002E4AB8,15:002CF160,16:002CB628,17:002CFBF8,18:002D1DA8
func_L00_002CF3D8	shared	708	e35e76aceafc88c7	19	00:002CF3D8,01:002EA260,02:002D0868,03:002C1F18,04:002CDE90,05:002FBB60,06:002DD2D0,07:002F9710,08:002EBF08,09:002F3438,10:002C2500,11:002F6780,12:002F1208,13:002F1160,14:002E4B68,15:002CF210,16:002CB6D8,17:002CFCA8,18:002D1E58
func_L00_002CF6A0	shared	360	2aff4b19342fcab2	19	00:002CF6A0,01:002EA528,02:002D0B30,03:002C21E0,04:002CE158,05:002FBE28,06:002DD598,07:002F99D8,08:002EC1D0,09:002F3700,10:002C27C8,11:002F6A48,12:002F14D0,13:002F1428,14:002E4E30,15:002CF4D8,16:002CB9A0,17:002CFF70,18:002D2120
func_L00_002CF808	shared	3776	5f1c2ab1da37ab9c	19	00:002CF808,01:002EA690,02:002D0C98,03:002C2348,04:002CE2C0,05:002FBF90,06:002DD700,07:002F9B40,08:002EC338,09:002F3868,10:002C2930,11:002F6BB0,12:002F1638,13:002F1590,14:002E4F98,15:002CF640,16:002CBB08,17:002D00D8,18:002D2288
func_L00_002D06C8	shared	2720	e8fcc8ea94e2a6c6	19	00:002D06C8,01:002EB550,02:002D1B58,03:002C3208,04:002CF500,05:002FCE50,06:002DE5C0,07:002FAA00,08:002ED2D8,09:002F4728,10:002C37F0,11:002F7A70,12:002F2598,13:002F2450,14:002E5E58,15:002D2830,16:002CC9E8,17:002D0F98,18:002D3148
func_L00_002D1168	shared	2176	354a47b4e9147558	19	00:002D1168,01:002EBFF0,02:002D25F8,03:002C3CA8,04:002CFFA0,05:002FD8F0,06:002DF060,07:002FB4A0,08:002EDD78,09:002F51C8,10:002C4290,11:002F8510,12:002F3038,13:002F2EF0,14:002E68F8,15:002D32D0,16:002CD488,17:002D1A38,18:002D3BE8
func_L00_002D19E8	shared	1148	ae69e18b065171c1	19	00:002D19E8,01:002EC870,02:002D2E78,03:002C4528,04:002D0820,05:002FE170,06:002DF8E0,07:002FBD20,08:002EE5F8,09:002F5A48,10:002C4B10,11:002F8D90,12:002F38B8,13:002F3770,14:002E7178,15:002D3B50,16:002CDD08,17:002D22B8,18:002D4468
func_L00_002D1E68	shared	2664	dd3dd3257ae2d514	19	00:002D1E68,01:002ECCF0,02:002D32F8,03:002C49A8,04:002D0CA0,05:002FE5F0,06:002DFD60,07:002FC1A0,08:002EEA78,09:002F5EC8,10:002C4F90,11:002F9210,12:002F3D38,13:002F3BF0,14:002E75F8,15:002D3FD0,16:002CE188,17:002D2738,18:002D48E8
func_L00_002D28D8	shared	1412	6f8db8db9598926a	19	00:002D28D8,01:002ED760,02:002D3D68,03:002C5418,04:002D1710,05:002FF060,06:002E07D0,07:002FCC10,08:002EF4E8,09:002F6938,10:002C5A00,11:002F9C80,12:002F47A8,13:002F4660,14:002E8068,15:002D4A40,16:002CEBF8,17:002D31A8,18:002D5358
func_L00_002D2E60	shared	1228	924bf88e031d854e	2	00:002D2E60,01:002EDCE8
func_L00_002D3330	shared	176	cf5895f008a66468	2	00:002D3330,01:002EE1B8
func_L00_002D3608	shared	1300	2a151995861329c2	19	00:002D3608,01:002EE498,02:002D4518,03:002C6608,04:002D1EC0,05:002FF810,06:002E0F80,07:002FD400,08:002F06D8,09:002F70E8,10:002C61B8,11:002FA430,12:002F4F58,13:002F5010,14:002EA7B8,15:002D51F8,16:002D27D0,17:002D3958,18:002D5B08
func_L00_002D3B20	shared	1052	474669652f9c84f8	19	00:002D3B20,01:002EE9B0,02:002D4A30,03:002C6B20,04:002D23D8,05:002FFD28,06:002E1498,07:002FD918,08:002F0BF0,09:002F7600,10:002C66D0,11:002FA948,12:002F5470,13:002F5528,14:002EACD0,15:002D5710,16:002D2CE8,17:002D3E70,18:002D6020
func_L00_002D3F40	shared	916	770125ff4f7834d5	19	00:002D3F40,01:002F3200,02:002D7888,03:002CBF70,04:002D4A08,05:003020A0,06:002E18B8,07:002FDD38,08:002F12C0,09:002F7CC8,10:002C6AF0,11:002FCCC0,12:002F5890,13:002F5948,14:002EB0F0,15:002D5DD8,16:002D3108,17:002D4538,18:002D81D0
func_L00_002D42D8	shared	112	bf57cb75c662c871	19	00:002D42D8,01:002F3598,02:002D7C20,03:002CC308,04:002D4DA0,05:00302438,06:002E1C50,07:002FE0D0,08:002F1658,09:002F8060,10:002C6E88,11:002FD058,12:002F5C28,13:002F5CE0,14:002EB488,15:002D6170,16:002D34A0,17:002D48D0,18:002D8568
func_L00_002D4348	shared	76	20b7ebcffe654d9a	19	00:002D4348,01:002F3608,02:002D7C90,03:002CC378,04:002D4E10,05:003024A8,06:002E1CC0,07:002FE140,08:002F16C8,09:002F80D0,10:002C6EF8,11:002FD0C8,12:002F5C98,13:002F5D50,14:002EB4F8,15:002D61E0,16:002D3510,17:002D4940,18:002D85D8
func_L00_002D4398	shared	2276	5e9261c50aadbd08	19	00:002D4398,01:002F3658,02:002D7CE0,03:002CC3C8,04:002D4E60,05:003024F8,06:002E1D10,07:002FE190,08:002F1718,09:002F8120,10:002C6F48,11:002FD118,12:002F5CE8,13:002F5DA0,14:002EB548,15:002D6230,16:002D3560,17:002D4990,18:002D8628
func_L00_002D4C80	shared	96	2bd09b632465eb29	19	00:002D4C80,01:002F4498,02:002D8B20,03:002CD208,04:002D5CA0,05:00303338,06:002E2B50,07:002FEC80,08:002F32D0,09:002F8C10,10:002C7A38,11:002FDF58,12:002F6B28,13:002F6890,14:002EC388,15:002D6D20,16:002D4050,17:002D5480,18:002DA1A0
func_L00_002D4CE8	shared	472	9f86b1f2b884ea5e	19	00:002D4CE8,01:002F4948,02:002DC398,03:002CF838,04:002D8498,05:00306E38,06:002E5200,07:00300758,08:002F5F18,09:002F8C78,10:002C7AA0,11:00300608,12:002F6B90,13:002F8F40,14:002ECE98,15:002D6D88,16:002D5FD0,17:002D54E8,18:002DFC20
func_L00_002D4EC0	shared	3068	bc5f9ee36ecb13c4	19	00:002D4EC0,01:002F4B20,02:002DC570,03:002CFA10,04:002D8670,05:00307010,06:002E53D8,07:00300930,08:002F60F0,09:002F8E50,10:002C7C78,11:003007E0,12:002F6D68,13:002F9118,14:002ED070,15:002D6F60,16:002D61A8,17:002D56C0,18:002DFDF8
func_L00_002D5AC0	shared	2896	b7a9cdb54fa648fd	2	00:002D5AC0,18:002E16D8
func_L00_002D6610	shared	868	0ffea45b9356d184	2	00:002D6610,18:002E2228
func_L00_002D6978	shared	532	73ab25b5f7655bc2	2	00:002D6978,18:002E2590
func_L00_002D6CB0	shared	28	d97fdbb5359dad1b	17	00:002D6CB0,01:002F0FA0,01:002F31D0,02:002D7748,04:002C5530,05:00302070,06:002EBC30,08:002D53E0,09:002E39A8,10:002CFBF8,11:002FCC90,11:00317760,12:002E2B58,13:002B8D70,14:002DC268,15:002BD818,16:002E7B58,17:002F1B80,18:002D7640,18:002E28C8,18:002FE190
func_L00_002D6CE0	shared	340	bedc8dc7ce08e809	3	00:002D6CE0,05:0030DD80,18:002E2C70
func_L00_002D6E38	shared	1116	bf1f202d2cddfde9	14	00:002D6E38,01:002FCEF8,03:002D0A00,04:002D9898,05:00309790,06:002E5FD8,07:00302048,08:002F8EF8,10:002C93B0,12:002F7968,13:002FA600,14:002F2BA0,15:002DAF50,17:002D94E0
func_L00_002D7298	shared	3588	ad9e3c88774aaabd	14	00:002D7298,01:002FD358,03:002D0E60,04:002D9CF8,05:00309BF0,06:002E6438,07:003024A8,08:002F9358,10:002C9810,12:002F7DC8,13:002FAA60,14:002F3000,15:002DB3B0,17:002D9940
func_L00_002D80A0	shared	224	0cbdcb2a32c8ac1e	19	00:002D80A0,00:002E1B58,01:002FE160,01:00309848,01:0030BDB0,02:002EC940,02:002EF9E8,03:002D1C68,03:002DED20,03:002E0608,04:002DAB00,04:002E3000,04:002E3AE8,04:002E5518,05:0030A9F8,05:0031B940,05:0031D170,06:002E7240,06:00306FB8,06:003086D8,07:003032B0,07:0031D190,07:0031FC98,08:002FA160,08:00305000,08:00308370,09:00303E70,09:00309ED0,10:00299A10,10:002CA618,10:002DF470,10:002E8600,11:0030D370,11:00319CC0,12:002F8BD0,12:00301960,12:003092A8,13:002FB868,13:003055B8,13:0030C800,14:002F3E08,14:00301870,14:00304B88,14:00306EC0,15:002DC1B8,15:002E6330,15:002E9A20,15:002EBCC0,16:002E0E20,16:002E3460,17:002DA748,17:002E62B0,17:002E9FE8,18:002EE800,18:002F0C98
func_L00_002D8180	shared	600	d41fcb032c37b453	14	00:002D8180,01:002FE240,03:002D1D48,04:002DABE0,05:0030AAD8,06:002E7320,07:00303390,08:002FA240,10:002CA6F8,12:002F8CB0,13:002FB948,14:002F3EE8,15:002DC298,17:002DA828
func_L00_002D83D8	shared	1212	21976d5cfdf03891	3	00:002D83D8,01:002FEF98,14:002F4410
func_L00_002D8898	shared	2052	d42680060a7ec925	3	00:002D8898,01:002FF458,14:002F48D0
func_L00_002D90A0	shared	356	6c43440ac34cbe49	3	00:002D90A0,01:002FFC60,14:002F50D8
func_L00_002D9208	shared	312	27baffd847e667d9	3	00:002D9208,01:002FFDC8,14:002F5240
func_L00_002D9340	shared	164	c5ec9b4d965d6e42	19	00:002D9340,01:00300B40,02:002E2018,03:002D2270,04:002DB108,05:0030B000,06:002E75A8,07:003038E8,08:002FABD8,09:002F9F28,10:002CAC20,11:003016B0,12:002F91D8,13:002FBE70,14:002F5380,15:002DC7C0,16:002D7A10,17:002DAD50,18:002E3098
func_L00_002D93E8	shared	76	83623dfb0e158b26	19	00:002D93E8,01:00300BE8,02:002E20C0,03:002D2318,04:002DB1B0,05:0030B0A8,06:002E7650,07:00303990,08:002FAC80,09:002F9FD0,10:002CACC8,11:00301758,12:002F9280,13:002FBF18,14:002F5428,15:002DC868,16:002D7AB8,17:002DADF8,18:002E3140
func_L00_002D9438	shared	416	563bb7e58afa2187	19	00:002D9438,01:00301458,02:002E3B38,03:002D2368,04:002DB200,05:0030B0F8,06:002E7970,07:003039E0,08:002FACD0,09:002FA2F0,10:002CB440,11:003017A8,12:002F92D0,13:002FBF68,14:002F5478,15:002DC8B8,16:002D7C08,17:002DAE48,18:002E3190
func_L00_002D95D8	shared	16	9824eab767011ef4	19	00:002D95D8,01:003018F0,02:002E3FD0,03:002D2800,04:002DB698,05:0030B590,06:002E7E08,07:00303E78,08:002FB168,09:002FA788,10:002CB8D8,11:00301C40,12:002F9768,13:002FC400,14:002F5910,15:002DCD50,16:002D80A0,17:002DB2E0,18:002E3628
func_L00_002D95E8	shared	116	c6b22781c26077ce	19	00:002D95E8,01:00301900,02:002E3FE0,03:002D2810,04:002DB6A8,05:0030B5A0,06:002E7E18,07:00303E88,08:002FB178,09:002FA798,10:002CB8E8,11:00301C50,12:002F9778,13:002FC410,14:002F5920,15:002DCD60,16:002D80B0,17:002DB2F0,18:002E3638
func_L00_002D9668	shared	608	fa16ad1efe14e732	19	00:002D9668,01:00301980,02:002E4060,03:002D2890,04:002DB728,05:0030B620,06:002E7E98,07:00303F08,08:002FB1F8,09:002FA818,10:002CB968,11:00301CD0,12:002F97F8,13:002FC490,14:002F59A0,15:002DCDE0,16:002D8130,17:002DB370,18:002E3738
func_L00_002D98C8	shared	248	82b9518136f8873d	19	00:002D98C8,01:00301BE0,02:002E42C0,03:002D2AF0,04:002DB988,05:0030B880,06:002E80F8,07:00304168,08:002FB458,09:002FAA78,10:002CBBC8,11:00301F30,12:002F9A58,13:002FC6F0,14:002F5C00,15:002DD040,16:002D8390,17:002DB5D0,18:002E3998
func_L00_002D99C0	shared	832	cc84a2ec3c43aca9	19	00:002D99C0,01:00301CD8,02:002E43B8,03:002D2BE8,04:002DBA80,05:0030B978,06:002E81F0,07:00304260,08:002FB550,09:002FAB70,10:002CBCC0,11:00302028,12:002F9B50,13:002FC7E8,14:002F5CF8,15:002DD138,16:002D8488,17:002DB6C8,18:002E3A90
func_L00_002D9D00	shared	180	700e1bc9bd1d57b9	19	00:002D9D00,01:00302018,02:002E46F8,03:002D2F28,04:002DBDC0,05:0030BCB8,06:002E8530,07:003045A0,08:002FB890,09:002FAEB0,10:002CC000,11:00302368,12:002F9E90,13:002FCB28,14:002F6038,15:002DD478,16:002D87C8,17:002DBA08,18:002E3DD0
func_L00_002D9DB8	shared	116	094208e80d230258	19	00:002D9DB8,01:003020D0,02:002E47B0,03:002D2FE0,04:002DBE78,05:0030BD70,06:002E85E8,07:00304658,08:002FB948,09:002FAF68,10:002CC0B8,11:00302420,12:002F9F48,13:002FCBE0,14:002F60F0,15:002DD530,16:002D8880,17:002DBAC0,18:002E3E88
func_L00_002D9E30	shared	112	6563874a20771db4	19	00:002D9E30,01:00302148,02:002E4828,03:002D3058,04:002DBEF0,05:0030BDE8,06:002E8660,07:003046D0,08:002FB9C0,09:002FAFE0,10:002CC130,11:00302498,12:002F9FC0,13:002FCC58,14:002F6168,15:002DD5A8,16:002D88F8,17:002DBB38,18:002E3F00
func_L00_002D9EA0	shared	3616	38fdc2bfd061f447	19	00:002D9EA0,01:003021B8,02:002E4898,03:002D30C8,04:002DBF60,05:0030BE58,06:002E86D0,07:00304740,08:002FBA30,09:002FB050,10:002CC1A0,11:00302508,12:002FA030,13:002FCCC8,14:002F61D8,15:002DD618,16:002D8968,17:002DBBA8,18:002E3F70
func_L00_002DACC0	shared	1464	7f36b9405e169bca	19	00:002DACC0,01:00302FD8,02:002E56B8,03:002D3EE8,04:002DCD80,05:0030CC78,06:002E94F0,07:00305560,08:002FC850,09:002FBE70,10:002CCFC0,11:00303328,12:002FAE50,13:002FDAE8,14:002F6FF8,15:002DE438,16:002D9788,17:002DC9C8,18:002E4D90
func_L00_002DB278	level	432	c35a767d59644a3e	1	00:002DB278
func_L00_002DB428	shared	88	e0c8c3dd3b80fda8	19	00:002DB428,01:00303BC0,02:002E6020,03:002D6678,04:002DD6E8,05:00310F18,06:002EC010,07:00306EC0,08:002FD1B8,09:002FC7D8,10:002CFFD8,11:003045E0,12:002FB7B8,13:002FE450,14:002F7960,15:002E0310,16:002D9D40,17:002DDC98,18:002E56F8
func_L00_002DB480	shared	132	525c8af18af8845d	19	00:002DB480,01:00303C18,02:002E6078,03:002D66D0,04:002DD740,05:00310F70,06:002EC068,07:00306F18,08:002FD210,09:002FC830,10:002D0030,11:00304638,12:002FB810,13:002FE4A8,14:002F79B8,15:002E0368,16:002D9D98,17:002DDCF0,18:002E5750
func_L00_002DB508	shared	388	282a79a056158ae8	19	00:002DB508,01:00303CA0,02:002E6100,03:002D6758,04:002DD7C8,05:00310FF8,06:002EC0F0,07:00306FA0,08:002FD298,09:002FC8B8,10:002D00B8,11:003046C0,12:002FB898,13:002FE530,14:002F7A40,15:002E03F0,16:002D9E20,17:002DDD78,18:002E57D8
func_L00_002DB690	shared	56	cba0599112da1ad9	19	00:002DB690,00:002DB6C8,01:00303E28,01:00303E60,02:002E6288,02:002E62C0,03:002D68E0,03:002D6918,04:002DD950,04:002DD988,05:00311180,05:003111B8,06:002EC278,06:002EC2B0,07:00307128,07:00307160,08:002FD420,08:002FD458,09:002FCA40,09:002FCA78,10:002D0240,10:002D0278,11:00304848,11:00304880,12:002FBA20,12:002FBA58,13:002FE6B8,13:002FE6F0,14:002F7BC8,14:002F7C00,15:002E0578,15:002E05B0,16:002D9FA8,16:002D9FE0,17:002DDF00,17:002DDF38,18:002E5960,18:002E5998
func_L00_002DB700	shared	272	1eb5fd1aa80d859e	19	00:002DB700,01:00303E98,02:002E62F8,03:002D6950,04:002DD9C0,05:003111F0,06:002EC2E8,07:00307198,08:002FD490,09:002FCAB0,10:002D02B0,11:003048B8,12:002FBA90,13:002FE728,14:002F7C38,15:002E05E8,16:002DA018,17:002DDF70,18:002E59D0
func_L00_002DB810	shared	764	e2eda1ef24c54aff	19	00:002DB810,01:00303FA8,02:002E6408,03:002D6A60,04:002DDAD0,05:00311300,06:002EC3F8,07:003072A8,08:002FD5A0,09:002FCBC0,10:002D03C0,11:003049C8,12:002FBBA0,13:002FE838,14:002F7D48,15:002E06F8,16:002DA128,17:002DE080,18:002E5AE0
func_L00_002DBB10	shared	304	febcc5227a7df7b9	19	00:002DBB10,01:003042A8,02:002E6708,03:002D6D60,04:002DDDD0,05:00311600,06:002EC6F8,07:003075A8,08:002FD8A0,09:002FCEC0,10:002D06C0,11:00304CC8,12:002FBEA0,13:002FEB38,14:002F8048,15:002E09F8,16:002DA428,17:002DE380,18:002E5DE0
func_L00_002DBC40	shared	4280	6c3718fe93734eab	19	00:002DBC40,01:003043D8,02:002E6838,03:002D6E90,04:002DDF00,05:00311730,06:002EC828,07:003076D8,08:002FD9D0,09:002FCFF0,10:002D07F0,11:00304DF8,12:002FBFD0,13:002FEC68,14:002F8178,15:002E0B28,16:002DA558,17:002DE4B0,18:002E5F10
func_L00_002DCD40	shared	104	f948c7977e89dbac	19	00:002DCD40,01:003054D8,02:002E7938,03:002D7F90,04:002DF000,05:00312830,06:002ED928,07:003087D8,08:002FEAD0,09:002FE0F0,10:002D18F0,11:00305EF8,12:002FD0D0,13:002FFD68,14:002F9278,15:002E1C28,16:002DB658,17:002DF5B0,18:002E7010
func_L00_002DCDA8	shared	548	3d22cb91651dcdcf	19	00:002DCDA8,01:00305540,02:002E79A0,03:002D7FF8,04:002DF068,05:00312898,06:002ED990,07:00308840,08:002FEB38,09:002FE158,10:002D1958,11:00305F60,12:002FD138,13:002FFDD0,14:002F92E0,15:002E1C90,16:002DB6C0,17:002DF618,18:002E7078
func_L00_002DCFD0	shared	268	2755477d0171529c	19	00:002DCFD0,01:00305768,02:002E7BC8,03:002D8220,04:002DF290,05:00312AC0,06:002EDBB8,07:00308A68,08:002FED60,09:002FE380,10:002D1B80,11:00306188,12:002FD360,13:002FFFF8,14:002F9508,15:002E1EB8,16:002DB8E8,17:002DF840,18:002E72A0
func_L00_002DD0E0	shared	492	6eb489c7cb71e204	19	00:002DD0E0,01:00305878,02:002E7CD8,03:002D8330,04:002DF3A0,05:00312BD0,06:002EDCC8,07:00308B78,08:002FEE70,09:002FE490,10:002D1C90,11:00306298,12:002FD470,13:00300108,14:002F9618,15:002E1FC8,16:002DB9F8,17:002DF950,18:002E73B0
func_L00_002DD2D0	shared	260	77eaab9b4fa163a5	19	00:002DD2D0,01:00305A68,02:002E7EC8,03:002D8520,04:002DF590,05:00312DC0,06:002EDEB8,07:00308D68,08:002FF060,09:002FE680,10:002D1E80,11:00306488,12:002FD660,13:003002F8,14:002F9808,15:002E21B8,16:002DBBE8,17:002DFB40,18:002E75A0
func_L00_002DD3D8	shared	2576	a17f7e24b0180689	19	00:002DD3D8,01:00305B70,02:002E7FD0,03:002D8628,04:002DF698,05:00312EC8,06:002EDFC0,07:00308E70,08:002FF168,09:002FE788,10:002D1F88,11:00306590,12:002FD768,13:00300400,14:002F9910,15:002E22C0,16:002DBCF0,17:002DFC48,18:002E76A8
func_L00_002DDDE8	shared	184	d6cb0dd6ae72eb4d	19	00:002DDDE8,01:00306580,02:002E89E0,03:002D9038,04:002E00A8,05:003138D8,06:002EE9D0,07:00309880,08:002FFB78,09:002FF198,10:002D2998,11:00306FA0,12:002FE178,13:00300E10,14:002FA320,15:002E2CD0,16:002DC700,17:002E0658,18:002E80B8
func_L00_002DDEA0	shared	3828	0d2e22381eec0073	19	00:002DDEA0,01:00306638,02:002E8A98,03:002D90F0,04:002E0160,05:00313990,06:002EEA88,07:00309938,08:002FFC30,09:002FF250,10:002D2A50,11:00307058,12:002FE230,13:00300EC8,14:002FA3D8,15:002E2D88,16:002DC7B8,17:002E0710,18:002E8170
func_L00_002DED98	shared	948	78192417107c9f23	19	00:002DED98,01:00307530,02:002E9990,03:002D9FE8,04:002E1058,05:00314888,06:002EF980,07:0030A830,08:00300B28,09:00300148,10:002D3948,11:00307F50,12:002FF128,13:00301DC0,14:002FB2D0,15:002E3C80,16:002DD6B0,17:002E1608,18:002E9068
func_L00_002DF150	shared	24	e270d52e74e91758	19	00:002DF150,01:003078E8,02:002E9D48,03:002DA3A0,04:002E1410,05:00314C40,06:002EFD38,07:0030ABE8,07:00319068,08:00300EE0,09:00300500,10:002D3D00,11:00308308,12:002FF4E0,13:00302178,14:002FB688,15:002E4038,16:002DDA68,17:002E19C0,18:002E9420
func_L00_002DF168	shared	680	7c3aa8e31a2f5577	19	00:002DF168,01:00307900,02:002E9D60,03:002DA3B8,04:002E1428,05:00314C58,06:002EFD50,07:0030AC00,08:00300EF8,09:00300518,10:002D3D18,11:00308320,12:002FF4F8,13:00302190,14:002FB6A0,15:002E4050,16:002DDA80,17:002E19D8,18:002E9438
func_L00_002DF410	shared	4220	c6c5b3edf9fb616d	19	00:002DF410,01:00307BA8,02:002EA008,03:002DA660,04:002E16D0,05:00314F00,06:002EFFF8,07:0030AEA8,08:003011A0,09:003007C0,10:002D3FC0,11:003085C8,12:002FF7A0,13:00302438,14:002FB948,15:002E42F8,16:002DDD28,17:002E1C80,18:002E96E0
func_L00_002E0490	shared	104	703b1efd05d39327	19	00:002E0490,01:00308C28,02:002EB088,03:002DB6E0,04:002E2750,05:00315F80,06:002F1078,07:0030BF28,07:0031A200,08:00302220,09:00301840,10:002D5040,11:00309648,12:00300820,13:003034B8,14:002FC9C8,15:002E5378,16:002DEDA8,17:002E2D00,18:002EA760
func_L00_002E04F8	shared	408	9adb1d75fb11d603	19	00:002E04F8,01:00308C90,02:002EB0F0,03:002DB748,04:002E27B8,05:00315FE8,06:002F10E0,07:0030BF90,08:00302288,09:003018A8,10:002D50A8,11:003096B0,12:00300888,13:00303520,14:002FCA30,15:002E53E0,16:002DEE10,17:002E2D68,18:002EA7C8
func_L00_002E0690	shared	500	8425f620f71ce58d	19	00:002E0690,01:00308E28,02:002EB288,03:002DB8E0,04:002E2950,05:00316180,06:002F1278,07:0030C128,08:00302420,09:00301A40,10:002D5240,11:00309848,12:00300A20,13:003036B8,14:002FCBC8,15:002E5578,16:002DEFA8,17:002E2F00,18:002EA960
func_L00_002E0888	shared	208	7d6049409309ad41	4	00:002E0888,02:002EBF10,05:0031AED8,18:002EDDD0
func_L00_002E0958	shared	80	0ce261e327456abc	4	00:002E0958,02:002EBFE0,05:0031AFA8,18:002EDEA0
func_L00_002E09A8	shared	316	f20bd68dbfd22e90	4	00:002E09A8,02:002EC030,05:0031AFF8,18:002EDEF0
func_L00_002E0AE8	shared	84	5238e900a9dbddd6	19	00:002E0AE8,01:0030AC70,02:002ECFF8,03:002DF3D8,04:002E41A0,05:0031BFF8,06:00307670,07:0031E5B8,08:00306428,09:00304528,10:002DFB28,11:0030DA28,12:00302D88,13:003069E0,14:00301F28,15:002E69E8,16:002E22E8,17:002E76D8,18:002EFC28
func_0023B5D0	exe	156	5d3f9282f5029a66	19	00:002E0B40,01:0030ACC8,02:002ED050,03:002DF430,04:002E41F8,05:0031C050,06:003076C8,07:0031E610,08:00306480,09:00304580,10:002DFB80,11:0030DA80,12:00302DE0,13:00306A38,14:00301F80,15:002E6A40,16:002E2340,17:002E7730,18:002EFC80
func_L00_002E0BE0	shared	216	b7efda8c3b1592b3	19	00:002E0BE0,01:0030AD68,02:002ED0F0,03:002DF4D0,04:002E4298,05:0031C200,06:00307768,07:0031EB60,08:00306520,09:00304620,10:002E03C8,11:0030DB20,12:00302E80,13:00306AD8,14:00302020,15:002E6AE0,16:002E24F0,17:002E77D0,18:002EFD20
func_L00_002E0CB8	shared	396	43c3e3eefce89af2	19	00:002E0CB8,01:0030AE40,02:002ED1C8,03:002DF5A8,04:002E4680,05:0031C2D8,06:00307840,07:0031EC38,08:00306D28,09:00305EA0,10:002E04A0,11:003108E0,12:00302F58,13:00306BB0,14:003020F8,15:002E6BB8,16:002E25C8,17:002E78A8,18:002EFDF8
func_L00_002E0E50	shared	2064	4d63252ba7810ddb	19	00:002E0E50,01:0030B0A8,02:002EECE0,03:002DF900,04:002E4810,05:0031C468,06:003079D0,07:0031EF90,08:00306EB8,09:00308560,10:002E7280,11:00317D38,12:003032B0,13:00307D60,14:00303DE0,15:002E88D0,16:002E2758,17:002E92E0,18:002EFF90
func_L00_002E1660	shared	300	0bd6a1d282e6b92a	19	00:002E1660,01:0030B8B8,02:002EF4F0,03:002E0110,04:002E5020,05:0031CC78,06:003081E0,07:0031F7A0,08:003076C8,09:00308D70,10:002E7A90,11:00318548,12:00303AC0,13:00308570,14:003045F0,15:002E90E0,16:002E2F68,17:002E9AF0,18:002F07A0
func_L00_002E1790	shared	68	8c3eca852e82c32c	19	00:002E1790,01:0030B9E8,02:002EF620,03:002E0240,04:002E5150,05:0031CDA8,06:00308310,07:0031F8D0,08:003077F8,09:00308EA0,10:002E7BC0,11:00318678,12:00303BF0,13:003086A0,14:00304720,15:002E9210,16:002E3098,17:002E9C20,18:002F08D0
func_L00_002E17D4	shared	28	3649cc4d443be223	19	00:002E17D4,01:0030BA2C,02:002EF664,03:002E0284,04:002E5194,05:0031CDEC,06:00308354,07:0031F914,08:0030783C,09:00308EE4,10:002E7C04,11:003186BC,12:00303C34,13:003086E4,14:00304764,15:002E9254,16:002E30DC,17:002E9C64,18:002F0914
func_L00_002E17F0	shared	88	254ca82d2caa0f9a	19	00:002E17F0,01:0030BA48,02:002EF680,03:002E02A0,04:002E51B0,05:0031CE08,06:00308370,07:0031F930,08:00307858,09:00308F00,10:002E7C20,11:003186D8,12:00303C50,13:00308700,14:00304780,15:002E9270,16:002E30F8,17:002E9C80,18:002F0930
func_L00_002E1850	shared	776	66c0d0cee05fb1a9	19	00:002E1850,01:0030BAA8,02:002EF6E0,03:002E0300,04:002E5210,05:0031CE68,06:003083D0,07:0031F990,08:00308068,09:00309BC8,10:002E82F8,11:003199B8,12:00308FA0,13:0030C4F8,14:00304880,15:002E9718,16:002E3158,17:002E9CE0,18:002F0990
func_L00_002E1C38	shared	512	febc2371f2577cac	19	00:002E1C38,01:0030BE90,02:002EFAC8,03:002E06E8,04:002E55F8,05:0031D250,06:003087B8,07:0031FD78,08:00308450,09:00309FB0,10:002E86E0,11:00319DA0,12:00309388,13:0030C8E0,14:00304C68,15:002E9B00,16:002E3540,17:002EA0C8,18:002F0D78
func_L00_002E1E38	level	508	23d9618cdfbb5848	1	00:002E1E38
func_L00_002E2038	level	2800	e16bc942319f7a04	1	00:002E2038
func_L00_002E2B28	level	1068	4ec806773dd29a8d	1	00:002E2B28
func_L00_002E2F58	level	464	4f05b29b23d30bee	1	00:002E2F58
func_L00_002E3128	level	376	f3581afa2ceb1a11	1	00:002E3128
func_L00_002E32A0	level	308	23259feb6d6b314a	1	00:002E32A0
func_L00_002E33D8	shared	276	c43d8c5642b9ca4b	3	00:002E33D8,14:00304FB8,15:002E9E50
func_L00_002E34F0	shared	184	3f16e219e33cf969	3	00:002E34F0,14:003050D0,15:002E9F68
func_L00_002E35A8	shared	152	9c692c1ff0c495e3	3	00:002E35A8,14:00305188,15:002EA020
func_L00_002E3640	shared	192	6d942ecd33561702	3	00:002E3640,14:00305220,15:002EA0B8
func_L00_002E3700	shared	2208	4dd85986611aafd3	3	00:002E3700,14:003052E0,15:002EA178
func_L00_002E3FA0	shared	408	93a49a631a8edc06	3	00:002E3FA0,14:00305B80,15:002EAA18
func_L00_002E4138	shared	1792	c4f64b3fb9950733	3	00:002E4138,14:00305D18,15:002EABB0
func_L00_002E4838	shared	1140	94d8bd9ccac7bfd2	3	00:002E4838,14:00306418,15:002EB2B0
func_L00_002E4CB0	level	648	f0eeaf0f0d6dea6c	1	00:002E4CB0
func_L00_002E4F38	shared	540	3529b4aba556165a	4	00:002E4F38,07:003201B0,10:002EC168,18:002FB880
func_L00_002E5158	shared	220	c9020666c55c29b9	4	00:002E5158,01:002FBAF8,02:002E1F38,08:002ED1F8
func_L00_002E5238	shared	980	81250f768e768b91	19	00:002E5238,01:0030E0F0,02:002F0E30,03:002E17A8,04:002E6820,05:0031E700,06:0030AE70,07:003203D0,08:0030AFD8,09:0030ABE0,10:002EB1D8,11:0031C6E0,12:0030CBA8,13:0030DEA8,14:00309870,15:002C7E50,16:002E8758,17:002F4A58,18:002FBD90
func_L00_002E5618	shared	24	9f3e2df820e2f4e9	19	00:002E5618,01:00310718,02:002F34A0,03:002E3E18,04:002E8E90,05:00320CF8,06:0030D5C8,07:00320EB8,08:0030D1C8,09:0030D0D8,10:002ED960,11:00320988,12:0030D6C8,13:0030FBC0,14:0030C0F0,15:002EF7F8,16:002EB800,17:002F82B0,18:002FE230
func_L00_002E5630	shared	272	7f3c011e4f2a7331	19	00:002E5630,01:00310730,02:002F34B8,03:002E3E30,04:002E8EA8,05:00320D10,06:0030D5E0,07:00320ED0,08:0030D1E0,09:0030D0F0,10:002ED978,11:003209A0,12:0030D6E0,13:0030FBD8,14:0030C108,15:002EF810,16:002EB818,17:002F82C8,18:002FE248
func_L00_002E5740	shared	44	d16e16c0dbf50cbc	19	00:002E5740,01:00310840,02:002F35C8,03:002E3F40,04:002E8FB8,05:00320E20,06:0030D6F0,07:00320FE0,08:0030D2F0,09:0030D200,10:002EDA88,11:00320AB0,12:0030D7F0,13:0030FCE8,14:0030C218,15:002EF920,16:002EB928,17:002F83D8,18:002FE358
func_L00_002E5770	shared	360	c5619436cadecd41	19	00:002E5770,01:00310870,02:002F35F8,03:002E3F70,04:002E8FE8,05:00320E50,06:0030D720,07:00321010,08:0030D320,09:0030D230,10:002EDAB8,11:00320AE0,12:0030D820,13:0030FD18,14:0030C248,15:002EF950,16:002EB958,17:002F8408,18:002FE388
func_L00_002E58E0	shared	324	2465511a6298302a	19	00:002E58E0,01:003109E0,02:002F3768,03:002E40E0,04:002E9158,05:00320FC0,06:0030D890,07:00321180,08:0030D490,09:0030D3A0,10:002EDC28,11:00320C50,12:0030D990,13:0030FE88,14:0030C3B8,15:002EFAC0,16:002EBAC8,17:002F8578,18:002FE4F8
func_L00_002E5A30	shared	308	e4ba5f58ce9efd48	19	00:002E5A30,01:00310B30,02:002F38B8,03:002E4230,04:002E92A8,05:00321110,06:0030D9E0,07:003212D0,08:0030D5E0,09:0030D4F0,10:002EDD78,11:00320DA0,12:0030DAE0,13:0030FFD8,14:0030C508,15:002EFC10,16:002EBC18,17:002F86C8,18:002FE648
func_L00_002E5B68	shared	484	3947ee4b3c9a41c7	19	00:002E5B68,01:00310C68,02:002F39F0,03:002E4368,04:002E93E0,05:00321248,06:0030DB18,07:00321408,08:0030D718,09:0030D628,10:002EDEB0,11:00320ED8,12:0030DC18,13:00310110,14:0030C640,15:002EFD48,16:002EBD50,17:002F8800,18:002FE780
func_L00_002E5D50	shared	140	a092f176fae0fabe	19	00:002E5D50,01:00310E50,02:002F3BD8,03:002E4550,04:002E95C8,05:00321430,06:0030DD00,07:003215F0,08:0030D900,09:0030D810,10:002EE098,11:003210C0,12:0030DE00,13:003102F8,14:0030C828,15:002EFF30,16:002EBF38,17:002F89E8,18:002FE968
func_L00_002E5DE0	shared	1720	4ac4d4355f730ba2	19	00:002E5DE0,01:00310EE0,02:002F3C68,03:002E45E0,04:002E9658,05:003214C0,06:0030DD90,07:00321680,08:0030D990,09:0030D8A0,10:002EE128,11:00321150,12:0030DE90,13:00310388,14:0030C8B8,15:002EFFC0,16:002EBFC8,17:002F8A78,18:002FE9F8
func_L00_002E6498	shared	1488	5d4b9acb4a1480d3	19	00:002E6498,01:00311598,02:002F4320,03:002E4C98,04:002E9D10,05:00321B78,06:0030E448,07:00321D38,08:0030E048,09:0030DF58,10:002EE7E0,11:00321808,12:0030E548,13:00310A40,14:0030CF70,15:002F0678,16:002EC680,17:002F9130,18:002FF0B0
func_L00_002E6A68	shared	188	5b6eade3e9a65a8a	19	00:002E6A68,01:00311B68,02:002F48F0,03:002E5268,04:002EA2E0,05:00322148,06:0030EA18,07:00322308,08:0030E618,09:0030E528,10:002EEDB0,11:00321DD8,12:0030EB18,13:00311010,14:0030D540,15:002F0C48,16:002ECC50,17:002F9700,18:002FF680
func_L00_002E6B28	shared	184	0fd39844c11cf720	19	00:002E6B28,01:00311C28,02:002F49B0,03:002E5328,04:002EA3A0,05:00322208,06:0030EAD8,07:003223C8,08:0030E6D8,09:0030E5E8,10:002EEE70,11:00321E98,12:0030EBD8,13:003110D0,14:0030D600,15:002F0D08,16:002ECD10,17:002F97C0,18:002FF740
func_L00_002E6BE0	shared	252	02ad1588ade7dfad	19	00:002E6BE0,01:00311CE0,02:002F4A68,03:002E53E0,04:002EA458,05:003222C0,06:0030EB90,07:00322480,08:0030E790,09:0030E6A0,10:002EEF28,11:00321F50,12:0030EC90,13:00311188,14:0030D6B8,15:002F0DC0,16:002ECDC8,17:002F9878,18:002FF7F8
func_L00_002E6CE0	shared	1532	60e80d8911f17d1b	19	00:002E6CE0,01:00311DE0,02:002F4B68,03:002E54E0,04:002EA558,05:003223C0,06:0030EC90,07:00322580,08:0030E890,09:0030E7A0,10:002EF028,11:00322050,12:0030ED90,13:00311288,14:0030D7B8,15:002F0EC0,16:002ECEC8,17:002F9978,18:002FF8F8
func_L00_002E72E8	shared	452	322fef6958ae1441	19	00:002E72E8,01:003123E8,02:002F5170,03:002E5AE8,04:002EAB60,05:003229C8,06:0030F298,07:00322B88,08:0030EE98,09:0030EDA8,10:002EF630,11:00322658,12:0030F398,13:00311890,14:0030DDC0,15:002F14C8,16:002ED4D0,17:002F9F80,18:002FFF00
func_L00_002E74B0	shared	1716	9386f21af416fe39	19	00:002E74B0,01:003125B0,02:002F5338,03:002E5CB0,04:002EAD28,05:00322B90,06:0030F460,07:00322D50,08:0030F060,09:0030EF70,10:002EF7F8,11:00322820,12:0030F560,13:00311A58,14:0030DF88,15:002F1690,16:002ED698,17:002FA148,18:003000C8
func_L00_002E7B68	shared	1344	c4bc875502baeba0	19	00:002E7B68,01:00312C68,02:002F59F0,03:002E6368,04:002EB3E0,05:00323248,06:0030FB18,07:00323408,08:0030F718,09:0030F628,10:002EFEB0,11:00322ED8,12:0030FC18,13:00312110,14:0030E640,15:002F1D48,16:002EDD50,17:002FA800,18:00300780
func_L00_002E80A8	shared	360	b51b5e7dc44cede6	19	00:002E80A8,01:003131A8,02:002F5F30,03:002E68A8,04:002EB920,05:00323788,06:00310058,07:00323948,08:0030FC58,09:0030FB68,10:002F03F0,11:00323418,12:00310158,13:00312650,14:0030EB80,15:002F2288,16:002EE290,17:002FAD40,18:00300CC0
func_L00_002E8210	shared	980	3f83d111e5602790	19	00:002E8210,01:00313310,02:002F6098,03:002E6A10,04:002EBA88,05:003238F0,06:003101C0,07:00323AB0,08:0030FDC0,09:0030FCD0,10:002F0558,11:00323580,12:003102C0,13:003127B8,14:0030ECE8,15:002F23F0,16:002EE3F8,17:002FAEA8,18:00300E28
func_L00_002E85E8	shared	480	bc62eca58a1d2e94	19	00:002E85E8,01:003136E8,02:002F6470,03:002E6DE8,04:002EBE60,05:00323CC8,06:00310598,07:00323E88,08:00310198,09:003100A8,10:002F0930,11:00323958,12:00310698,13:00312B90,14:0030F0C0,15:002F27C8,16:002EE7D0,17:002FB280,18:00301200
func_L00_002E87C8	shared	516	2ab5439cafd01ad9	19	00:002E87C8,01:003138C8,02:002F6650,03:002E6FC8,04:002EC040,05:00323EA8,06:00310778,07:00324068,08:00310378,09:00310288,10:002F0B10,11:00323B38,12:00310878,13:00312D70,14:0030F2A0,15:002F29A8,16:002EE9B0,17:002FB460,18:003013E0
func_L00_002E89D0	shared	16	2082eb5b53d263ef	19	00:002E89D0,01:00313AD0,02:002F6858,03:002E71D0,04:002EC248,05:003240B0,06:00310980,07:00324270,08:00310580,09:00310490,10:002F0D18,11:00323D40,12:00310A80,13:00312F78,14:0030F4A8,15:002F2BB0,16:002EEBB8,17:002FB668,18:003015E8
func_L00_002E89E0	shared	228	1d37685553dd10c7	19	00:002E89E0,01:00313AE0,02:002F6868,03:002E71E0,04:002EC258,05:003240C0,06:00310990,07:00324280,08:00310590,09:003104A0,10:002F0D28,11:00323D50,12:00310A90,13:00312F88,14:0030F4B8,15:002F2BC0,16:002EEBC8,17:002FB678,18:003015F8
func_L00_002E8AC8	shared	940	1d927754a0be91d4	19	00:002E8AC8,01:00313BC8,02:002F6950,03:002E72C8,04:002EC340,05:003241A8,06:00310A78,07:00324368,08:00310678,09:00310588,10:002F0E10,11:00323E38,12:00310B78,13:00313070,14:0030F5A0,15:002F2CA8,16:002EECB0,17:002FB760,18:003016E0
func_L00_002E8E78	shared	100	dceb97e33abb3668	19	00:002E8E78,01:00313F78,02:002F6D00,03:002E7678,04:002EC6F0,05:00324558,06:00310E28,07:00324718,08:00310A28,09:00310938,10:002F11C0,11:003241E8,12:00310F28,13:00313420,14:0030F950,15:002F3058,16:002EF060,17:002FBB10,18:00301A90
func_L00_002E8EE0	shared	752	6ecfc0388ffb12a2	19	00:002E8EE0,01:00313FE0,02:002F6D68,03:002E76E0,04:002EC758,05:003245C0,06:00310E90,07:00324780,08:00310A90,09:003109A0,10:002F1228,11:00324250,12:00310F90,13:00313488,14:0030F9B8,15:002F30C0,16:002EF0C8,17:002FBB78,18:00301AF8
func_L00_002E91D0	shared	1612	06b79997a648117f	19	00:002E91D0,01:003142D0,02:002F7058,03:002E79D0,04:002ECA48,05:003248B0,06:00311180,07:00324A70,08:00310D80,09:00310C90,10:002F1518,11:00324540,12:00311280,13:00313778,14:0030FCA8,15:002F33B0,16:002EF3B8,17:002FBE68,18:00301DE8
func_L00_002E9828	shared	12	bcb588ddab5c17fb	19	00:002E9828,01:00314928,02:002F76B0,03:002E8028,04:002ED0A0,05:00324F08,06:003117D8,07:003250C8,08:003113D8,09:003112E8,10:002F1B70,11:00324B98,12:003118D8,13:00313DD0,14:00310300,15:002F3A08,16:002EFA10,17:002FC4C0,18:00302440
func_L00_002E9838	shared	28	7b4d93c0cb26fc79	19	00:002E9838,01:00314938,02:002F76C0,03:002E8038,04:002ED0B0,05:00324F18,06:003117E8,07:003250D8,08:003113E8,09:003112F8,10:002F1B80,11:00324BA8,12:003118E8,13:00313DE0,14:00310310,15:002F3A18,16:002EFA20,17:002FC4D0,18:00302450
func_L00_002E9854	shared	20	6b0a1bc6d44f943e	19	00:002E9854,01:00314954,02:002F76DC,03:002E8054,04:002ED0CC,05:00324F34,06:00311804,07:003250F4,08:00311404,09:00311314,10:002F1B9C,11:00324BC4,12:00311904,13:00313DFC,14:0031032C,15:002F3A34,16:002EFA3C,17:002FC4EC,18:0030246C
func_L00_002E9870	shared	28	f8b53350b4b7f153	19	00:002E9870,01:00314970,02:002F76F8,03:002E8070,04:002ED0E8,05:00324F50,06:00311820,07:00325110,08:00311420,09:00311330,10:002F1BB8,11:00324BE0,12:00311920,13:00313E18,14:00310348,15:002F3A50,16:002EFA58,17:002FC508,18:00302488
func_L00_002E988C	shared	28	1f93b564ca759937	19	00:002E988C,01:0031498C,02:002F7714,03:002E808C,04:002ED104,05:00324F6C,06:0031183C,07:0032512C,08:0031143C,09:0031134C,10:002F1BD4,11:00324BFC,12:0031193C,13:00313E34,14:00310364,15:002F3A6C,16:002EFA74,17:002FC524,18:003024A4
func_L00_002E98A8	shared	16	1522b3c8456013b7	19	00:002E98A8,01:003149A8,02:002F7730,03:002E80A8,04:002ED120,05:00324F88,06:00311858,07:00325148,08:00311458,09:00311368,10:002F1BF0,11:00324C18,12:00311958,13:00313E50,14:00310380,15:002F3A88,16:002EFA90,17:002FC540,18:003024C0
func_L00_002E98B8	shared	64	78f5d071e89f072a	19	00:002E98B8,01:003149B8,02:002F7740,03:002E80B8,04:002ED130,05:00324F98,06:00311868,07:00325158,08:00311468,09:00311378,10:002F1C00,11:00324C28,12:00311968,13:00313E60,14:00310390,15:002F3A98,16:002EFAA0,17:002FC550,18:003024D0
func_L00_002E9900	shared	60	84b989ce74184a1d	19	00:002E9900,01:00314A00,02:002F7788,03:002E8100,04:002ED178,05:00324FE0,06:003118B0,07:003251A0,08:003114B0,09:003113C0,10:002F1C48,11:00324C70,12:003119B0,13:00313EA8,14:003103D8,15:002F3AE0,16:002EFAE8,17:002FC598,18:00302518
func_L00_002E9940	shared	36	bae672ffb31af6c4	19	00:002E9940,00:002E99F0,01:00314A40,01:00314AF0,02:002F77C8,02:002F7878,03:002E8140,03:002E81F0,04:002ED1B8,04:002ED268,05:00325020,05:003250D0,06:003118F0,06:003119A0,07:00325270,08:00311580,09:00311400,09:003114B0,10:002F1C88,10:002F1D38,11:00324CB0,11:00324D60,12:003119F0,12:00311AA0,13:00313F78,14:00310418,14:003104C8,15:002F3B20,15:002F3BD0,16:002EFBB8,17:002FC5D8,17:002FC688,18:003025E8
func_L00_002E9968	shared	52	225f254b42c498f2	19	00:002E9968,01:00314A68,02:002F77F0,03:002E8168,04:002ED1E0,05:00325048,06:00311918,07:003251E8,08:003114F8,09:00311428,10:002F1CB0,11:00324CD8,12:00311A18,13:00313EF0,14:00310440,15:002F3B48,16:002EFB30,17:002FC600,18:00302560
func_L00_002E99A0	shared	68	0da035afda1fce28	19	00:002E99A0,01:00314AA0,02:002F7828,03:002E81A0,04:002ED218,05:00325080,06:00311950,07:00325220,08:00311530,09:00311460,10:002F1CE8,11:00324D10,12:00311A50,13:00313F28,14:00310478,15:002F3B80,16:002EFB68,17:002FC638,18:00302598
func_L00_002E99E4	shared	12	a67809b03cdc5a4d	19	00:002E99E4,01:00314AE4,02:002F786C,03:002E81E4,04:002ED25C,05:003250C4,06:00311994,07:00325264,08:00311574,09:003114A4,10:002F1D2C,11:00324D54,12:00311A94,13:00313F6C,14:003104BC,15:002F3BC4,16:002EFBAC,17:002FC67C,18:003025DC
func_L00_002E9A18	shared	36	e7668ef59c888349	19	00:002E9A18,01:00314B18,02:002F78A0,03:002E8218,04:002ED290,05:003250F8,06:003119C8,07:00325298,08:003115A8,09:003114D8,10:002F1D60,11:00324D88,12:00311AC8,13:00313FA0,14:003104F0,15:002F3BF8,16:002EFBE0,17:002FC6B0,18:00302610
func_L00_002E9A40	shared	72	dc63639156dcc8fd	19	00:002E9A40,00:002E9A88,01:00314B40,01:00314B88,02:002F78C8,02:002F7910,03:002E8240,03:002E8288,04:002ED2B8,04:002ED300,05:00325120,05:00325168,06:003119F0,06:00311A38,07:003252C0,07:00325308,08:003115D0,08:00311618,09:00311500,09:00311548,10:002F1D88,10:002F1DD0,11:00324DB0,11:00324DF8,12:00311AF0,12:00311B38,13:00313FC8,14:00310518,14:00310560,15:002F3C20,15:002F3C68,16:002EFC08,17:002FC6D8,17:002FC720,18:00302638,18:00302680
func_L00_002E9AD0	shared	40	b743b9b853890505	19	00:002E9AD0,01:00314BD0,02:002F7958,03:002E82D0,04:002ED348,05:003251B0,06:00311A80,07:00325350,08:00311660,09:00311590,10:002F1E18,11:00324E40,12:00311B80,13:00314010,14:003105A8,15:002F3CB0,16:002EFC50,17:002FC768,18:003026C8
func_L00_002E9AF8	shared	40	31c52c3d769a57e9	19	00:002E9AF8,01:00314BF8,02:002F7980,03:002E82F8,04:002ED370,05:003251D8,06:00311AA8,07:00325378,08:00311688,09:003115B8,10:002F1E40,11:00324E68,12:00311BA8,13:00314038,14:003105D0,15:002F3CD8,16:002EFC78,17:002FC790,18:003026F0
func_L00_002E9B30	shared	48	fab7aa6f6f7a41c3	14	00:002E9B30,01:00314C30,02:002F7A38,03:002E83B0,04:002ED3A8,05:00325210,06:00311B60,09:003115F0,10:002F1E78,11:00324EA0,12:00311C60,14:00310608,15:002F3D70,17:002FC7C8
func_L00_002E9B60	shared	532	5ec4b59b6142d6fe	19	00:002E9B60,01:00314C60,02:002F7A68,03:002E83E0,04:002ED3D8,05:00325240,06:00311B90,07:00325430,08:00311740,09:00311620,10:002F1EA8,11:00324ED0,12:00311C90,13:00314070,14:00310638,15:002F3DA0,16:002EFCB0,17:002FC7F8,18:003027A8
func_L00_002E9D78	shared	76	c01ff2c8b5bcda39	19	00:002E9D78,01:00314E78,02:002F7C80,03:002E85F8,04:002ED5F0,05:00325458,06:00311DA8,07:00325648,08:00311958,09:00311838,10:002F20C0,11:003250E8,12:00311EA8,13:00314288,14:00310850,15:002F3FB8,16:002EFEC8,17:002FCA10,18:003029C0
func_L00_002E9DC8	shared	84	99d3bb51e73db6c8	19	00:002E9DC8,01:00314EC8,02:002F7CD0,03:002E8648,04:002ED640,05:003254A8,06:00311DF8,07:00325698,08:003119A8,09:00311888,10:002F2110,11:00325138,12:00311EF8,13:003142D8,14:003108A0,15:002F4008,16:002EFF18,17:002FCA60,18:00302A10
func_L00_002E9E20	shared	60	d7cd2f0008ee8b91	19	00:002E9E20,01:00314F20,02:002F7D28,03:002E86A0,04:002ED698,05:00325500,06:00311E50,07:003256F0,08:00311A00,09:003118E0,10:002F2168,11:00325190,12:00311F50,13:00314330,14:003108F8,15:002F4060,16:002EFF70,17:002FCAB8,18:00302A68
func_L00_002E9E60	shared	516	64152ba015d472db	19	00:002E9E60,01:00314F60,02:002F7D68,03:002E86E0,04:002ED6D8,05:00325540,06:00311E90,07:00325730,08:00311A40,09:00311920,10:002F21A8,11:003251D0,12:00311F90,13:00314370,14:00310938,15:002F40A0,16:002EFFB0,17:002FCAF8,18:00302AA8
func_L00_002EA068	shared	904	d1cbd21048a97a61	19	00:002EA068,01:00315168,02:002F7F70,03:002E88E8,04:002ED8E0,05:00325748,06:00312098,07:00325938,08:00311C48,09:00311B28,10:002F23B0,11:003253D8,12:00312198,13:00314578,14:00310B40,15:002F42A8,16:002F01B8,17:002FCD00,18:00302CB0
func_L00_002EA3F0	shared	204	511cf50977c48b83	19	00:002EA3F0,01:003154F0,02:002F82F8,03:002E8C70,04:002EDC68,05:00325AD0,06:00312420,07:00325CC0,08:00311FD0,09:00311EB0,10:002F2738,11:00325760,12:00312520,13:00314900,14:00310EC8,15:002F4630,16:002F0540,17:002FD088,18:00303038
func_L00_002EA4C0	shared	1288	03154233672cec59	19	00:002EA4C0,01:003155C0,02:002F83C8,03:002E8D40,04:002EDD38,05:00325BA0,06:003124F0,07:00325D90,08:003120A0,09:00311F80,10:002F2808,11:00325830,12:003125F0,13:003149D0,14:00310F98,15:002F4700,16:002F0610,17:002FD158,18:00303108
func_L00_002EA9C8	shared	520	2d3f864e372f26bb	19	00:002EA9C8,01:00315AC8,02:002F88D0,03:002E9248,04:002EE240,05:003260A8,06:003129F8,07:00326298,08:003125A8,09:00312488,10:002F2D10,11:00325D38,12:00312AF8,13:00314ED8,14:003114A0,15:002F4C08,16:002F0B18,17:002FD660,18:00303610
func_L00_002EABD0	shared	892	0834778b4fad9cbe	19	00:002EABD0,01:00315CD0,02:002F8AD8,03:002E9450,04:002EE448,05:003262B0,06:00312C00,07:003264A0,08:003127B0,09:00312690,10:002F2F18,11:00325F40,12:00312D00,13:003150E0,14:003116A8,15:002F4E10,16:002F0D20,17:002FD868,18:00303818
func_L00_002EAF50	shared	272	617d4417e3985256	19	00:002EAF50,01:00316050,02:002F8E58,03:002E97D0,04:002EE7C8,05:00326630,06:00312F80,07:00326820,08:00312B30,09:00312A10,10:002F3298,11:003262C0,12:00313080,13:00315460,14:00311A28,15:002F5190,16:002F10A0,17:002FDBE8,18:00303B98
func_L00_002EB060	shared	108	f7d268328fdfb153	19	00:002EB060,01:00316160,02:002F8F68,03:002E98E0,04:002EE8D8,05:00326740,06:00313090,07:00326930,08:00312C40,09:00312B20,10:002F33A8,11:003263D0,12:00313190,13:00315570,14:00311B38,15:002F52A0,16:002F11B0,17:002FDCF8,18:00303CA8
func_L00_002EB0D8	shared	140	24e149a20b3806c6	19	00:002EB0D8,01:003161D8,02:002F8FE0,03:002E9958,04:002EE950,05:003267B8,06:00313108,07:003269A8,08:00312CB8,09:00312B98,10:002F3420,11:00326448,12:00313208,13:003155E8,14:00311BB0,15:002F5318,16:002F1228,17:002FDD70,18:00303D20
func_L00_002EB170	shared	268	276f5863c8f6197a	19	00:002EB170,01:00317490,02:002F9078,03:002E9DB0,04:002EEDA8,05:00327A70,06:003131A0,07:00326A40,08:00313F70,09:00312C30,10:002F34B8,11:003264E0,12:003132A0,13:00315680,14:00311C48,15:002F53B0,16:002F24E0,17:002FF028,18:00303DB8
func_L00_002EB280	shared	288	5b239e13cb42c580	19	00:002EB280,01:003175A0,02:002F9188,03:002E9EC0,04:002EEEB8,05:00327B80,06:003132B0,07:00326B50,08:00314080,09:00312D40,10:002F35C8,11:003265F0,12:003133B0,13:00315790,14:00311D58,15:002F54C0,16:002F25F0,17:002FF138,18:00303EC8
func_L00_002EB3A0	shared	72	f1f16cf10469887b	19	00:002EB3A0,01:003176C0,02:002F92A8,03:002E9FE0,04:002EEFD8,05:00327CA0,06:003133D0,07:00326C70,08:003141A0,09:00312E60,10:002F36E8,11:00326710,12:003134D0,13:003158B0,14:00311E78,15:002F55E0,16:002F2710,17:002FF258,18:00303FE8
func_L00_002EB3E8	shared	1356	14893a7539467198	19	00:002EB3E8,01:00317708,02:002F92F0,03:002EA028,04:002EF020,05:00327CE8,06:00313418,07:00326CB8,08:003141E8,09:00312EA8,10:002F3730,11:00326758,12:00313518,13:003158F8,14:00311EC0,15:002F5628,16:002F2758,17:002FF2A0,18:00304030
func_L00_002EB938	shared	788	593ee616be3ab876	19	00:002EB938,01:00317C58,02:002F9840,03:002EA578,04:002EF570,05:00328238,06:00313968,07:00327208,08:00314738,09:003133F8,10:002F3C80,11:00326CA8,12:00313A68,13:00315E48,14:00312410,15:002F5B78,16:002F2CA8,17:002FF7F0,18:00304580
func_L00_002EBC50	shared	112	94fd0204bf1f6185	19	00:002EBC50,01:00317F70,02:002F9B58,03:002EA890,04:002EF888,05:00328550,06:00313C80,07:00327520,08:00314A50,09:00313710,10:002F3F98,11:00326FC0,12:00313D80,13:00316160,14:00312728,15:002F5E90,16:002F2FC0,17:002FFB08,18:00304898
func_L00_002EBCC0	shared	456	893488e087699050	19	00:002EBCC0,01:00317FE0,02:002F9BC8,03:002EA900,04:002EF8F8,05:003285C0,06:00313CF0,07:00327590,08:00314AC0,09:00313780,10:002F4008,11:00327030,12:00313DF0,13:003161D0,14:00312798,15:002F5F00,16:002F3030,17:002FFB78,18:00304908
func_L00_002EBE88	shared	88	5cd9e0f4316de140	19	00:002EBE88,00:002EBEE0,01:003181A8,01:00318200,02:002F9D90,02:002F9DE8,03:002EAAC8,03:002EAB20,04:002EFAC0,04:002EFB18,05:00328788,05:003287E0,06:00313EB8,06:00313F10,07:00327758,07:003277B0,08:00314C88,08:00314CE0,09:00313948,09:003139A0,10:002F41D0,10:002F4228,11:003271F8,11:00327250,12:00313FB8,12:00314010,13:00316398,13:003163F0,14:00312960,14:003129B8,15:002F60C8,15:002F6120,16:002F31F8,16:002F3250,17:002FFD40,17:002FFD98,18:00304AD0,18:00304B28
func_L00_002EBF38	shared	20	de6f933cd878c58b	15	00:002EBF38,03:002EAB78,05:00328838,06:00313F68,07:00327808,09:003139F8,10:002F4280,11:003272A8,12:00314068,13:00316448,14:00312A10,15:002F6178,16:002F32A8,17:002FFDF0,18:00304B80
func_L00_002EBF50	shared	372	e946b0476da12fc3	19	00:002EBF50,01:003182D0,02:002F9F08,03:002EAB90,04:002EFBE8,05:00328850,06:00313FB0,07:00327820,08:00314DB0,09:00313A10,10:002F4298,11:003272C0,12:00314080,13:00316460,14:00312A28,15:002F6190,16:002F32C0,17:002FFE38,18:00304B98
func_L00_002EC0C8	shared	316	048e7ff1d4939d08	19	00:002EC0C8,01:00318448,02:002FA080,03:002EAD08,04:002EFD60,05:003289C8,06:00314128,07:00327998,08:00314F28,09:00313B88,10:002F4410,11:00327438,12:003141F8,13:003165D8,14:00312BA0,15:002F6308,16:002F3438,17:002FFFB0,18:00304D10
func_L00_002EC208	shared	4	a79ceef5737e61d2	16	00:002EC208,01:00318588,02:002FA1C0,03:002EAE48,04:002EFEA0,05:00328B08,06:00314268,07:00327AD8,10:002F4550,11:00327578,13:00316718,14:00312CE0,15:002F6448,16:002F3578,17:003000F0,18:00304E50
func_L00_002EC210	shared	192	afa6745c1b49a60b	19	00:002EC210,01:00318590,02:002FA1C8,03:002EAE50,04:002EFEA8,05:00328B10,06:00314270,07:00327AE0,08:00315080,09:00313CE0,10:002F4558,11:00327580,12:00314350,13:00316720,14:00312CE8,15:002F6450,16:002F3580,17:003000F8,18:00304E58
func_L00_002EC2D0	shared	1004	e77619649d196b63	19	00:002EC2D0,01:00318650,02:002FA288,03:002EAF10,04:002EFF68,05:00328BD0,06:00314330,07:00327BA0,08:00315140,09:00313DA0,10:002F4618,11:00327640,12:00314410,13:003167E0,14:00312DA8,15:002F6510,16:002F3640,17:003001B8,18:00304F18
func_L00_002EC6C8	shared	84	ad0abb3d0b714bba	19	00:002EC6C8,01:00318A48,02:002FA680,03:002EB308,04:002F0360,05:00328FC8,06:00314728,07:00327F98,08:00315538,09:00314198,10:002F4A10,11:00327A38,12:00314808,13:00316BD8,14:003131A0,15:002F6908,16:002F3A38,17:003005B0,18:00305310
func_L00_002EC728	shared	168	de5363299f24b70e	19	00:002EC728,01:00318AA8,02:002FA6E0,03:002EB368,04:002F03C0,05:00329028,06:00314788,07:00327FF8,08:00315598,09:003141F8,10:002F4A70,11:00327A98,12:00314868,13:00316C38,14:00313200,15:002F6968,16:002F3A98,17:00300610,18:00305370
func_L00_002EC7D0	shared	144	07faf4034dc20a6d	19	00:002EC7D0,01:00318B50,02:002FA788,03:002EB410,04:002F0468,05:003290D0,06:00314830,07:003280A0,08:00315640,09:003142A0,10:002F4B18,11:00327B40,12:00314910,13:00316CE0,14:003132A8,15:002F6A10,16:002F3B40,17:003006B8,18:00305418
func_L00_002EC860	shared	204	2944d0ada449b7f4	19	00:002EC860,01:00318BE0,02:002FA818,03:002EB4A0,04:002F04F8,05:00329160,06:003148C0,07:00328130,08:003156D0,09:00314330,10:002F4BA8,11:00327BD0,12:003149A0,13:00316D70,14:00313338,15:002F6AA0,16:002F3BD0,17:00300748,18:003054A8
func_L00_002EC930	shared	452	88ce860e26a43ae2	19	00:002EC930,01:00318CB0,02:002FA8E8,03:002EB570,04:002F05C8,05:00329230,06:00314990,07:00328200,08:003157A0,09:00314400,10:002F4C78,11:00327CA0,12:00314A70,13:00316E40,14:00313408,15:002F6B70,16:002F3CA0,17:00300818,18:00305578
func_L00_002ECAF8	shared	740	fd85a09e6f0409d0	19	00:002ECAF8,01:00318E78,02:002FAAB0,03:002EB738,04:002F0790,05:003293F8,06:00314B58,07:003283C8,08:00315968,09:003145C8,10:002F4E40,11:00327E68,12:00314C38,13:00317008,14:003135D0,15:002F6D38,16:002F3E68,17:003009E0,18:00305740
func_L00_002ECDE0	shared	228	2464b4b07faf9927	19	00:002ECDE0,01:00319160,02:002FAD98,03:002EBA20,04:002F0A78,05:003296E0,06:00314E40,07:003286B0,08:00315C50,09:003148B0,10:002F5128,11:00328150,12:00314F20,13:003172F0,14:003138B8,15:002F7020,16:002F4150,17:00300CC8,18:00305A28
func_L00_002ECEC8	shared	220	253dddc5016ec2ff	19	00:002ECEC8,01:00319248,02:002FAE80,03:002EBB08,04:002F0B60,05:003297C8,06:00314F28,07:00328798,08:00315D38,09:00314998,10:002F5210,11:00328238,12:00315008,13:003173D8,14:003139A0,15:002F7108,16:002F4238,17:00300DB0,18:00305B10
func_L00_002ECFB0	shared	176	87a36cede9f39026	19	00:002ECFB0,01:00319330,02:002FAF68,03:002EBBF0,04:002F0C48,05:003298B0,06:00315010,07:00328880,08:00315E20,09:00314A80,10:002F52F8,11:00328320,12:003150F0,13:003174C0,14:00313A88,15:002F71F0,16:002F4320,17:00300E98,18:00305BF8
func_L00_002ED088	shared	664	4c6940c6124c929f	19	00:002ED088,01:00319408,02:002FB040,03:002EBCC8,04:002F0D20,05:00329988,06:003150E8,07:00328958,08:00315EF8,09:00314B58,10:002F53D0,11:003283F8,12:003151C8,13:00317598,14:00313B60,15:002F72C8,16:002F43F8,17:00300F70,18:00305CD0
func_L00_002ED320	shared	1588	ad79fc9c819a01e1	19	00:002ED320,01:003196A0,02:002FB2D8,03:002EBF60,04:002F0FB8,05:00329C20,06:00315380,07:00328BF0,08:00316190,09:00314DF0,10:002F5668,11:00328690,12:00315460,13:00317830,14:00313DF8,15:002F7560,16:002F4690,17:00301208,18:00305F68
func_L00_002ED958	shared	460	8edf392b17311996	19	00:002ED958,01:00319CD8,02:002FB910,03:002EC598,04:002F15F0,05:0032A258,06:003159B8,07:00329228,08:003167C8,09:00315428,10:002F5CA0,11:00328CC8,12:00315A98,13:00317E68,14:00314430,15:002F7B98,16:002F4CC8,17:00301840,18:003065A0
func_L00_002EDB58	shared	24	61c5ebc998a99a91	3	00:002EDB58,01:00319ED8,08:003169C8
func_L00_002EDB70	shared	236	6b9d1f61d6049a0a	19	00:002EDB70,01:00319EF0,02:002FBDF8,03:002ECA80,04:002F1AD8,05:0032A740,06:00315EA0,07:00329710,08:003169E0,09:00315910,10:002F6188,11:003291B0,12:00315F80,13:00318350,14:00314918,15:002F8080,16:002F51B0,17:00301D28,18:00306A88
func_L00_002EDC60	shared	52	5ed826254e258222	19	00:002EDC60,01:00319FE0,02:002FBEE8,03:002ECB70,04:002F1BC8,05:0032A830,06:00315F90,07:00329800,08:00316AD0,09:00315A00,10:002F6278,11:003292A0,12:00316070,13:00318440,14:00314A08,15:002F8170,16:002F52A0,17:00301E18,18:00306B78
func_L00_002EDC98	shared	416	fc0f7b0db57d41d6	14	00:002EDC98,01:0031A018,02:002FBF20,03:002ED210,04:002F1C00,05:0032BCA0,06:00315FC8,09:00315A38,10:002F62B0,11:003292D8,12:003160A8,14:00314A90,15:002F81A8,17:00301E50
func_L00_002EDE38	shared	2216	85e24a1494d75690	14	00:002EDE38,01:0031A1B8,02:002FC0C0,03:002ED3B0,04:002F1DA0,05:0032BE40,06:00316168,09:00315BD8,10:002F6450,11:00329478,12:00316248,14:00314C30,15:002F8348,17:00301FF0
func_L00_002EE6E0	shared	256	f0ff92e641163f21	14	00:002EE6E0,01:0031AA60,02:002FC968,03:002EDC58,04:002F2648,05:0032C6E8,06:00316A10,09:00316480,10:002F6CF8,11:00329D20,12:00316AF0,14:003154D8,15:002F8BF0,17:00302898
func_L00_002EE7F8	shared	332	3a70ba68f09847a0	11	00:002EE7F8,04:002F2760,06:00317828,07:0032A508,08:003177D8,09:00316598,10:002F7A88,13:00319128,15:002FA078,16:002F6710,18:003078B0
func_L00_002EE948	shared	1044	1a0bc8bf3fdff848	11	00:002EE948,04:002F28B0,06:00317978,07:0032A658,08:00317928,09:003166E8,10:002F7BD8,13:00319278,15:002FA1C8,16:002F6860,18:00307A00
func_L00_002EED60	shared	132	918e4323d770d6a5	11	00:002EED60,04:002F2CC8,06:00317D90,07:0032AA70,08:00317D40,09:00316B00,10:002F7FF0,13:00319690,15:002FA5E0,16:002F6C78,18:00307E18
func_L00_002EEE00	shared	388	0fa16f07814d2a39	13	00:002EEE00,01:0031AB78,02:002FD750,03:002EEA40,05:0032C800,08:00317DE0,09:00316BA0,10:002F8090,11:00329E38,12:003178D8,13:00319730,14:00317C90,18:00307EB8
func_L00_002EEF88	shared	592	d2a5856b4a0d57db	5	00:002EEF88,01:0031B0A0,02:002FD8D8,05:0032CD28,18:00308040
func_0023B670	exe	208	b36d59309458884f	19	00:002EF1D8,01:0031B638,02:002FDDC0,03:002EEE60,04:002F2EA0,05:0032D2C0,06:00317E30,07:0032ADA8,08:00318828,09:00317228,10:002F8378,11:0032A410,12:00318148,13:00319C58,14:003186D8,15:002FA890,16:002F7350,17:00302A60,18:003085D8
func_0023B740	exe	1024	155ccfba7cdd3804	19	00:002EF2A8,01:0031B708,02:002FDE90,03:002EEF30,04:002F2F70,05:0032D390,06:00317F00,07:0032AE78,08:003188F8,09:003172F8,10:002F8448,11:0032A4E0,12:00318218,13:00319D28,14:003187A8,15:002FA960,16:002F7420,17:00302B30,18:003086A8
func_0023BB40	exe	28	ef008066732038a8	19	00:002EF6A8,01:0031BB08,02:002FE290,03:002EF330,04:002F3370,05:0032D790,06:00318300,07:0032B278,08:00318CF8,09:003176F8,10:002F8848,11:0032A8E0,12:00318618,13:0031A128,14:00318BA8,15:002FAD60,16:002F7820,17:00302F30,18:00308AA8
func_0023BB60	exe	44	c79113673ed46ba3	19	00:002EF6C8,00:002EFAD8,01:0031BB28,01:0031BF38,02:002FE2B0,02:002FE6C0,03:002EF350,03:002EF760,04:002F3390,04:002F37A0,05:0032D7B0,05:0032DBC0,06:00318320,06:00318730,07:0032B298,07:0032B6A8,08:00318D18,08:00319128,09:00317718,09:00317B28,10:002F8868,10:002F8C78,11:0032A900,11:0032AD10,12:00318638,12:00318A48,13:0031A148,13:0031A558,14:00318BC8,14:00318FD8,15:002FAD80,15:002FB190,16:002F7840,16:002F7C50,17:00302F50,17:00303360,18:00308AC8,18:00308ED8
func_0023BB90	exe	676	be04ebd34b7ba26b	19	00:002EF6F8,01:0031BB58,02:002FE2E0,03:002EF380,04:002F33C0,05:0032D7E0,06:00318350,07:0032B2C8,08:00318D48,09:00317748,10:002F8898,11:0032A930,12:00318668,13:0031A178,14:00318BF8,15:002FADB0,16:002F7870,17:00302F80,18:00308AF8
func_0023BE38	exe	268	6d9e6e92257a41d1	19	00:002EF9A0,01:0031BE00,02:002FE588,03:002EF628,04:002F3668,05:0032DA88,06:003185F8,07:0032B570,08:00318FF0,09:003179F0,10:002F8B40,11:0032ABD8,12:00318910,13:0031A420,14:00318EA0,15:002FB058,16:002F7B18,17:00303228,18:00308DA0
func_0023BF48	exe	36	f64271ebe3ee1234	19	00:002EFAB0,01:002F7500,01:0031BF10,02:002FE698,03:002EF738,04:002F3778,05:0032DB98,06:00318708,07:0032B680,08:00319100,09:00317B00,10:002F8C50,11:0032ACE8,12:00318A20,13:0031A530,14:00318FB0,15:002FB168,16:002F7C28,17:00303338,18:00308EB0
func_0023BFA0	exe	188	99ef3e4c574fe024	19	00:002EFB08,01:0031BF68,02:002FE6F0,03:002EF790,04:002F37D0,05:0032DBF0,06:00318760,07:0032B6D8,08:00319158,09:00317B58,10:002F8CA8,11:0032AD40,12:00318A78,13:0031A588,14:00319008,15:002FB1C0,16:002F7C80,17:00303390,18:00308F08
func_0023C060	exe	32	fb5fcc065212ff0b	19	00:002EFBC8,00:002F1B08,01:0031C028,01:0031DF68,02:002FE7B0,02:003006F0,03:002EF850,03:002F1790,04:002F3890,04:002F57D0,05:0032DCB0,05:0032FBF0,06:00318820,06:0031A760,07:0032B798,07:0032D6D8,08:00319218,08:0031B158,09:00317C18,09:00319B58,10:002F8D68,10:002FACA8,11:0032AE00,11:0032CD40,12:00318B38,12:0031AA78,13:0031A648,13:0031C588,14:003190C8,14:0031B008,15:002FB280,15:002FD1C0,16:002F7D40,16:002F9C80,17:00303450,17:00305390,18:00308FC8,18:0030AF08
func_0023C088	exe	88	397947e0630858eb	19	00:002EFBF0,01:0031C050,02:002FE7D8,03:002EF878,04:002F38B8,05:0032DCD8,06:00318848,07:0032B7C0,08:00319240,09:00317C40,10:002F8D90,11:0032AE28,12:00318B60,13:0031A670,14:003190F0,15:002FB2A8,16:002F7D68,17:00303478,18:00308FF0
func_0023C0E0	exe	68	167deaa156005514	19	00:002EFC48,01:0031C0A8,02:002FE830,03:002EF8D0,04:002F3910,05:0032DD30,06:003188A0,07:0032B818,08:00319298,09:00317C98,10:002F8DE8,11:0032AE80,12:00318BB8,13:0031A6C8,14:00319148,15:002FB300,16:002F7DC0,17:003034D0,18:00309048
func_L00_002EFC90	shared	84	e3498964956370ab	19	00:002EFC90,01:0031C0F0,02:002FE878,03:002EF918,04:002F3958,05:0032DD78,06:003188E8,07:0032B860,08:003192E0,09:00317CE0,10:002F8E30,11:0032AEC8,12:00318C00,13:0031A710,14:00319190,15:002FB348,16:002F7E08,17:00303518,18:00309090
func_L00_002EFCE4	shared	24	54e3e6fe6643ad15	19	00:002EFCE4,01:0031C144,02:002FE8CC,03:002EF96C,04:002F39AC,05:0032DDCC,06:0031893C,07:0032B8B4,08:00319334,09:00317D34,10:002F8E84,11:0032AF1C,12:00318C54,13:0031A764,14:003191E4,15:002FB39C,16:002F7E5C,17:0030356C,18:003090E4
func_L00_002EFCFC	shared	100	415748ded3a91c80	19	00:002EFCFC,01:0031C15C,02:002FE8E4,03:002EF984,04:002F39C4,05:0032DDE4,06:00318954,07:0032B8CC,08:0031934C,09:00317D4C,10:002F8E9C,11:0032AF34,12:00318C6C,13:0031A77C,14:003191FC,15:002FB3B4,16:002F7E74,17:00303584,18:003090FC
func_0023C1F8	exe	180	d45060b45e09a686	19	00:002EFD60,01:0031C1C0,02:002FE948,03:002EF9E8,04:002F3A28,05:0032DE48,06:003189B8,07:0032B930,08:003193B0,09:00317DB0,10:002F8F00,11:0032AF98,12:00318CD0,13:0031A7E0,14:00319260,15:002FB418,16:002F7ED8,17:003035E8,18:00309160
func_0023C2B0	exe	16	4c57525b762e7eef	19	00:002EFE18,01:0031C278,02:002FEA00,03:002EFAA0,04:002F3AE0,05:0032DF00,06:00318A70,07:0032B9E8,08:00319468,09:00317E68,10:002F8FB8,11:0032B050,12:00318D88,13:0031A898,14:00319318,15:002FB4D0,16:002F7F90,17:003036A0,18:00309218
func_0023C2C0	exe	36	058f3f0aa5a8337d	19	00:002EFE28,01:0031C288,02:002FEA10,03:002EFAB0,04:002F3AF0,05:0032DF10,06:00318A80,07:0032B9F8,08:00319478,09:00317E78,10:002F8FC8,11:0032B060,12:00318D98,13:0031A8A8,14:00319328,15:002FB4E0,16:002F7FA0,17:003036B0,18:00309228
func_0023C2E8	exe	168	63f235731aa1ca94	19	00:002EFE50,01:0031C2B0,02:002FEA38,03:002EFAD8,04:002F3B18,05:0032DF38,06:00318AA8,07:0032BA20,08:003194A0,09:00317EA0,10:002F8FF0,11:0032B088,12:00318DC0,13:0031A8D0,14:00319350,15:002FB508,16:002F7FC8,17:003036D8,18:00309250
func_0023C390	exe	588	dd1a8b6dd8b836cb	19	00:002EFEF8,01:0031C358,02:002FEAE0,03:002EFB80,04:002F3BC0,05:0032DFE0,06:00318B50,07:0032BAC8,08:00319548,09:00317F48,10:002F9098,11:0032B130,12:00318E68,13:0031A978,14:003193F8,15:002FB5B0,16:002F8070,17:00303780,18:003092F8
func_0023C5E0	exe	452	48f84afef25e52f2	19	00:002F0148,01:0031C5A8,02:002FED30,03:002EFDD0,04:002F3E10,05:0032E230,06:00318DA0,07:0032BD18,08:00319798,09:00318198,10:002F92E8,11:0032B380,12:003190B8,13:0031ABC8,14:00319648,15:002FB800,16:002F82C0,17:003039D0,18:00309548
func_0023C7A8	exe	360	837f76f46e663e6b	19	00:002F0310,01:0031C770,02:002FEEF8,03:002EFF98,04:002F3FD8,05:0032E3F8,06:00318F68,07:0032BEE0,08:00319960,09:00318360,10:002F94B0,11:0032B548,12:00319280,13:0031AD90,14:00319810,15:002FB9C8,16:002F8488,17:00303B98,18:00309710
func_0023C910	exe	76	ce9bd461074f6031	19	00:002F0478,01:0031C8D8,02:002FF060,03:002F0100,04:002F4140,05:0032E560,06:003190D0,07:0032C048,08:00319AC8,09:003184C8,10:002F9618,11:0032B6B0,12:003193E8,13:0031AEF8,14:00319978,15:002FBB30,16:002F85F0,17:00303D00,18:00309878
func_0023C960	exe	76	2c4ff205c6c44a0e	19	00:002F04C8,01:0031C928,02:002FF0B0,03:002F0150,04:002F4190,05:0032E5B0,06:00319120,07:0032C098,08:00319B18,09:00318518,10:002F9668,11:0032B700,12:00319438,13:0031AF48,14:003199C8,15:002FBB80,16:002F8640,17:00303D50,18:003098C8
func_0023C9B0	exe	16	d1c9e69b8db05bfa	19	00:002F0518,01:0031C978,02:002FF100,03:002F01A0,04:002F41E0,05:0032E600,06:00319170,07:0032C0E8,08:00319B68,09:00318568,10:002F96B8,11:0032B750,12:00319488,13:0031AF98,14:00319A18,15:002FBBD0,16:002F8690,17:00303DA0,18:00309918
func_0023C9C0	exe	312	eb7e1793786a0ed0	19	00:002F0528,01:0031C988,02:002FF110,03:002F01B0,04:002F41F0,05:0032E610,06:00319180,07:0032C0F8,08:00319B78,09:00318578,10:002F96C8,11:0032B760,12:00319498,13:0031AFA8,14:00319A28,15:002FBBE0,16:002F86A0,17:00303DB0,18:00309928
func_0023CAF8	exe	228	c7f09dc4269ced41	19	00:002F0660,01:0031CAC0,02:002FF248,03:002F02E8,04:002F4328,05:0032E748,06:003192B8,07:0032C230,08:00319CB0,09:003186B0,10:002F9800,11:0032B898,12:003195D0,13:0031B0E0,14:00319B60,15:002FBD18,16:002F87D8,17:00303EE8,18:00309A60
func_0023CBE0	exe	304	c6588234b2441c9b	19	00:002F0748,01:0031CBA8,02:002FF330,03:002F03D0,04:002F4410,05:0032E830,06:003193A0,07:0032C318,08:00319D98,09:00318798,10:002F98E8,11:0032B980,12:003196B8,13:0031B1C8,14:00319C48,15:002FBE00,16:002F88C0,17:00303FD0,18:00309B48
func_0023CD10	exe	24	d9a6e708dda94244	19	00:002F0878,01:0031CCD8,02:002FF460,03:002F0500,04:002F4540,05:0032E960,06:003194D0,07:0032C448,08:00319EC8,09:003188C8,10:002F9A18,11:0032BAB0,12:003197E8,13:0031B2F8,14:00319D78,15:002FBF30,16:002F89F0,17:00304100,18:00309C78
func_0023CD30	exe	48	dcac3ab23bcdcabf	19	00:002F0898,01:0031CCF8,02:002FF480,03:002F0520,04:002F4560,05:0032E980,06:003194F0,07:0032C468,08:00319EE8,09:003188E8,10:002F9A38,11:0032BAD0,12:00319808,13:0031B318,14:00319D98,15:002FBF50,16:002F8A10,17:00304120,18:00309C98
func_0023CD60	exe	68	64d3abf06c936a5f	19	00:002F08C8,01:0031CD28,02:002FF4B0,03:002F0550,04:002F4590,05:0032E9B0,06:00319520,07:0032C498,08:00319F18,09:00318918,10:002F9A68,11:0032BB00,12:00319838,13:0031B348,14:00319DC8,15:002FBF80,16:002F8A40,17:00304150,18:00309CC8
func_0023CDA8	exe	72	e24c772db61e4e0b	19	00:002F0910,01:0031CD70,02:002FF4F8,03:002F0598,04:002F45D8,05:0032E9F8,06:00319568,07:0032C4E0,08:00319F60,09:00318960,10:002F9AB0,11:0032BB48,12:00319880,13:0031B390,14:00319E10,15:002FBFC8,16:002F8A88,17:00304198,18:00309D10
func_0023CDF0	exe	36	647f0d88b0e232dc	19	00:002F0958,01:0031CDB8,02:002FF540,03:002F05E0,04:002F4620,05:0032EA40,06:003195B0,07:0032C528,08:00319FA8,09:003189A8,10:002F9AF8,11:0032BB90,12:003198C8,13:0031B3D8,14:00319E58,15:002FC010,16:002F8AD0,17:003041E0,18:00309D58
func_0023CE18	exe	16	4ece1e9d70030bfa	19	00:002F0980,01:0031CDE0,02:002FF568,03:002F0608,04:002F4648,05:0032EA68,06:003195D8,07:0032C550,08:00319FD0,09:003189D0,10:002F9B20,11:0032BBB8,12:003198F0,13:0031B400,14:00319E80,15:002FC038,16:002F8AF8,17:00304208,18:00309D80
func_0023CE30	exe	152	07438e011cca4929	19	00:002F0998,01:0031CDF8,02:002FF580,03:002F0620,04:002F4660,05:0032EA80,06:003195F0,07:0032C568,08:00319FE8,09:003189E8,10:002F9B38,11:0032BBD0,12:00319908,13:0031B418,14:00319E98,15:002FC050,16:002F8B10,17:00304220,18:00309D98
func_L00_002F0A30	shared	60	ff1a4dc50acc0cdb	19	00:002F0A30,01:0031CE90,02:002FF618,03:002F06B8,04:002F46F8,05:0032EB18,06:00319688,07:0032C600,08:0031A080,09:00318A80,10:002F9BD0,11:0032BC68,12:003199A0,13:0031B4B0,14:00319F30,15:002FC0E8,16:002F8BA8,17:003042B8,18:00309E30
func_0023CF10	exe	108	ae22e33021e5a4b4	19	00:002F0A78,00:002F0AE8,01:0031CED8,01:0031CF48,02:002FF660,02:002FF6D0,03:002F0700,03:002F0770,04:002F4740,04:002F47B0,05:0032EB60,05:0032EBD0,06:003196D0,06:00319740,07:0032C648,07:0032C6B8,08:0031A0C8,08:0031A138,09:00318AC8,09:00318B38,10:002F9C18,10:002F9C88,11:0032BCB0,11:0032BD20,12:003199E8,12:00319A58,13:0031B4F8,13:0031B568,14:00319F78,14:00319FE8,15:002FC130,15:002FC1A0,16:002F8BF0,16:002F8C60,17:00304300,17:00304370,18:00309E78,18:00309EE8
func_0023CFF0	exe	36	4761cb33c6386635	19	00:002F0B58,01:0031CFB8,02:002FF740,03:002F07E0,04:002F4820,05:0032EC40,06:003197B0,07:0032C728,08:0031A1A8,09:00318BA8,10:002F9CF8,11:0032BD90,12:00319AC8,13:0031B5D8,14:0031A058,15:002FC210,16:002F8CD0,17:003043E0,18:00309F58
func_0023D018	exe	120	b06f9b7d327c93a3	19	00:002F0B80,01:0031CFE0,02:002FF768,03:002F0808,04:002F4848,05:0032EC68,06:003197D8,07:0032C750,08:0031A1D0,09:00318BD0,10:002F9D20,11:0032BDB8,12:00319AF0,13:0031B600,14:0031A080,15:002FC238,16:002F8CF8,17:00304408,18:00309F80
func_0023D090	exe	352	7f55106fa108cf75	19	00:002F0BF8,01:0031D058,02:002FF7E0,03:002F0880,04:002F48C0,05:0032ECE0,06:00319850,07:0032C7C8,08:0031A248,09:00318C48,10:002F9D98,11:0032BE30,12:00319B68,13:0031B678,14:0031A0F8,15:002FC2B0,16:002F8D70,17:00304480,18:00309FF8
func_0023D1F0	exe	244	0537a07d06652d92	19	00:002F0D58,01:0031D1B8,02:002FF940,03:002F09E0,04:002F4A20,05:0032EE40,06:003199B0,07:0032C928,08:0031A3A8,09:00318DA8,10:002F9EF8,11:0032BF90,12:00319CC8,13:0031B7D8,14:0031A258,15:002FC410,16:002F8ED0,17:003045E0,18:0030A158
func_0023D2E8	exe	84	b128a6bbf5fb1c69	19	00:002F0E50,01:0031D2B0,02:002FFA38,03:002F0AD8,04:002F4B18,05:0032EF38,06:00319AA8,07:0032CA20,08:0031A4A0,09:00318EA0,10:002F9FF0,11:0032C088,12:00319DC0,13:0031B8D0,14:0031A350,15:002FC508,16:002F8FC8,17:003046D8,18:0030A250
func_0023D340	exe	508	205cb041a6e3a9d4	19	00:002F0EA8,01:0031D308,02:002FFA90,03:002F0B30,04:002F4B70,05:0032EF90,06:00319B00,07:0032CA78,08:0031A4F8,09:00318EF8,10:002FA048,11:0032C0E0,12:00319E18,13:0031B928,14:0031A3A8,15:002FC560,16:002F9020,17:00304730,18:0030A2A8
func_0023D540	exe	272	c6bc96255d503cb7	19	00:002F10A8,01:0031D508,02:002FFC90,03:002F0D30,04:002F4D70,05:0032F190,06:00319D00,07:0032CC78,08:0031A6F8,09:003190F8,10:002FA248,11:0032C2E0,12:0031A018,13:0031BB28,14:0031A5A8,15:002FC760,16:002F9220,17:00304930,18:0030A4A8
func_0023D650	exe	824	81614e430dc9ac11	19	00:002F11B8,01:0031D618,02:002FFDA0,03:002F0E40,04:002F4E80,05:0032F2A0,06:00319E10,07:0032CD88,08:0031A808,09:00319208,10:002FA358,11:0032C3F0,12:0031A128,13:0031BC38,14:0031A6B8,15:002FC870,16:002F9330,17:00304A40,18:0030A5B8
func_0023D988	exe	88	1f33a12c5dc73bad	19	00:002F14F0,01:0031D950,02:003000D8,03:002F1178,04:002F51B8,05:0032F5D8,06:0031A148,07:0032D0C0,08:0031AB40,09:00319540,10:002FA690,11:0032C728,12:0031A460,13:0031BF70,14:0031A9F0,15:002FCBA8,16:002F9668,17:00304D78,18:0030A8F0
func_0023D9E0	exe	76	3880a1780e5522ad	19	00:002F1548,01:0031D9A8,02:00300130,03:002F11D0,04:002F5210,05:0032F630,06:0031A1A0,07:0032D118,08:0031AB98,09:00319598,10:002FA6E8,11:0032C780,12:0031A4B8,13:0031BFC8,14:0031AA48,15:002FCC00,16:002F96C0,17:00304DD0,18:0030A948
func_0023DA30	exe	84	8757a7a2538178cc	19	00:002F1598,01:0031D9F8,02:00300180,03:002F1220,04:002F5260,05:0032F680,06:0031A1F0,07:0032D168,08:0031ABE8,09:003195E8,10:002FA738,11:0032C7D0,12:0031A508,13:0031C018,14:0031AA98,15:002FCC50,16:002F9710,17:00304E20,18:0030A998
func_0023DA88	exe	340	f34dcfc6ada22fd8	19	00:002F15F0,01:0031DA50,02:003001D8,03:002F1278,04:002F52B8,05:0032F6D8,06:0031A248,07:0032D1C0,08:0031AC40,09:00319640,10:002FA790,11:0032C828,12:0031A560,13:0031C070,14:0031AAF0,15:002FCCA8,16:002F9768,17:00304E78,18:0030A9F0
func_0023DBE0	exe	272	dc59195f937b8fab	19	00:002F1748,01:0031DBA8,02:00300330,03:002F13D0,04:002F5410,05:0032F830,06:0031A3A0,07:0032D318,08:0031AD98,09:00319798,10:002FA8E8,11:0032C980,12:0031A6B8,13:0031C1C8,14:0031AC48,15:002FCE00,16:002F98C0,17:00304FD0,18:0030AB48
func_0023DCF0	exe	420	9575ac3ef9613ea6	19	00:002F1858,01:0031DCB8,02:00300440,03:002F14E0,04:002F5520,05:0032F940,06:0031A4B0,07:0032D428,08:0031AEA8,09:003198A8,10:002FA9F8,11:0032CA90,12:0031A7C8,13:0031C2D8,14:0031AD58,15:002FCF10,16:002F99D0,17:003050E0,18:0030AC58
func_0023DE98	exe	256	330e96b5b7c8d796	19	00:002F1A00,01:0031DE60,02:003005E8,03:002F1688,04:002F56C8,05:0032FAE8,06:0031A658,07:0032D5D0,08:0031B050,09:00319A50,10:002FABA0,11:0032CC38,12:0031A970,13:0031C480,14:0031AF00,15:002FD0B8,16:002F9B78,17:00305288,18:0030AE00
func_0023DFC0	exe	28	ae758120b90653b7	19	00:002F1B28,00:002F1B48,00:002F1C18,01:0031DF88,01:0031DFA8,01:0031E078,02:00300710,02:00300730,02:00300800,03:002F17B0,03:002F17D0,03:002F18A0,04:002F57F0,04:002F5810,04:002F58E0,05:0032FC10,05:0032FC30,05:0032FD00,06:0031A780,06:0031A7A0,06:0031A870,07:0032D6F8,07:0032D718,07:0032D7E8,08:0031B178,08:0031B198,08:0031B268,09:00319B78,09:00319B98,09:00319C68,10:002FACC8,10:002FACE8,10:002FADB8,11:0032CD60,11:0032CD80,11:0032CE50,12:0031AA98,12:0031AAB8,12:0031AB88,13:0031C5A8,13:0031C5C8,13:0031C698,14:0031B028,14:0031B048,14:0031B118,15:002FD1E0,15:002FD200,15:002FD2D0,16:002F9CA0,16:002F9CC0,16:002F9D90,17:003053B0,17:003053D0,17:003054A0,18:0030AF28,18:0030AF48,18:0030B018
func_0023E008	exe	52	6f8a055599d25a72	19	00:002F1B70,01:0031DFD0,02:00300758,03:002F17F8,04:002F5838,05:0032FC58,06:0031A7C8,07:0032D740,08:0031B1C0,09:00319BC0,10:002FAD10,11:0032CDA8,12:0031AAE0,13:0031C5F0,14:0031B070,15:002FD228,16:002F9CE8,17:003053F8,18:0030AF70
func_0023E040	exe	12	2101c9c847db1308	19	00:002F1BA8,01:0031E008,02:00300790,03:002F1830,04:002F5870,05:0032FC90,06:0031A800,07:0032D778,08:0031B1F8,09:00319BF8,10:002FAD48,11:0032CDE0,12:0031AB18,13:0031C628,14:0031B0A8,15:002FD260,16:002F9D20,17:00305430,18:0030AFA8
func_0023E058	exe	12	6a085e5aeb75c89e	19	00:002F1BC0,01:0031E020,02:003007A8,03:002F1848,04:002F5888,05:0032FCA8,06:0031A818,07:0032D790,08:0031B210,09:00319C10,10:002FAD60,11:0032CDF8,12:0031AB30,13:0031C640,14:0031B0C0,15:002FD278,16:002F9D38,17:00305448,18:0030AFC0
func_0023E068	exe	72	060bb3b574d09089	19	00:002F1BD0,01:0031E030,02:003007B8,03:002F1858,04:002F5898,05:0032FCB8,06:0031A828,07:0032D7A0,08:0031B220,09:00319C20,10:002FAD70,11:0032CE08,12:0031AB40,13:0031C650,14:0031B0D0,15:002FD288,16:002F9D48,17:00305458,18:0030AFD0
func_0023E0D8	exe	216	23bee82bfb2bc4fd	19	00:002F1C40,01:0031E0A0,02:00300828,03:002F18C8,04:002F5908,05:0032FD28,06:0031A898,07:0032D810,08:0031B290,09:00319C90,10:002FADE0,11:0032CE78,12:0031ABB0,13:0031C6C0,14:0031B140,15:002FD2F8,16:002F9DB8,17:003054C8,18:0030B040
func_0023E1B0	exe	72	ad68b41de8d5b6f8	19	00:002F1D18,01:0031E178,02:00300900,03:002F19A0,04:002F59E0,05:0032FE00,06:0031A970,07:0032D8E8,08:0031B368,09:00319D68,10:002FAEB8,11:0032CF50,12:0031AC88,13:0031C798,14:0031B218,15:002FD3D0,16:002F9E90,17:003055A0,18:0030B118
func_0023E1F8	exe	156	32a89bef0b5aca6a	19	00:002F1D60,01:0031E1C0,02:00300948,03:002F19E8,04:002F5A28,05:0032FE48,06:0031A9B8,07:0032D930,08:0031B3B0,09:00319DB0,10:002FAF00,11:0032CF98,12:0031ACD0,13:0031C7E0,14:0031B260,15:002FD418,16:002F9ED8,17:003055E8,18:0030B160
func_0023E298	exe	436	f93f1ffe5c4ec908	19	00:002F1E00,01:0031E260,02:003009E8,03:002F1A88,04:002F5AC8,05:0032FEE8,06:0031AA58,07:0032D9D0,08:0031B450,09:00319E50,10:002FAFA0,11:0032D038,12:0031AD70,13:0031C880,14:0031B300,15:002FD4B8,16:002F9F78,17:00305688,18:0030B200
func_0023E450	exe	40	3c9af1e37ee4cbfc	19	00:002F1FB8,01:0031E418,02:00300BA0,03:002F1C40,04:002F5C80,05:003300A0,06:0031AC10,07:0032DB88,08:0031B608,09:0031A008,10:002FB158,11:0032D1F0,12:0031AF28,13:0031CA38,14:0031B4B8,15:002FD670,16:002FA130,17:00305840,18:0030B3B8
func_0023E478	exe	56	14baa07695f6647b	19	00:002F1FE0,01:0031E440,02:00300BC8,03:002F1C68,04:002F5CA8,05:003300C8,06:0031AC38,07:0032DBB0,08:0031B630,09:0031A030,10:002FB180,11:0032D218,12:0031AF50,13:0031CA60,14:0031B4E0,15:002FD698,16:002FA158,17:00305868,18:0030B3E0
func_0023E4B0	exe	48	f496b831534d6192	19	00:002F2018,00:002F2048,01:0031E478,01:0031E4A8,02:00300C00,02:00300C30,03:002F1CA0,03:002F1CD0,04:002F5CE0,04:002F5D10,05:00330100,05:00330130,06:0031AC70,06:0031ACA0,07:0032DBE8,07:0032DC18,08:0031B668,08:0031B698,09:0031A068,09:0031A098,10:002FB1B8,10:002FB1E8,11:0032D250,11:0032D280,12:0031AF88,12:0031AFB8,13:0031CA98,13:0031CAC8,14:0031B518,14:0031B548,15:002FD6D0,15:002FD700,16:002FA190,16:002FA1C0,17:003058A0,17:003058D0,18:0030B418,18:0030B448
func_0023E510	exe	80	ee9c1f7b7246bd13	19	00:002F2078,01:0031E4D8,02:00300C60,03:002F1D00,04:002F5D40,05:00330160,06:0031ACD0,07:0032DC48,08:0031B6C8,09:0031A0C8,10:002FB218,11:0032D2B0,12:0031AFE8,13:0031CAF8,14:0031B578,15:002FD730,16:002FA1F0,17:00305900,18:0030B478
func_0023E560	exe	76	f81b05cd9578a5da	19	00:002F20C8,01:0031E528,02:00300CB0,03:002F1D50,04:002F5D90,05:003301B0,06:0031AD20,07:0032DC98,08:0031B718,09:0031A118,10:002FB268,11:0032D300,12:0031B038,13:0031CB48,14:0031B5C8,15:002FD780,16:002FA240,17:00305950,18:0030B4C8
func_0023E5B8	exe	16	23fb552e5065cf1b	19	00:002F2120,01:0031E580,02:00300D08,03:002F1DA8,04:002F5DE8,05:00330208,06:0031AD78,07:0032DCF0,08:0031B770,09:0031A170,10:002FB2C0,11:0032D358,12:0031B090,13:0031CBA0,14:0031B620,15:002FD7D8,16:002FA298,17:003059A8,18:0030B520
func_0023E5C8	exe	20	040a588ec48fb86c	19	00:002F2130,01:0031E590,02:00300D18,03:002F1DB8,04:002F5DF8,05:00330218,06:0031AD88,07:0032DD00,08:0031B780,09:0031A180,10:002FB2D0,11:0032D368,12:0031B0A0,13:0031CBB0,14:0031B630,15:002FD7E8,16:002FA2A8,17:003059B8,18:0030B530
func_0023E5E0	exe	120	face3b733b2379af	19	00:002F2148,01:0031E5A8,02:00300D30,03:002F1DD0,04:002F5E10,05:00330230,06:0031ADA0,07:0032DD18,08:0031B798,09:0031A198,10:002FB2E8,11:0032D380,12:0031B0B8,13:0031CBC8,14:0031B648,15:002FD800,16:002FA2C0,17:003059D0,18:0030B548
func_0023E658	exe	64	b7cc08a7616e4909	19	00:002F21C0,01:0031E620,02:00300DA8,03:002F1E48,04:002F5E88,05:003302A8,06:0031AE18,07:0032DD90,08:0031B810,09:0031A210,10:002FB360,11:0032D3F8,12:0031B130,13:0031CC40,14:0031B6C0,15:002FD878,16:002FA338,17:00305A48,18:0030B5C0
func_0023E698	exe	12	b0ec236db1c4d971	19	00:002F2200,01:0031E660,02:00300DE8,03:002F1E88,04:002F5EC8,05:003302E8,06:0031AE58,07:0032DDD0,08:0031B850,09:0031A250,10:002FB3A0,11:0032D438,12:0031B170,13:0031CC80,14:0031B700,15:002FD8B8,16:002FA378,17:00305A88,18:0030B600
func_0023E6A8	exe	100	eb3e66139a353e5f	19	00:002F2210,01:0031E670,02:00300DF8,03:002F1E98,04:002F5ED8,05:003302F8,06:0031AE68,07:0032DDE0,08:0031B860,09:0031A260,10:002FB3B0,11:0032D448,12:0031B180,13:0031CC90,14:0031B710,15:002FD8C8,16:002FA388,17:00305A98,18:0030B610
func_0023E710	exe	32	f71e7f75a92a5e6f	19	00:002F2278,01:0031E6D8,02:00300E60,03:002F1F00,04:002F5F40,05:00330360,06:0031AED0,07:0032DE48,08:0031B8C8,09:0031A2C8,10:002FB418,11:0032D4B0,12:0031B1E8,13:0031CCF8,14:0031B778,15:002FD930,16:002FA3F0,17:00305B00,18:0030B678
func_L01_0021F9C8	shared	784	95a431f60c600c79	4	01:0021F9C8,09:0021D100,12:00220988,14:002110D8
func_L01_002274A8	shared	140	c9f88b5c8fb43f3c	7	01:002274A8,02:00216600,03:001FEF30,05:00234300,08:00218118,11:00236F00,16:00203E00
func_L01_002283E0	shared	68	2226722489b1803c	10	01:002283E0,02:00217538,03:001FFE68,05:00235238,06:0021E600,08:00219050,11:00237E38,15:001FFC58,16:00204D38,18:0020F2C8
func_L01_00228598	shared	932	fecc0a334580ec26	9	01:00228598,02:002176F0,03:00200020,05:002353F0,08:00219208,11:00237FF0,12:00229680,14:00219E00,16:00204EF0
func_L01_00228E08	shared	484	a1d45442891ca785	6	01:00228E08,02:00217F60,05:00235C60,11:00238860,12:00229EF0,15:002007C0
func_L01_002293D0	shared	364	11d27e6be2cdb0ac	8	01:002293D0,02:00218528,03:00200E60,08:0021A048,11:00238E28,12:0022A4B8,14:0021AC40,16:00205D30
func_L01_0022D340	shared	836	d6be5ab7b6867264	2	01:0022D340,03:00204DD0
func_L01_0022D688	shared	1956	9737c027bd6f7182	11	01:0022D688,02:0021C0A0,03:00205118,05:0023AB98,08:0021E318,11:0023D090,12:0022E6C0,14:0021E640,15:00204EE0,16:0020A128,18:00214570
func_L01_0022DE30	shared	1384	641538963a694256	11	01:0022DE30,02:0021C848,03:002058C0,05:0023B340,08:0021EAC0,11:0023D838,12:0022EE68,14:0021EDE8,15:00205688,16:0020A8D0,18:00214D18
func_L01_00231960	shared	260	2e522288f1f155ec	11	01:00231960,02:00220378,03:00209758,05:0023EEF0,06:00228288,08:00222BE0,11:00241368,12:00232998,14:00222F08,16:0020EA70,17:0020E098
func_L01_00231A68	shared	196	831e63e0894c06b3	9	01:00231A68,02:00220480,03:00209860,05:0023EFF8,08:00222CE8,11:00241470,12:00232AA0,14:00223010,16:0020EB78
func_L01_00231B98	shared	1072	145d4492399f4e44	5	01:00231B98,03:00209990,05:0023F128,11:002415A0,12:00232BD0
func_L01_002320F8	shared	568	cef9d10c1ef73ec2	6	01:002320F8,03:00209EF0,05:0023F688,08:00223398,11:00241B00,16:0020F228
func_L01_002328A8	shared	196	8cd65ae47f542742	5	01:002328A8,03:0020A6A0,05:0023FE38,11:002422B0,15:0020A278
func_L01_00232F90	shared	840	419d3be1561ab3a9	9	01:00232F90,02:00221898,03:0020AD88,05:00240520,08:00224278,11:00242998,12:00234050,14:00224480,16:00210180
func_L01_002333D8	shared	1992	8d5668621b4432fe	7	01:002333D8,03:0020B1D0,08:002246C0,11:00242DE0,14:002248C8,15:0020ADD8,18:0021AAC0
func_L01_00233F58	shared	968	eb313293294fdb9c	5	01:00233F58,03:0020BD50,11:00243960,12:00235000,15:0020B958
func_L01_002343F8	level	1268	2760ac77eb557e07	1	01:002343F8
func_L01_00234970	shared	660	5440ea4d7ec13b91	10	01:00234970,02:002232A8,03:0020C780,05:00242130,06:0022B2E8,08:00225D00,11:00244390,15:0020C388,16:00211DB8,18:0021C100
func_L01_002351A8	level	1756	bbb96935fa4b36d4	1	01:002351A8
func_L01_002377A8	level	21404	71a2446e4eff1b7a	1	01:002377A8
func_L01_0023CE00	shared	1292	e0202b4e2b855081	9	01:0023CE00,02:0022B0A0,03:00215F98,05:0024C8E0,08:00230488,11:0024D4A0,12:0023FA20,14:0022F928,16:0021DCE8
func_L01_0023D688	level	13916	cb4c80a4a27fa536	1	01:0023D688
func_L01_00240CE8	shared	84	8a0c96cd2c4142de	9	01:00240CE8,02:0022F1F8,03:0021A8D0,05:00251A68,08:00235358,11:00251C98,12:00244448,14:00233EA0,16:00223138
func_L01_00241620	level	2700	31ace66905325d3f	1	01:00241620
func_L01_002428E0	shared	648	620be7532428a770	10	01:002428E0,02:00230958,03:0021C610,05:00253AF8,06:0023B450,08:00237080,11:002539C0,15:0021D010,16:002251C8,18:0022E8C0
func_L01_00243078	level	19252	12ab68c020aec6a2	1	01:00243078
func_L01_002490E0	shared	24	afded7fbf2a3fc3e	11	01:002490E0,02:00236F68,03:00223208,05:0025CE60,08:0023ECB8,11:0025A470,12:0024D2C0,14:0023CDD0,15:00224658,16:0022F4E0,18:00237040
func_L01_002490F8	shared	24	3478148d7311fe96	11	01:002490F8,02:00236F80,03:00223220,05:0025CE78,08:0023ECD0,11:0025A488,12:0024D2D8,14:0023CDE8,15:00224670,16:0022F4F8,18:00237058
func_L01_00252E80	shared	124	a94d5f3166517490	18	01:00252E80,02:00240980,03:0022CFA8,04:00231860,05:00267EB0,06:0024DB80,07:00266470,08:00248A58,09:0025DEE0,10:002318E8,11:00264210,12:00257060,13:0024A0F0,14:002462D8,15:0022E3F8,16:0023A530,17:00239660,18:00241168
func_L01_00262BB0	shared	12	9ca49e28253aadd0	11	01:00262BB0,02:00250710,03:0023CE60,05:00277BE0,07:00276328,08:00258788,09:0026DC10,11:00273F40,12:00266D90,13:00259E20,14:002567B0
func_L01_00262BC0	shared	360	70fa7640f78f91b4	6	01:00262BC0,05:00277BF0,07:00276338,11:00273F50,12:00266DA0,13:00259E30
func_L01_00262D28	shared	128	0ff73fc707f320ce	6	01:00262D28,05:00277D58,07:002764A0,11:002740B8,12:00266F08,13:00259F98
func_L01_00262DA8	shared	576	3755aabec30d198e	6	01:00262DA8,05:00277DD8,07:00276520,11:00274138,12:00266F88,13:0025A018
func_L01_00262FE8	shared	848	1f983a866dc5aee9	6	01:00262FE8,05:00278018,07:00276760,11:00274378,12:002671C8,13:0025A258
func_L01_00263338	shared	656	e0da79868e4efa69	6	01:00263338,05:00278368,07:00276AB0,11:002746C8,12:00267518,13:0025A5A8
func_L01_002635C8	level	312	2f3ee783448b796d	1	01:002635C8
func_L01_002649C8	shared	12	109a6b3e4750a221	2	01:002649C8,02:00252280
func_L01_002649D8	shared	652	60f81dfd0b0d752f	3	01:002649D8,02:00252290,04:00242938
func_L01_0026E8E0	shared	120	2f39b630fe180e7e	15	01:0026E8E0,02:0025C198,03:00248660,04:0024C840,05:00283DE8,06:00268818,08:00264000,09:002794D8,10:0024C580,11:0027F928,12:00272848,13:00265858,14:00262088,15:002492E0,16:002551C8
func_L01_0026EFA8	shared	12	796234a259789367	9	01:0026EFA8,06:00268EE0,09:00279BA0,11:0027FFF0,12:00272FA0,13:00265F20,14:00262750,15:002499A8,16:00255890
func_L01_0026EFB8	shared	36	db8ef43dc6f5fefb	9	01:0026EFB8,06:00268EF0,09:00279BB0,11:00280000,12:00272FB0,13:00265F30,14:00262760,15:002499B8,16:002558A0
func_L01_0026EFDC	shared	96	714f5ff006311af6	9	01:0026EFDC,06:00268F14,09:00279BD4,11:00280024,12:00272FD4,13:00265F54,14:00262784,15:002499DC,16:002558C4
func_L01_0026F040	shared	80	c8ea5c6212e69962	8	01:0026F040,03:00248D40,07:00282B98,09:00279C38,12:00273038,13:00265FB8,15:00249A40,16:00255928
func_L01_0026F090	shared	88	7257f9feba8cbc89	12	01:0026F090,05:002844C8,06:00268F78,07:00282BE8,08:002646E0,11:00280088,12:00273088,13:00266008,15:00249A90,16:00255978,17:00254A20,18:0025C468
func_L01_0026FFC0	level	4	f9b9c0ec073fe735	1	01:0026FFC0
func_L01_0026FFC8	level	36	708a6467308c7197	1	01:0026FFC8
func_L01_00276680	shared	64	f0d74c04bfa91d1a	9	01:00276680,03:0024FEA0,04:002544A0,05:0028B8C8,07:00289E18,11:00286D78,12:0027A230,13:0026D7F0,14:00269BC8
func_L01_00277A38	shared	500	b6fd7700e17f2d47	6	01:00277A38,05:0028CC80,06:00271948,07:0028B1D0,10:00255858,11:00288130
func_L01_00277C30	shared	112	0737503fcab30c92	6	01:00277C30,05:0028CE78,06:00271B40,07:0028B3C8,10:00255A50,11:00288328
func_L01_00277CA0	shared	4	658afeeb0292b26d	2	01:00277CA0,07:0028B5D0
func_L01_00277FD8	shared	632	f28567baeba72b48	6	01:00277FD8,05:0028D668,06:00272330,07:0028B908,10:00256240,11:00288B18
func_L01_00278FA8	shared	56	f692485ec7becfb7	8	01:00278FA8,03:00252578,03:002D4508,03:002DDF38,07:002CE418,07:002CEC90,07:00312F50,09:003046F8,10:00257310,10:00296D68,12:002E4C00,13:0026FD18,14:0026C018
func_L01_00278FE0	shared	32	43851c2bffb72281	8	01:00278FE0,03:002525B0,03:002D4540,03:002DDF70,07:002CE450,07:002CECC8,07:00312F88,09:00304730,10:00257348,10:00296DA0,12:002E4C38,13:0026FD50,14:0026C050
func_L01_00279398	shared	164	37a8c8bb858ce02b	10	01:00279398,02:00265D40,03:00252968,05:0028E9D0,06:002736B8,08:0026E758,11:00289E80,12:0027CEA0,14:0026C408,16:0025F928
func_L01_00279790	shared	112	ac7e7b0d25a3bf75	17	01:00279790,02:002662C0,03:00252D88,04:00257458,05:0028EDF0,06:00273AB0,07:0028D390,08:0026EB50,09:00283A88,10:00257DF8,11:00289FA8,12:0027D2C0,13:00270800,14:0026C800,15:00254270,16:0025FED0,17:0025EAC0
func_L01_00279AC0	shared	4	d710ffb43bfcf9c7	6	01:00279AC0,05:0028EF50,07:0028D6C0,13:00270960,14:0026C960,18:00267408
func_L01_00279E10	shared	148	027581a1b74a126f	10	01:00279E10,02:00266910,03:002533D8,04:00257AA8,08:0026F1A0,09:002840D8,10:00258448,11:0028A5F8,12:0027D910,17:0025F110
func_L01_0027F6C8	level	520	c6d3c08a24efa984	1	01:0027F6C8
func_L01_00280428	shared	292	d008ddf820742593	4	01:00280428,03:002597E8,04:0025DEB8,14:00273230
func_L01_00281738	shared	344	03c339e83c9b51ae	6	01:00281738,06:0027B670,08:002769A0,09:0028B1C8,15:0025BE30,17:002662C0
func_L01_00286530	shared	316	4ac0db3df71b417c	7	01:00286530,02:00272B70,03:0025F798,04:00263E68,06:00280468,10:00264298,14:002791E0
func_L01_00287F20	shared	304	a8353c51860ddef8	6	01:00287F20,05:0029CFC8,10:00265C88,11:00298088,12:0028B5A0,13:0027E830
func_L01_002888C8	level	216	887476ae8ea424ef	1	01:002888C8
func_L01_00288A48	level	268	9072665d6b3af118	1	01:00288A48
func_L01_0028B570	shared	352	b7298081ac7c5867	12	01:0028B570,02:002776B8,03:002645A8,04:00268C80,05:002A0438,06:00284FB0,08:00280718,11:0029B4F8,12:0028EC68,13:00281EB0,14:0027E160,17:00270070
func_L01_0028C1D0	shared	4	e7f3bb060be4d8ec	7	01:0028C1D0,03:00265208,04:002698E0,12:0028F8C8,14:0027EDC0,15:0023F500,17:0024A738
func_L01_0028C1D8	shared	248	112c364b4068e62f	5	01:0028C1D8,03:00265210,04:002698E8,12:0028F8D0,14:0027EDC8
func_L01_0028C2D8	shared	200	c956cd676da31a35	11	01:0028C2D8,03:00265310,04:002699E8,05:002A10A8,07:0029F3E0,08:00281470,09:002957B0,12:0028F9D0,13:00282B20,14:0027EEC8,16:00272008
func_L01_0028C3A8	shared	408	4a1d0214d1cd08e6	4	01:0028C3A8,09:00295A50,13:00282DC0,15:00266918
func_L01_0028C548	level	44	e15a24aa906e9bb9	1	01:0028C548
func_L01_0028C578	shared	64	453c6a862fa7f765	4	01:0028C578,03:00265418,04:00269AF0,14:0027EFD0
func_L01_0028C5B8	shared	24	6225c6f18f8f5836	4	01:0028C5B8,03:00265458,04:00269B30,14:0027F010
func_L01_0028C5D0	shared	32	85b3a0c930288f53	4	01:0028C5D0,03:00265470,04:00269B48,14:0027F028
func_L01_0028C5F0	shared	40	99ee48e4f7fc3866	4	01:0028C5F0,03:00265490,04:00269B68,14:0027F048
func_L01_0028C618	shared	16	d912aab316c1167a	4	01:0028C618,03:002654B8,04:00269B90,14:0027F070
func_L01_0028C628	shared	24	da1c3987db3a92d9	4	01:0028C628,03:002654C8,04:00269BA0,14:0027F080
func_L01_0028C640	shared	76	a54d7b5b068d775b	4	01:0028C640,03:002654E0,04:00269BB8,14:0027F098
func_L01_0028C690	shared	440	e53a6e0a41a59a0a	4	01:0028C690,03:00265530,04:00269C08,14:0027F0E8
func_L01_0028C848	shared	268	6abd0dd5f8700d2d	4	01:0028C848,03:002656E8,04:00269DC0,14:0027F2A0
func_L01_0028C958	shared	672	8ad73ca1821eca84	4	01:0028C958,03:002657F8,04:00269ED0,14:0027F3B0
func_L01_0029C2A0	shared	288	f290c2f029abff73	5	01:0029C2A0,03:00275140,04:00279818,05:002B0868,08:00290C30
func_00215038	exe	12	cfecb513e5f6a6c8	14	01:0029FFA0,02:0028B600,03:00278E40,04:0027D518,06:00298EF8,08:00294930,09:002A8EB8,10:0027CFC8,11:002AF440,12:002A2D70,14:002928D8,16:002853A8,17:00284270,18:0028C090
func_L01_002A0190	shared	44	ec9e0ec7b395eeab	4	01:002A0190,02:0028BA78,03:00278F98,18:0028C100
func_L01_002A0D78	shared	4	54148b3d8dc7a5b0	11	01:002A0D78,03:00279B80,04:0027E2B0,08:00295640,09:002A9BE0,10:0027DDC0,11:002B0218,12:002A3B48,14:00293628,16:00286180,18:0028CE08
func_L01_002A2C90	shared	116	d34db425602abb57	13	01:002A2C90,02:0028E968,03:0027BB08,05:002B79A0,07:002B5E80,08:00297558,09:002ABAF8,10:0027FCB8,12:002A5A60,14:002955D0,15:0027D130,16:00288098,18:0028ED90
func_L01_002A3680	shared	52	6053569458f0151c	2	01:002A3680,14:00295FC0
func_L01_002AFD00	shared	640	e4cca85de9d7c94a	2	01:002AFD00,13:002A6608
func_L01_002B8C00	shared	544	52bb0c9450590373	6	01:002B8C00,05:002CD660,07:002CBB40,11:002C7D80,12:002BB720,13:002AF508
func_L01_002B8E20	shared	192	2bb15803a8d8750c	6	01:002B8E20,05:002CD880,07:002CBD60,11:002C7FA0,12:002BB940,13:002AF728
func_L01_002B90A8	shared	60	cb35278d16c6afd2	6	01:002B90A8,05:002CDB08,07:002CBFE8,11:002C8228,12:002BBBC8,13:002AF9B0
func_L01_002B90E8	shared	172	2e162b0cd37a8654	6	01:002B90E8,05:002CDB48,07:002CC028,11:002C8268,12:002BBC08,13:002AF9F0
func_L01_002B9198	shared	236	62eaa74bdf5617db	6	01:002B9198,05:002CDBF8,07:002CC0D8,11:002C8318,12:002BBCB8,13:002AFAA0
func_L01_002B9288	shared	436	31ce6739e28a15ab	6	01:002B9288,05:002CDCE8,07:002CC1C8,11:002C8408,12:002BBDA8,13:002AFB90
func_L01_002B9440	shared	28	db102ac3f3a26cf4	3	01:002B9440,07:002CC380,13:002AFD48
func_L01_002B9DC0	shared	164	9d587ff7ee625713	6	01:002B9DC0,05:002CE808,07:002CCD00,11:002C8F28,12:002BC8C8,13:002B06C8
func_L01_002B9E68	shared	740	0d82adca3253dbbc	6	01:002B9E68,05:002CE8B0,07:002CCDA8,11:002C8FD0,12:002BC970,13:002B0770
func_L01_002BA150	shared	556	df538c3d39f8767b	6	01:002BA150,05:002CEB98,07:002CD090,11:002C92B8,12:002BCC58,13:002B0A58
func_L01_002BA380	shared	1272	a7290e787098dad6	6	01:002BA380,05:002CEDC8,07:002CD2C0,11:002C94E8,12:002BCE88,13:002B0C88
func_L01_002BA898	level	836	29f111ae614f0372	1	01:002BA898
func_L01_002BABE8	level	52	d95c149d0e5c93e2	1	01:002BABE8
func_L01_002BB068	shared	1956	9e80b779ea1acd75	4	01:002BB068,03:00292F78,10:002DFC20,13:002B1618
func_L01_002BE2C8	level	888	14a8231119368afc	1	01:002BE2C8
func_L01_002C05B8	shared	44	f4b53995d81e03fb	9	01:002C05B8,02:002AA820,03:0029AD70,06:002B7BA8,08:002B33A0,11:002CEB08,12:002C2B80,14:002B91D8,17:002A6130
func_L01_002C84D8	shared	616	417e9910238d3cd9	6	01:002C84D8,06:002BFAD0,08:002BB878,09:002D1D08,15:002ABB78,17:002B06B0
func_L01_002C8740	shared	552	6e704c05fc10579e	6	01:002C8740,06:002BFD38,08:002BBAE0,09:002D1F70,15:002ABDE0,17:002B0918
func_L01_002E1F50	shared	140	32a59e14ffca34cc	3	01:002E1F50,04:002C1020,08:002D9558
func_L01_002E1FE0	shared	3672	51c257c0932e4c67	3	01:002E1FE0,04:002C10B0,08:002D95E8
func_L01_002E2E38	shared	520	be09845cff3c784c	2	01:002E2E38,13:002E8670
func_L01_002E4430	shared	88	dd4e23c4c79c44e3	10	01:002E4430,01:0030E5E0,02:002CD140,02:002F1688,03:002E2000,04:002C8340,04:002E7078,05:0031EFE0,06:0030B590,08:0030B3B0,11:0031CF38,12:0030AD98,14:0030A3D8
func_L01_002E4488	shared	236	c8948ad80a3b2978	3	01:002E4488,02:002CD198,04:002C8398
func_L01_002E4580	shared	160	8ef6e38e48dd49f7	3	01:002E4580,02:002CD290,04:002C8490
func_L01_002E4620	shared	764	e80b7878fb5dd588	3	01:002E4620,02:002CD330,04:002C8530
func_L01_002E4920	shared	644	8a843269e959e0bc	3	01:002E4920,02:002CD630,04:002C8830
func_L01_002E4BA8	shared	1772	79ad84608eccd15b	3	01:002E4BA8,02:002CD8B8,04:002C8AB8
func_L01_002E5298	shared	3224	014768e4ffdb31f2	3	01:002E5298,02:002CDFA8,04:002C91A8
func_L01_002E78F0	level	632	7665c3003906f8d4	1	01:002E78F0
func_L01_002E7B68	level	1120	3411456c8baa651a	1	01:002E7B68
func_L01_002E7FC8	level	8240	fc9298c49ddb66ff	1	01:002E7FC8
func_L01_002EEDD8	shared	672	843623e0956a49c7	5	01:002EEDD8,08:002F1020,09:002F7A28,15:002D5B38,17:002D4298
func_L01_002EF078	shared	4040	21efb618516dfc6d	3	01:002EF078,05:00300148,11:002FAD68
func_L01_002F0040	shared	1768	f1b1ce6a2ff93ca1	3	01:002F0040,05:00301110,11:002FBD30
func_L01_002F0728	shared	296	10eb31784d066d5a	3	01:002F0728,05:003017F8,11:002FC418
func_L01_002F0850	shared	228	7663f6a9f20d57b0	3	01:002F0850,05:00301920,11:002FC540
func_L01_002F0938	shared	524	15267ad2154600a3	3	01:002F0938,05:00301A08,11:002FC628
func_L01_002F0B48	shared	788	0096e54e6f93972e	3	01:002F0B48,05:00301C18,11:002FC838
func_L01_002F0E60	shared	112	e3563f896906ddad	3	01:002F0E60,05:00301F30,11:002FCB50
func_L01_002F0FD0	shared	104	ac5c63da27f20241	2	01:002F0FD0,13:002B6070
func_L01_002F1038	level	8216	5b7c8b881c1965ca	1	01:002F1038
func_L01_002F30F0	shared	176	8285a70d54094b77	2	01:002F30F0,13:002B8C90
func_L01_002F3F40	shared	848	b9dace33568cf659	10	01:002F3F40,02:002D85C8,03:002CCCB0,04:002D5748,05:00302DE0,06:002E25F8,08:002F2D78,11:002FDA00,12:002F65D0,14:002EBE30
func_L01_002F4290	shared	520	ba6ebe78baa907c2	18	01:002F4290,02:002D8918,03:002CD000,04:002D5A98,05:00303130,06:002E2948,07:002FEA78,08:002F30C8,09:002F8A08,10:002C7830,11:002FDD50,12:002F6920,13:002F6688,14:002EC180,15:002D6B18,16:002D3E48,17:002D5278,18:002D9F98
func_L01_002F44F8	level	1092	05b49b98684d3f18	1	01:002F44F8
func_L01_002F5720	level	220	8696547262a413b0	1	01:002F5720
func_L01_002F5800	level	740	459fa02c92259448	1	01:002F5800
func_L01_002F5AE8	level	588	c4a639ee78f441c1	1	01:002F5AE8
func_L01_002F5D38	level	1756	09568d1510fb8b84	1	01:002F5D38
func_L01_002F6418	shared	296	abd47186d4990931	4	01:002F6418,03:00294CF8,03:0029DA60,04:002CCB70,14:002E94D8
func_L01_002F6540	shared	3984	95169fab1191af08	4	01:002F6540,03:00294E20,04:002CCC98,14:002E9600
func_L01_002F74D0	level	44	3567252f16eb8d07	1	01:002F74D0,01:002F7528,01:002FFF00
func_L01_002F7558	level	424	23f315322ffd10ab	1	01:002F7558
func_L01_002F7700	shared	1400	c1b1bf26bb70222a	4	01:002F7700,05:00307C10,08:002F8980,15:002DA9D8
func_L01_002F7C78	level	400	4e4b772f904b2b92	1	01:002F7C78
func_L01_002F7E08	shared	3316	97731ba651dc0664	2	01:002F7E08,14:002F0CC8
func_L01_002F8B00	level	2716	9bc6dff309ae21c1	1	01:002F8B00
func_L01_002F95A0	level	156	dc7762898c3953af	1	01:002F95A0
func_L01_002F9640	level	708	2d06288196619de0	1	01:002F9640
func_L01_002F9908	shared	484	b48b45c0d2055300	6	01:002F9908,02:002DE910,07:00301530,10:002EC388,15:002BF2F8,18:002E0FB0
func_L01_002F9AF0	shared	1344	780fa6a24e624a93	6	01:002F9AF0,02:002DEAF8,07:00301718,10:002EC570,15:002BF4E0,18:002E1198
func_L01_002FA030	level	936	573b24d208c181f5	1	01:002FA030
func_L01_002FA3D8	level	128	aa320c30b9ddd4cc	1	01:002FA3D8
func_L01_002FA458	level	1344	1fdcd6e75af4e1ad	1	01:002FA458
func_L01_002FA998	level	588	e9be59e2ca0210f7	1	01:002FA998
func_L01_002FABE8	level	992	2ccf11a3ad18362a	1	01:002FABE8
func_L01_002FAFC8	level	400	3cf9250fac174e7b	1	01:002FAFC8
func_L01_002FB158	level	740	4ddfdf0404a022d8	1	01:002FB158
func_L01_002FB440	level	324	f05a8899f4e5a339	1	01:002FB440
func_L01_002FB588	level	784	9c011ee041dcadc5	1	01:002FB588
func_L01_002FB898	level	608	835a0c4b1efe11e1	1	01:002FB898
func_L01_002FBBD8	level	1152	ebca7d7eefc90b11	1	01:002FBBD8
func_L01_002FC058	level	228	fb7d855a077a6c6a	1	01:002FC058
func_L01_002FC140	level	1868	ced6a15bd04a236d	1	01:002FC140
func_L01_002FC890	shared	248	5fe9114737aae65a	8	01:002FC890,02:002E1010,03:002D0610,03:002DD748,05:00318EB8,07:002F7448,07:00301C58,10:002C8FC0,13:002EEF28,13:002FA210,17:002E30F8
func_L01_002FC988	shared	760	8c88f37b63d44b96	6	01:002FC988,02:002E1108,03:002D0708,07:00301D50,10:002C90B8,13:002FA308
func_L01_002FCC80	level	628	89371bb7caa50d6a	1	01:002FCC80
func_L01_002FE498	shared	36	b9a1fff37b1feafc	6	01:002FE498,05:0030EB40,07:0030E100,11:0030FBD0,12:002C0918,13:0030B918
func_L01_002FE4C0	level	2232	923020c3e5009725	1	01:002FE4C0
func_L01_002FED78	level	540	b6edadcdc54b809f	1	01:002FED78
func_L01_002FFF30	level	524	e50349f44f302acf	1	01:002FFF30
func_L01_00300140	level	700	e471e168fd5c0774	1	01:00300140
func_L01_00300400	shared	236	563fb3460d6c44df	2	01:00300400,08:002FA498
func_L01_003004F0	shared	1616	dd242ccd095a99a8	2	01:003004F0,08:002FA588
func_L01_00300C38	level	556	b0b4f221275fe3f6	1	01:00300C38
func_L01_00300E68	level	148	aaeaa4cf02cb5af6	1	01:00300E68
func_L01_00300F00	level	424	aa49afde77d52e33	1	01:00300F00
func_L01_003010A8	level	240	ad2dd89c528b2f97	1	01:003010A8
func_L01_00301198	level	704	4759d53be08463ad	1	01:00301198
func_L01_003015F8	shared	760	63283793c8132ddc	18	01:003015F8,02:002E3CD8,03:002D2508,04:002DB3A0,05:0030B298,06:002E7B10,07:00303B80,08:002FAE70,09:002FA490,10:002CB5E0,11:00301948,12:002F9470,13:002FC108,14:002F5618,15:002DCA58,16:002D7DA8,17:002DAFE8,18:002E3330
func_L01_00303590	level	368	8f6215327b413114	1	01:00303590
func_L01_00303700	level	272	ee58512aa93c3f77	1	01:00303700
func_L01_00303810	shared	524	d75aeed411897b7b	16	01:00303810,02:002E5C70,03:002D52A0,04:002DD338,05:0030ED80,06:002EBC60,07:00306020,08:002FCE08,09:002FC428,10:002CFC28,11:00304230,12:002FB408,13:002FE0A0,14:002F75B0,15:002DF470,18:002E5348
func_L01_00303A20	shared	416	ee055b8868dc0fdc	16	01:00303A20,02:002E5E80,03:002D54B0,04:002DD548,05:0030EF90,06:002EBE70,07:00306230,08:002FD018,09:002FC638,10:002CFE38,11:00304440,12:002FB618,13:002FE2B0,14:002F77C0,15:002DF680,18:002E5558
func_L01_00309020	level	88	06047f66797bfb80	1	01:00309020
func_L01_00309078	shared	1760	ad1df72c80309e05	18	01:00309078,02:002EC170,03:002DE550,04:002E3318,05:0031B170,06:003067E8,07:0031C9C0,08:00304830,09:003036A0,10:002DECA0,11:0030CBA0,12:00301190,13:00304DE8,14:003010A0,15:002E5B60,16:002E0650,17:002E5AE0,18:002EE030
func_L01_00309758	shared	236	c132df7c9720143c	18	01:00309758,02:002EC850,03:002DEC30,04:002E39F8,05:0031B850,06:00306EC8,07:0031D0A0,08:00304F10,09:00303D80,10:002DF380,11:0030D280,12:00301870,13:003054C8,14:00301780,15:002E6240,16:002E0D30,17:002E61C0,18:002EE710
func_L01_00309928	shared	652	7db40b046c9c757f	18	01:00309928,02:002ECA20,03:002DEE00,04:002E3BC8,05:0031BA20,06:00307098,07:0031D270,08:003050E0,09:00303F50,10:002DF550,11:0030D450,12:00301A40,13:00305698,14:00301950,15:002E6410,16:002E0F00,17:002E6390,18:002EE8E0
func_L01_00309BB8	shared	528	07f7b4e5c7b739f8	18	01:00309BB8,02:002ECCB0,03:002DF090,04:002E3E58,05:0031BCB0,06:00307328,07:0031D500,08:00305370,09:003041E0,10:002DF7E0,11:0030D6E0,12:00301CD0,13:00305928,14:00301BE0,15:002E66A0,16:002E1190,17:002E6620,18:002EEB70
func_L01_00309DC8	shared	300	7b3e81557071b017	18	01:00309DC8,02:002ECEC0,03:002DF2A0,04:002E4068,05:0031BEC0,06:00307538,07:0031D710,08:00305580,09:003043F0,10:002DF9F0,11:0030D8F0,12:00301EE0,13:00305B38,14:00301DF0,15:002E68B0,16:002E13A0,17:002E6830,18:002EED80
func_L01_00309F00	shared	172	1fa5556dc7931a8c	8	01:00309F00,07:0031D848,08:003056B8,12:00302018,13:00305C70,16:002E14D8,17:002E6968,18:002EEEB8
func_L01_00309FB0	shared	1780	7767131d5a3b3111	8	01:00309FB0,07:0031D8F8,08:00305768,12:003020C8,13:00305D20,16:002E1588,17:002E6A18,18:002EEF68
func_L01_0030A6A8	shared	352	9c4e30953b6a7235	9	01:0030A6A8,07:0031DFF0,08:00305E60,11:002F3EE0,12:003027C0,13:00306418,16:002E1C80,17:002E7110,18:002EF660
func_L01_0030A808	shared	192	75a7dbf656a34daa	8	01:0030A808,07:0031E150,08:00305FC0,12:00302920,13:00306578,16:002E1DE0,17:002E7270,18:002EF7C0
func_L01_0030A8C8	shared	756	b06e7d42355db73b	8	01:0030A8C8,07:0031E210,08:00306080,12:003029E0,13:00306638,16:002E1EA0,17:002E7330,18:002EF880
func_L01_0030ABC0	shared	80	c0b5afb3b973d393	8	01:0030ABC0,07:0031E508,08:00306378,12:00302CD8,13:00306930,16:002E2198,17:002E7628,18:002EFB78
func_L01_0030AC10	shared	96	51aa3b9bfae91d1f	8	01:0030AC10,07:0031E558,08:003063C8,12:00302D28,13:00306980,16:002E21E8,17:002E7678,18:002EFBC8
func_L01_0030AFD0	level	156	60744deb9bce36c0	1	01:0030AFD0
func_L01_0030B070	level	52	2717d150a82e2fa1	1	01:0030B070
func_L01_0030C090	level	2396	040efa6edade07cf	1	01:0030C090
func_L01_0030C9F0	shared	1024	a21bcf8a4ed259b7	2	01:0030C9F0,06:00309CA8
func_L01_0030CDF0	level	1112	85d24e3ce4a57104	1	01:0030CDF0
func_L01_0030D248	level	312	6d43e01733f5c631	1	01:0030D248
func_L01_0030D380	shared	488	33807933918b6748	3	01:0030D380,14:002E0040,15:002CBBA0
func_L01_0030D568	level	1796	1dfab9305a2f66dd	1	01:0030D568
func_L01_0030DC70	shared	272	7903a24072a33a0f	10	01:0030DC70,02:002F1208,03:002E1B80,04:002E6BF8,05:0031EB60,06:0030A820,08:00309CD0,11:0031CAB8,12:0030A918,14:00309F58
func_L01_0030DD80	shared	880	871d9a6487ada458	10	01:0030DD80,02:002F1318,03:002E1C90,04:002E6D08,05:0031EC70,06:0030A930,08:00309DE0,11:0031CBC8,12:0030AA28,14:0030A068
func_L01_0030E4C8	level	268	1232cbf38fce3039	1	01:0030E4C8
func_L01_0030E638	shared	168	049dcdf2f96028bb	10	01:0030E638,02:002F16E0,03:002E2058,04:002E70D0,05:0031F038,06:0030B5E8,08:0030B408,11:0031CF90,12:0030ADF0,14:0030A430
func_L01_0030E6E0	shared	744	45023cf1aef7be8d	10	01:0030E6E0,02:002F1788,03:002E2100,04:002E7178,05:0031F0E0,06:0030B690,08:0030B4B0,11:0031D038,12:0030AE98,14:0030A4D8
func_L01_0030E9C8	shared	656	1321684da65f5ffa	10	01:0030E9C8,02:002F1A70,03:002E23E8,04:002E7460,05:0031F3C8,06:0030B978,08:0030B798,11:0031D320,12:0030B180,14:0030A7C0
func_L01_0030EC58	shared	1308	72d04e04f70eb8e7	10	01:0030EC58,02:002F1D00,03:002E2678,04:002E76F0,05:0031F658,06:0030BC08,08:0030BA28,11:0031D5B0,12:0030B410,14:0030AA50
func_L01_0030F178	shared	196	ccee911d03add5d8	10	01:0030F178,02:002F2220,03:002E2B98,04:002E7C10,05:0031FB78,06:0030C128,08:0030BF48,11:0031DAD0,12:0030B930,14:0030AF70
func_L01_0030F240	shared	104	2b91dbcee5174ffa	10	01:0030F240,02:002F22E8,03:002E2C60,04:002E7CD8,05:0031FC40,06:0030C1F0,08:0030C010,11:0031DB98,12:0030B9F8,14:0030B038
func_L01_0030F2A8	shared	112	9cffafc141441559	10	01:0030F2A8,02:002F2350,03:002E2CC8,04:002E7D40,05:0031FCA8,06:0030C258,08:0030C078,11:0031DC00,12:0030BA60,14:0030B0A0
func_L01_0030F318	shared	4052	ebf6296002e965b1	10	01:0030F318,02:002F23C0,03:002E2D38,04:002E7DB0,05:0031FD18,06:0030C2C8,08:0030C0E8,11:0031DC70,12:0030BAD0,14:0030B110
func_L01_003102F0	level	456	7ec8ce029f85be17	1	01:003102F0
func_L01_003104B8	level	292	2199e78d6ffca7ad	1	01:003104B8
func_L01_003105E0	level	304	7921045f5cd6432a	1	01:003105E0
func_L01_00316270	shared	1212	04583cff1929bc9b	5	01:00316270,05:00326850,08:00312D50,16:002F12C0,17:002FDE08
func_L01_00316730	shared	2688	644744c7ac2a688c	5	01:00316730,05:00326D10,08:00313210,16:002F1780,17:002FE2C8
func_L01_003171B8	shared	588	2ea39e8a1ac66dc6	5	01:003171B8,05:00327798,08:00313C98,16:002F2208,17:002FED50
func_L01_00317408	shared	124	38a6c3503ffcc240	5	01:00317408,05:003279E8,08:00313EE8,16:002F2458,17:002FEFA0
func_L01_00318260	shared	100	8864c3cb95a97bbd	3	01:00318260,04:002EFB78,08:00314D40
func_L01_0031AD00	shared	928	41e0d1d80be5cbc4	9	01:0031AD00,05:0032C988,08:00317F68,09:00316D28,11:00329FC0,12:00317A60,13:003198B8,14:00317E18,16:002F6D18
func_L01_0031B2F0	shared	348	a68026a80c722493	13	01:0031B2F0,02:002FDB28,03:002EEBC8,05:0032CF78,07:0032AB10,08:00318308,09:003170C8,10:002F8218,12:00317E00,14:003181B8,15:002FA680,16:002F70B8,18:00308290
func_L01_0031B450	shared	176	649f8e18f1071c2c	7	01:0031B450,05:0032D0D8,11:0032A360,12:00317F60,15:002FA7E0,17:003029B0,18:003083F0
func_L01_0031B500	shared	308	c62feb0aa93c3e02	11	01:0031B500,02:002FDC88,03:002EED28,04:002F2D68,05:0032D188,07:0032AC70,08:003186F0,12:00318010,14:003185A0,16:002F7218,18:003084A0
func_L02_001FC308	shared	104	ad95809cb22ba3ee	16	02:001FC308,03:001E4D88,04:001DDD88,05:0021A108,06:00203088,07:00213208,09:0020A708,10:001DEA88,11:0021CC88,12:0020DE88,13:001F6E08,14:001FE688,15:001E4B08,16:001E9C88,17:001E8588,18:001F4108
func_L02_0020BF88	shared	260	e8898172ad047482	8	02:0020BF88,04:001ED9B8,06:00212CB8,08:0020DA60,11:0022C8B8,12:0021DB10,13:00206A38,18:00203D38
func_L02_0021A2E0	shared	12	c3a0dac288713c8c	3	02:0021A2E0,06:00221968,14:0021C9F8
func_L02_0021BC90	level	1036	cc85d0e0cc5d2a61	1	02:0021BC90
func_L02_002205B0	level	836	5b27ebb4aacad4f7	1	02:002205B0
func_L02_00220A28	level	544	118ca195cd8c3561	1	02:00220A28
func_L02_002211C0	shared	180	4346f7297b0542b8	2	02:002211C0,14:00223DA8
func_L02_00221CE0	level	2072	13fa8aaa1a754a0d	1	02:00221CE0
func_L02_002228B0	level	912	d1e6120024503cef	1	02:002228B0
func_L02_00222D18	shared	1292	f6d9a5292887e2e4	5	02:00222D18,03:0020C1F0,11:00243E00,12:002354A0,15:0020BDF8
func_L02_00223AE0	shared	1908	ec72411e83e590a3	8	02:00223AE0,03:0020CFB8,05:00242968,08:00226538,11:00244BC8,15:0020CBC0,16:002125F0,18:0021C938
func_L02_00226338	level	19120	2a9f4c061e47d832	1	02:00226338
func_L02_0022BE40	level	13240	af23968b4aa315cc	1	02:0022BE40
func_L02_0022F568	shared	3008	f62af1d8ea593a90	8	02:0022F568,06:0023A060,08:00235C90,11:002525D0,12:00244D80,14:00234210,15:0021BC20,18:0022D4D0
func_L02_002310F0	level	18756	0cbd6de927f6b20e	1	02:002310F0
func_L02_00237C98	level	96	38c93c4244e13911	1	02:00237C98
func_L02_0023A0E8	shared	20	fb1a5d297c4e3e80	3	02:0023A0E8,06:00246980,14:0023FEF0
func_L02_0023D600	level	224	c356aa22191f2c5a	1	02:0023D600
func_L02_0023D6E0	level	980	a2564746ba8c5ead	1	02:0023D6E0
func_L02_00240A00	level	104	64ae7b9d2290fb1b	1	02:00240A00
func_L02_00250720	shared	824	9b1400b68c6f5354	7	02:00250720,03:0023CE70,05:002785F8,07:00276D40,08:00258798,09:0026DC20,14:002567C0
func_L02_00250A58	shared	544	e32b9cbc49e46d9c	7	02:00250A58,03:0023D1A8,05:00278930,07:00277078,08:00258AD0,09:0026DF58,14:00256AF8
func_L02_00250C78	shared	836	f44f6f7fe7899760	7	02:00250C78,03:0023D3C8,05:00278B50,07:00277298,08:00258CF0,09:0026E178,14:00256D18
func_L02_0025D750	shared	36	1340f8b37ffc5274	5	02:0025D750,03:00249B38,05:002853F8,12:00273FB8,15:0024A9C0
func_L02_0025D778	shared	4	1157144fb23bd293	5	02:0025D778,03:00249B60,05:00285420,12:00273FE0,15:0024A9E8
func_L02_002612C0	shared	12	4cc0dc42183f8768	2	02:002612C0,11:00284B08
func_L02_00264950	shared	12	da83eefdf364e124	8	02:00264950,03:002511B8,04:002558A8,09:00282458,12:0027B638,14:0026AF80,15:002523F8,17:0025D310
func_L02_00265E58	shared	44	769fa99afd0e1629	2	02:00265E58,16:0025FA68
func_L02_00265E88	shared	860	e64004ac83b88766	2	02:00265E88,16:0025FA98
func_L02_002661E8	shared	216	d75eb1a785da39f1	2	02:002661E8,16:0025FDF8
func_L02_002A5218	shared	28	b58d2b8a20ed0315	5	02:002A5218,03:00292320,08:002ADE08,09:002C2310,14:002ABE18
func_L02_002A5238	shared	116	34336696c5a4686e	7	02:002A5238,03:00292340,05:002CF2D0,07:002CD7C8,08:002ADE28,09:002C2330,14:002ABE38
func_L02_002A52B0	shared	28	f9fd50615e1438be	5	02:002A52B0,05:002CF348,07:002CD840,08:002ADEA0,18:002EB240
func_L02_002A52D0	shared	1516	fdfb527133b19a0a	7	02:002A52D0,03:002923C0,05:002CF368,07:002CD860,08:002ADEC0,09:002C23B0,14:002ABEB8
func_L02_002A58C0	shared	268	4abd5d3ed11dd403	7	02:002A58C0,03:002929B0,05:002CF958,07:002CDE50,08:002AE4B0,09:002C29A0,14:002AC4A8
func_L02_002A59D8	level	28	7658dc8383607025	1	02:002A59D8,02:002A5A60
func_L02_002A59F8	level	104	d2833a5ee946afb2	1	02:002A59F8
func_L02_002CCD18	shared	44	74968c3c9884c3b5	3	02:002CCD18,08:002DB738,18:002CFB60
func_L02_002D4E50	level	580	399dbdba817f06d7	1	02:002D4E50
func_L02_002D5098	level	308	e2a5cc365254b783	1	02:002D5098
func_L02_002D51D0	level	128	8c306cbfd8676c5b	1	02:002D51D0
func_L02_002D5250	level	6208	1c70124070b69b8f	1	02:002D5250
func_L02_002D6A90	level	208	2d5ee235727aff9d	1	02:002D6A90
func_L02_002D6B60	level	208	b5afc2dc85501387	1	02:002D6B60
func_L02_002D6C30	level	620	f0479dab23743d25	1	02:002D6C30
func_L02_002D6EA0	level	540	72daf576e11d5c62	1	02:002D6EA0
func_L02_002D70C0	level	1168	8ce5020b61d05657	1	02:002D70C0
func_L02_002D7550	level	168	0ba2e6f46a98bfcd	1	02:002D7550
func_L02_002D7648	level	124	12288ad01f1852c2	1	02:002D7648
func_L02_002D7778	level	128	bccd404fab0e3477	1	02:002D7778
func_L02_002D77F8	level	144	5adb7a1780b0f35c	1	02:002D77F8
func_L02_002D8B80	level	3696	7fcf8c54fa9b0c1c	1	02:002D8B80
func_L02_002D99F0	level	852	d4b9e272462fe2d7	1	02:002D99F0
func_L02_002D9D48	shared	444	96b03061d0fb3821	7	02:002D9D48,04:002D5D00,06:002E2BB0,08:002F3330,11:002FDFB8,13:002F68F0,18:002DA200
func_L02_002D9F08	shared	2080	972bfd56dbc0032a	7	02:002D9F08,04:002D5EC0,06:002E2D70,08:002F34F0,11:002FE178,13:002F6AB0,18:002DA3C0
func_L02_002DA728	shared	244	86110afec1a28a12	7	02:002DA728,04:002D66E0,06:002E3590,08:002F3D10,11:002FE998,13:002F72D0,18:002DABE0
func_L02_002DA820	shared	4072	0c1cf033bf047019	7	02:002DA820,04:002D67D8,06:002E3688,08:002F3E08,11:002FEA90,13:002F73C8,18:002DACD8
func_L02_002DB810	shared	744	3fbd161dbbfafbd8	7	02:002DB810,04:002D77C8,06:002E4678,08:002F4DF8,11:002FFA80,13:002F83B8,18:002DBCC8
func_L02_002DBAF8	shared	632	1d1e69402e8f766e	7	02:002DBAF8,04:002D7AB0,06:002E4960,08:002F50E0,11:002FFD68,13:002F86A0,18:002DBFB0
func_L02_002DBD70	shared	1360	a04c173ed5ce3f93	7	02:002DBD70,04:002D7D28,06:002E4BD8,08:002F5358,11:002FFFE0,13:002F8918,18:002DC228
func_L02_002DC2C0	shared	208	0918d9c20860643e	7	02:002DC2C0,04:002D8278,06:002E5128,08:002F58A8,11:00300530,13:002F8E68,18:002DC778
func_L02_002DD170	level	1424	df56345a1b4c4f56	1	02:002DD170
func_L02_002DD700	level	996	45fd1f88c341d733	1	02:002DD700
func_L02_002DDAE8	shared	864	ebaf391b3d6042ef	2	02:002DDAE8,12:002E9F90
func_L02_002DDE48	level	296	a04f2dd4f144b4fb	1	02:002DDE48
func_L02_002DDF70	level	1188	67f7b47b99ada9da	1	02:002DDF70
func_L02_002DE418	level	708	a4d82304eae356ca	1	02:002DE418
func_L02_002DE6E0	level	28	c258b3d77dc8457e	1	02:002DE6E0
func_L02_002DE6FC	level	156	c018eb5517569e18	1	02:002DE6FC
func_L02_002DE798	level	16	6a7eb3ad429d234e	1	02:002DE798
func_L02_002DE7A8	level	348	83ae01b7149038cc	1	02:002DE7A8
func_L02_002DF038	level	136	6c605984a693de05	1	02:002DF038,02:002E0CF8
func_L02_002DF0C0	level	4852	f2df4af37d7f4ff8	1	02:002DF0C0
func_L02_002E03B8	level	304	10cc06abf1b373f4	1	02:002E03B8
func_L02_002E04E8	level	248	474c2eb39f9398b8	1	02:002E04E8
func_L02_002E05E0	level	560	0bb89c0e608534d2	1	02:002E05E0
func_L02_002E0810	level	852	99eb0bd9571ba341	1	02:002E0810
func_L02_002E0B68	level	400	baaaf6d5ba6e2335	1	02:002E0B68
func_L02_002E0D80	level	652	120bed0f4ccd8fe5	1	02:002E0D80
func_L02_002E1400	level	368	36bd00105ee6ed3a	1	02:002E1400
func_L02_002E1570	level	328	892f3c771367bd1a	1	02:002E1570
func_L02_002E16B8	level	452	cbde8f0308eeaf30	1	02:002E16B8
func_L02_002E1888	shared	720	5667516244157f9d	16	02:002E1888,03:002D1FA0,04:002DAE38,05:0030AD30,06:002E76A0,07:00303618,09:002FA020,10:002CA950,11:003013E0,12:002F8F08,13:002FBBA0,14:002F4140,15:002DC4F0,16:002D7740,17:002DAA80,18:002E2DC8
func_L02_002E1B58	level	992	38f143f10d71c5ae	1	02:002E1B58
func_L02_002E2110	shared	232	b76958612b06a2e3	7	02:002E2110,02:002E2CA0,04:002E4370,05:003194C8,08:003040C0,11:002D2080,11:002F20C8,14:002FCDC0,14:00300380,16:002E7B88
func_L02_002E21F8	level	2728	968494bfb7d6e6f7	1	02:002E21F8
func_L02_002E2D88	level	1636	ff789ad82f722699	1	02:002E2D88
func_L02_002E33F0	level	612	b33c0010e2970d95	1	02:002E33F0
func_L02_002E3660	level	1240	ab07d433b13a3170	1	02:002E3660
func_L02_002EB480	level	336	82d7eb234d5cdcc9	1	02:002EB480
func_L02_002EB5D0	level	116	78805d562824a732	1	02:002EB5D0
func_L02_002EB648	shared	1468	a08a29d0dea211a4	2	02:002EB648,06:002F5A68
func_L02_002EBC08	shared	224	518e004b3b7c66bb	5	02:002EBC08,06:002F6028,06:002F8978,10:002DABD0,15:002ECE60,17:002E5438,17:002F2F98
func_L02_002EBCE8	shared	548	8367ddbbae840719	4	02:002EBCE8,06:002F6108,15:002ECF40,17:002F3078
func_L02_002ED358	level	776	2c7ca15ec5076ca1	1	02:002ED358
func_L02_002ED660	level	220	785eb803b1ef5010	1	02:002ED660
func_L02_002ED740	shared	228	0801e4d7727488b6	3	02:002ED740,02:002EE0A0,09:00306FC0,09:00307920,10:002ECD18
func_L02_002ED828	shared	200	8f6707570ce7edca	2	02:002ED828,09:003070A8
func_L02_002ED8F0	shared	1400	4bfe02a03f87c7f7	2	02:002ED8F0,09:00307170
func_L02_002EDE68	shared	564	0c97fbecd0090ed5	2	02:002EDE68,09:003076E8
func_L02_002EE188	shared	200	70a27c8de2b96d85	3	02:002EE188,09:00307A08,10:002ECE00
func_L02_002EE250	shared	1544	d76ea09dfa6036b4	3	02:002EE250,09:00307AD0,10:002ECEC8
func_L02_002EE858	shared	564	e9e0aa834af1cb83	3	02:002EE858,09:003080D8,10:002ED4D0
func_L02_002EEA90	shared	592	eb582b7b787b150d	3	02:002EEA90,09:00308310,10:002ED708
func_L02_002EFCC8	level	1932	e0d0545bbdb799bc	1	02:002EFCC8
func_L02_002F0458	level	2516	728c46f26fc71b09	1	02:002F0458
func_L02_002F3398	shared	248	771c9a48558d8a37	7	02:002F3398,03:002E3D10,04:002E8D88,08:0030D0C0,09:0030BA28,11:0031EC48,12:0030CAA8
func_L02_002F79A8	shared	36	074cbe30482e8d10	7	02:002F79A8,03:002E8320,06:00311AD0,07:003253A0,08:003116B0,12:00311BD0,18:00302718
func_L02_002F79D0	shared	100	21a440cf507e65ad	8	02:002F79D0,03:002E8348,06:00311AF8,07:003253C8,08:003116D8,12:00311BF8,15:002F3D08,18:00302740
func_L02_002F9E40	level	12	a5bc276ee35be5e0	1	02:002F9E40
func_L02_002F9E50	level	132	6881a4d4d18715d8	1	02:002F9E50
func_L02_002F9ED8	shared	48	db52fda2f68f3f4d	3	02:002F9ED8,06:00313F80,17:002FFE08
func_L02_002FBB10	shared	52	be02942fa0ca4f1f	16	02:002FBB10,03:002EC798,04:002F17F0,05:0032A458,06:00315BB8,07:00329428,09:00315628,10:002F5EA0,11:00328EC8,12:00315C98,13:00318068,14:00314630,15:002F7D98,16:002F4EC8,17:00301A40,18:003067A0
func_L02_002FBB48	shared	96	3e2aba92c51a5902	16	02:002FBB48,03:002EC7D0,04:002F1828,05:0032A490,06:00315BF0,07:00329460,09:00315660,10:002F5ED8,11:00328F00,12:00315CD0,13:003180A0,14:00314668,15:002F7DD0,16:002F4F00,17:00301A78,18:003067D8
func_L02_002FBBA8	shared	84	bdd49d450f918f29	16	02:002FBBA8,03:002EC830,04:002F1888,05:0032A4F0,06:00315C50,07:003294C0,09:003156C0,10:002F5F38,11:00328F60,12:00315D30,13:00318100,14:003146C8,15:002F7E30,16:002F4F60,17:00301AD8,18:00306838
func_L02_002FBC00	shared	496	446dd6fd8237f3ae	16	02:002FBC00,03:002EC888,04:002F18E0,05:0032A548,06:00315CA8,07:00329518,09:00315718,10:002F5F90,11:00328FB8,12:00315D88,13:00318158,14:00314720,15:002F7E88,16:002F4FB8,17:00301B30,18:00306890
func_L02_002FCA80	shared	316	f376339bbf1a3fb5	7	02:002FCA80,03:002EDD70,06:00316B28,07:00329838,08:00316B08,12:00316C08,18:00306BB0
func_L02_002FCBC0	shared	576	4217860c167ffebe	7	02:002FCBC0,03:002EDEB0,06:00316C68,07:00329978,08:00316C48,12:00316D48,18:00306CF0
func_L02_002FCE00	shared	2244	25e49b43a0205910	7	02:002FCE00,03:002EE0F0,06:00316EA8,07:00329BB8,08:00316E88,12:00316F88,18:00306F30
func_L02_002FD6D0	shared	100	dfa478a18332b549	7	02:002FD6D0,03:002EE9C0,06:003177A8,07:0032A488,08:00317758,12:00317858,18:00307830
func_L03_00200890	shared	492	adfd2a304260880d	6	03:00200890,06:0021F550,08:00219A78,14:0021A670,16:00205760,18:0020FE30
func_L03_00205E28	level	512	7728564aaa44b936	1	03:00205E28
func_L03_0020F650	level	26256	7d743382ed66b1f1	1	03:0020F650
func_L03_00216D38	level	15256	2d16bf4df7eb63a9	1	03:00216D38
func_L03_0021CDA8	level	20272	85f55f5c8b12a352	1	03:0021CDA8
func_L03_0022D028	level	400	f8c916241e95187d	1	03:0022D028
func_L03_00249488	shared	4	72b45f141dda8d92	4	03:00249488,04:001F2F60,08:002E6958,14:00262EE0
func_L03_0024F6D8	shared	308	bdd9421e480afd77	2	03:0024F6D8,04:00253CD8
func_L03_0024FA90	shared	12	ffe0e29d91a5ce96	4	03:0024FA90,04:00254090,07:00289950,12:00279E20
func_L03_00250B88	level	312	f075c28c4b0933ab	1	03:00250B88
func_L03_00251A58	shared	100	8be1a1023fbc210b	5	03:00251A58,04:00256148,06:00272B08,10:00256A18,15:00252C98
func_L03_00251AC8	shared	716	b817c9506af3f4e0	4	03:00251AC8,10:00256A88,15:00252D08,18:00265C18
func_L03_00260EE8	shared	224	b5dfecef019bb71a	3	03:00260EE8,07:0029ADE8,15:00262340
func_L03_002653D8	shared	60	36f7d5bddf7a8ec4	3	03:002653D8,04:00269AB0,14:0027EF90
func_0022EEB8	exe	148	30af2d470043fb4c	4	03:0027B808,06:0029C118,14:002952B0,18:0028EA90
func_L03_00292AC0	shared	84	940433d2e2e2378c	6	03:00292AC0,05:002CFA68,07:002CDF60,08:002AE5C0,09:002C2AB0,14:002AC5B8
func_L03_00292B18	shared	20	432bdfb4cf7ce64d	6	03:00292B18,05:002CFAC0,07:002CDFB8,08:002AE618,09:002C2FD0,14:002AC610
func_L03_00293720	level	788	ee6fa795ad31b0ba	1	03:00293720
func_L03_00293A38	level	1152	32609b901ea7cd5e	1	03:00293A38
func_L03_00293EB8	level	392	fd361250655eca3c	1	03:00293EB8
func_L03_00294040	level	3256	4ec9e754896b75a0	1	03:00294040
func_L03_00295DB0	level	1412	bb9f84fa644a3cad	1	03:00295DB0
func_L03_002965A0	level	264	45f538872447cfa8	1	03:002965A0
func_L03_0029DB88	level	212	4b020c599f56352f	1	03:0029DB88
func_L03_0029DC60	level	1348	37057496eec8d72e	1	03:0029DC60
func_L03_0029E1A8	level	452	b501b9697ef77263	1	03:0029E1A8
func_L03_0029E370	level	296	b618ff6ea53971e8	1	03:0029E370
func_L03_0029E498	level	2244	d6b8eda82c189cb0	1	03:0029E498
func_L03_0029ED60	level	1996	0293d5452321bdda	1	03:0029ED60
func_L03_002BC038	level	264	59e0571f19c67168	1	03:002BC038
func_L03_002BC140	shared	336	7e4ca8806fe544fd	2	03:002BC140,16:002C4EE0
func_L03_002BFF68	shared	188	720767939f603af4	3	03:002BFF68,08:002E7540,14:002E2BB8
func_L03_002C0028	shared	772	e49bcde46646abf7	3	03:002C0028,08:002E7600,14:002E2C78
func_L03_002C0330	shared	2976	574280ed3e858039	3	03:002C0330,08:002E7908,14:002E2F80
func_L03_002C59A0	shared	320	573140750908cbc4	3	03:002C59A0,08:002EFA70,14:002E85F8
func_L03_002C5AE0	shared	2304	d20f67a971868ade	3	03:002C5AE0,08:002EFBB0,14:002E8738
func_L03_002C6F40	level	64	53d8a634c2d1a018	1	03:002C6F40,03:002C8120
func_L03_002C6F80	level	3688	0fb7d612e75398cf	1	03:002C6F80
func_L03_002C7DE8	level	532	969f1a9e746e4700	1	03:002C7DE8
func_L03_002C8000	level	28	0d3e28332fc504aa	1	03:002C8000
func_L03_002C8028	shared	44	1f0a1934e76d9b8d	4	03:002C8028,11:00310738,15:002DA960,17:002D8C50
func_L03_002C8058	shared	12	55eea9f847c5a70a	4	03:002C8058,06:002FDA60,06:00304590,06:003054C8,14:002FF6B0,14:00301090,16:002DF770
func_L03_002C8068	level	184	63e9e7f2ced37ec6	1	03:002C8068
func_L03_002C8160	level	128	92afcf46ebd9ae7b	1	03:002C8160
func_L03_002C81E0	level	440	fa235d7e4a05cfe1	1	03:002C81E0
func_L03_002C8398	level	9684	5e48a1bcfe7a3a9c	1	03:002C8398
func_L03_002CA970	level	1784	fe268b3be32b508a	1	03:002CA970
func_L03_002CB068	level	536	291ec5ea80d37458	1	03:002CB068
func_L03_002CB280	level	2380	1313821d20ee4503	1	03:002CB280
func_L03_002CBBD0	level	924	ec3e389981b1c687	1	03:002CBBD0
func_L03_002CD270	level	2432	6a3d4341b7499b7e	1	03:002CD270
func_L03_002CDBF0	level	92	c7e0781424411c27	1	03:002CDBF0
func_L03_002CDC50	level	372	942f3a40a4ef1a0a	1	03:002CDC50
func_L03_002CDDC8	shared	6196	63435dbebcc2a9aa	2	03:002CDDC8,07:002FECE8
func_L03_002CF600	shared	564	c3b5f90d3651aebb	2	03:002CF600,07:00300520
func_L03_002D44A0	level	32	fac3a000b1fbf3e3	1	03:002D44A0
func_L03_002D44C8	level	60	b6743ba525e9dc5f	1	03:002D44C8
func_L03_002D4560	level	1916	480000b3368a8123	1	03:002D4560
func_L03_002D4CE0	level	804	20b6e39485f2f38a	1	03:002D4CE0
func_L03_002D5008	level	152	bb1ffbfafdda81cb	1	03:002D5008,03:002DE4B8
func_L03_002D50A0	shared	384	7a3227834d9eb866	2	03:002D50A0,07:00320B50
func_L03_002D5220	level	128	d1494a340fca1d26	1	03:002D5220
func_L03_002D5650	level	316	6f01efb41697ff2b	1	03:002D5650
func_L03_002D5790	level	1012	18bd85f319734ee1	1	03:002D5790
func_L03_002D5B88	shared	2628	946f583bb75e4d72	3	03:002D5B88,07:003063D0,15:002DF820
func_L03_002D65D0	shared	168	c279dd46b9a5e960	3	03:002D65D0,07:00306E18,15:002E0268
func_L03_002DBAD8	level	352	4bfddf9f65fc881c	1	03:002DBAD8
func_L03_002DBC38	level	1968	98c9165828a0c881	1	03:002DBC38
func_L03_002DC3E8	level	376	a3e8c3645f2bce88	1	03:002DC3E8
func_L03_002DC560	level	228	d3dde53bcc220f7e	1	03:002DC560
func_L03_002DC648	level	512	138c85ab014806fd	1	03:002DC648
func_L03_002DC848	shared	216	91bf4a6d148b7974	3	03:002DC848,06:003023F0,12:002EC818
func_L03_002DC920	level	2104	6fd577c2b776be41	1	03:002DC920
func_L03_002DD158	level	1408	17fb4c1ea6a1efc6	1	03:002DD158
func_L03_002DD6D8	shared	112	526d75bfaf0ad726	2	03:002DD6D8,10:002D93A8
func_L03_002DD840	shared	1304	5725e6a7ba50eea0	5	03:002DD840,05:00318FB0,07:002F7540,13:002EF020,17:002E31F0
func_L03_002DDD78	shared	124	5f65d52c1ff9dbb9	2	03:002DDD78,14:003047F8
func_L03_002DDDF8	shared	48	76c5cdd1a84816c3	2	03:002DDDF8,10:002C0348
func_L03_002DDE28	level	16	24ed2b33869721d9	1	03:002DDE28
func_L03_002DDE38	level	100	4673646c12ec3368	1	03:002DDE38
func_L03_002DDE9C	level	60	9da2898618ddd7fc	1	03:002DDE9C
func_L03_002DDED8	shared	28	30b48fe20045ddce	2	03:002DDED8,10:002C04C4
func_L03_002DDEF8	level	24	a051e5e4319a35f6	1	03:002DDEF8
func_L03_002DDF10	level	36	54c2d23aa044d340	1	03:002DDF10
func_L03_002DDF90	level	248	a430fab3d88f73ac	1	03:002DDF90
func_L03_002DE088	level	1068	351656beab0fe77f	1	03:002DE088
func_L03_002DF738	shared	224	d1b25866c82ef83c	4	03:002DF738,03:002DF820,07:0031EDC8,07:0031EEB0,12:003030E8,12:003031D0,15:002E7260,15:002E7348
func_L03_002E08E8	level	3248	fc5d06a80f5d538f	1	03:002E08E8
func_L03_002E1598	level	524	ed09337e757b8b29	1	03:002E1598
func_L03_002E99F0	shared	260	ab1bb9b83dfc7f9a	2	03:002E99F0,04:002EE9E8
func_L03_002E9AF8	shared	316	256bd6941c553c4b	2	03:002E9AF8,04:002EEAF0
func_L03_002E9C38	shared	204	fb77a2f56932e82a	2	03:002E9C38,04:002EEC30
func_L03_002E9D48	shared	100	e9013f9684d8e027	2	03:002E9D48,04:002EED40
func_L03_002ECBA8	level	404	2e11b12bf60d38c6	1	03:002ECBA8
func_L03_002ECD40	level	372	55828837ae56d0ec	1	03:002ECD40
func_L03_002ECEC8	level	340	3cf61ca1ef806dc6	1	03:002ECEC8
func_L03_002ED020	level	276	04978fe4e636bd42	1	03:002ED020
func_L03_002ED138	level	56	9703c323de3fb2bf	1	03:002ED138
func_L03_002ED178	level	52	f2b415c35fbc51f7	1	03:002ED178
func_L03_002ED1B0	level	92	cdbd4a090eb47ad1	1	03:002ED1B0
func_L04_001F2F68	level	164	f4010029a950d3b6	1	04:001F2F68
func_L04_001F3010	level	2456	b85780ab5142c1f3	1	04:001F3010
func_L04_001F39B0	level	324	ceb7d40a9366b6f1	1	04:001F39B0
func_L04_00242868	shared	92	9fde2b1b083478d1	2	04:00242868,17:0024A668
func_L04_002428C8	shared	108	a54ce8863fbee383	3	04:002428C8,15:0023F490,17:0024A6C8
func_L04_0024D4A8	level	140	ebc4ce5b40da77ad	1	04:0024D4A8
func_L04_0024D534	level	20	e041e8f801f61d52	1	04:0024D534
func_L04_0024D618	level	368	6078890bc88f5247	1	04:0024D618
func_L04_0024D790	level	276	30e71ac3477cba04	1	04:0024D790
func_L04_0024D8A8	shared	12	62f0a7b5d974527c	2	04:0024D8A8,18:00265C08
func_L04_002561B0	shared	12	4742ced685268657	2	04:002561B0,06:00272B70
func_L04_0027D6D0	level	36	f2fd36a647c1d813	1	04:0027D6D0
func_L04_0027FF38	shared	12	1a19068bd8cb5733	2	04:0027FF38,07:002B5C98
func_L04_00293490	level	156	d19a339462d646ce	1	04:00293490
func_L04_00293530	level	68	d5364acbce475d70	1	04:00293530
func_L04_00293578	level	716	5ce9ce6632be1075	1	04:00293578
func_L04_00293990	level	88	17e76997909b3968	1	04:00293990
func_L04_002939E8	level	1168	ef1320cd9866672c	1	04:002939E8
func_L04_00293F08	level	824	e6c6e27008f3bb23	1	04:00293F08
func_L04_00296938	level	1644	f5c841e30d1ee688	1	04:00296938
func_L04_00296FA8	level	500	d0b33a2d954b8d0a	1	04:00296FA8
func_L04_0029FCF0	level	468	979ccef0c16adfcd	1	04:0029FCF0
func_L04_0029FEC8	level	1476	daba2ce8d106a1b2	1	04:0029FEC8
func_L04_002A6C20	level	208	c6ea57b192bde243	1	04:002A6C20
func_L04_002B0068	shared	552	dd3d776c3229f44f	2	04:002B0068,12:002D5388
func_L04_002B0290	shared	1044	672bc460155ac398	2	04:002B0290,12:002D55B0
func_L04_002BB670	level	100	c73a23232412d78a	1	04:002BB670
func_L04_002BB6D8	level	28	2cb62d5b3cbfd79a	1	04:002BB6D8
func_L04_002BB700	level	176	53e03ca50090b11c	1	04:002BB700
func_L04_002BB7B0	level	6960	1c5b0f59ac602b8b	1	04:002BB7B0
func_L04_002C2F00	level	492	0461645715f26613	1	04:002C2F00
func_L04_002C30F0	level	292	bc7b579d6683a7d2	1	04:002C30F0
func_L04_002C3218	level	288	3af7c9d7b50d7b4f	1	04:002C3218
func_L04_002C3338	level	692	20856f13d0634d91	1	04:002C3338
func_L04_002C35F0	level	7616	f4cc937dc4908f9b	1	04:002C35F0
func_L04_002C5560	level	980	a96766871072af6b	1	04:002C5560
func_L04_002C5938	shared	276	52ed190364dc86a9	2	04:002C5938,08:002DBB38
func_L04_002C5A50	shared	308	366cf00f93ee5e12	2	04:002C5A50,08:002DBC50
func_L04_002C5B88	level	72	bfdfb64acc7ce972	1	04:002C5B88
func_L04_002C5BD0	level	7192	fad50db40a470f5c	1	04:002C5BD0
func_L04_002C7BD8	level	856	54d5971fe3d0ce99	1	04:002C7BD8
func_L04_002C7F38	level	1032	046ac774943ce0b0	1	04:002C7F38
func_L04_002CB800	level	4972	dfe3f42edc8dc053	1	04:002CB800
func_L04_002CF180	level	700	3ce5c9432ead95da	1	04:002CF180
func_L04_002CF440	level	28	52e8f2e00e2c4f40	1	04:002CF440
func_L04_002CF460	shared	148	06ee9709a89b0b0b	2	04:002CF460,04:002D48B8,12:002F24F8
func_L04_002D27F8	level	496	da412579ea3afd9c	1	04:002D27F8
func_L04_002D29E8	level	172	6c75fb5f37f977aa	1	04:002D29E8
func_L04_002D2A98	level	7712	eee7daa1192976c5	1	04:002D2A98
func_L04_002D4960	level	164	421217aa6ba9d65b	1	04:002D4960
func_L04_002D8348	level	324	7194fe5c2aaad385	1	04:002D8348
func_L04_002D9270	level	1572	639b655e4581e4d2	1	04:002D9270
func_L04_002E2B48	level	72	b751cd753603c4f0	1	04:002E2B48
func_L04_002E2B90	level	20	f0a621f7dff6f410	1	04:002E2B90,04:002E2BA4
func_L04_002E2BB8	level	564	05af0295020feba4	1	04:002E2BB8
func_L04_002E2DF0	level	528	9499898a1aaffbaf	1	04:002E2DF0
func_L04_002E30E0	level	568	d6d072b60c4300cc	1	04:002E30E0
func_L04_002E4458	level	552	77ce98c01fd58f1c	1	04:002E4458
func_L04_002E57F8	level	3016	0cf053188e82579b	1	04:002E57F8
func_L04_002E6558	level	548	3e3766ba40fccfda	1	04:002E6558
func_L04_002E6780	level	156	d4105b734bc4f682	1	04:002E6780
func_L05_00237B00	shared	248	0e27d0fcddfce5c6	2	05:00237B00,16:00207578
func_L05_0023A638	level	1372	9766ea9190f527cd	1	05:0023A638
func_L05_0023BA18	shared	76	b300adecb552cb23	2	05:0023BA18,16:0020B598
func_L05_0023BA64	shared	60	84032ae20dbe4a53	2	05:0023BA64,16:0020B5E4
func_L05_0023BAA0	shared	60	df8d1b0f9a003cf0	2	05:0023BAA0,16:0020B620
func_L05_0023E348	shared	2280	a64178188bb33dac	2	05:0023E348,16:0020DEC8
func_L05_00240968	level	2160	dcead4313f5fe387	1	05:00240968
func_L05_00241590	level	1080	21f65671a7bfff68	1	05:00241590
func_L05_00241AA0	level	1548	2df48ee213f6f788	1	05:00241AA0
func_L05_00245208	level	29516	09f283d30ccf33a7	1	05:00245208
func_L05_0024C558	shared	900	2796ca7c05648bcd	2	05:0024C558,16:0021D960
func_L05_0024D680	level	17384	154f78e5e7490362	1	05:0024D680
func_L05_00251DB0	shared	952	a65c71c8f420d72f	2	05:00251DB0,16:00223480
func_L05_002523C8	shared	3836	8511b7d0128dd1d5	2	05:002523C8,16:00223A98
func_L05_00254030	shared	756	cc9e307b19926270	2	05:00254030,16:00225700
func_L05_00254328	shared	1296	07eb24d658a896cd	2	05:00254328,16:002259F8
func_L05_00254838	shared	768	25d29156fb787deb	2	05:00254838,16:00225F08
func_L05_00254B38	shared	688	a17586c93540995a	2	05:00254B38,16:00226208
func_L05_00254DE8	shared	2604	654da0940bcdc2aa	2	05:00254DE8,16:002264B8
func_L05_002559A0	shared	24	d579ccf015ac4325	2	05:002559A0,16:00227070
func_L05_002559B8	shared	36	9147d961ed1e4fd6	2	05:002559B8,16:00227088
func_L05_002559DC	shared	16	758b9476247c2d62	2	05:002559DC,16:002270AC
func_L05_002559F0	shared	1664	70f6529cf0a5cd53	2	05:002559F0,16:002270C0
func_L05_00256148	level	22460	65ee23de7c4edc57	1	05:00256148
func_L05_0025BDA8	shared	64	a92d8e9bbdd0a630	2	05:0025BDA8,16:0022E428
func_L05_00263490	shared	108	c835c0f601562e61	2	05:00263490,16:00235B10
func_L05_00263500	shared	1012	db3a2dd328d3c266	2	05:00263500,16:00235B80
func_L05_002638F8	shared	1700	a8234329ca6a6060	2	05:002638F8,16:00235F78
func_L05_00264C88	shared	80	b1e6233cf42ddbc7	2	05:00264C88,16:00237308
func_L05_00266B90	shared	68	4a4f9dce6f00592e	2	05:00266B90,16:00239210
func_L05_00266BD8	shared	80	eddb08cee8e0a2c5	2	05:00266BD8,16:00239258
func_L05_00266D10	shared	908	ef27211a99ae7692	2	05:00266D10,16:00239390
func_L05_002670A0	shared	848	eb997b5fd87be1bf	2	05:002670A0,16:00239720
func_L05_0028AA68	shared	116	7550b2c02ae17739	2	05:0028AA68,08:0026AC60
func_L05_0028AADC	shared	28	938ab15b0f6ba16b	2	05:0028AADC,08:0026ACD4
func_L05_0028CEE8	shared	408	31f6c5660d608afd	5	05:0028CEE8,06:00271BB0,07:0028B438,10:00255AC0,11:00288398
func_L05_0029CA28	level	292	cecce3d95a97ec3f	1	05:0029CA28
func_L05_0029CCB8	level	324	93dbf8e0a88d3764	1	05:0029CCB8
func_L05_002A1098	shared	12	c006f00c702fd356	6	05:002A1098,07:0029F3D0,08:00281460,09:002957A0,13:00282B10,16:00271FF8
func_L05_002A1170	shared	84	a5c336eb38442f42	5	05:002A1170,07:0029F810,08:00281538,12:0028FA98,16:002720D0
func_L05_002B4AC0	shared	28	1264b4a5a41be64e	2	05:002B4AC0,06:002994C8
func_L05_002CF2C0	shared	12	9f4d10728b3b7679	2	05:002CF2C0,07:002CD7B8
func_L05_002D28D0	level	1960	f7e4a15669873748	1	05:002D28D0
func_L05_002D3078	level	420	ea580001ac005326	1	05:002D3078
func_L05_002D3220	level	508	74d8ebe2f2de7428	1	05:002D3220
func_L05_002D5398	shared	20	ddaf40444ca629fe	2	05:002D5398,16:002A4FD0
func_L05_002D53B0	shared	264	c9ee140b6ab37f06	2	05:002D53B0,16:002A4FE8
func_L05_002D54C0	shared	12	bc08fa6a8881374e	2	05:002D54C0,16:002A5708
func_L05_002D8190	level	212	e0b2b5d391f0886c	1	05:002D8190
func_L05_002D8268	level	288	ac5696a722ecb612	1	05:002D8268
func_L05_002D8388	level	1872	87b26f06d6276db5	1	05:002D8388
func_L05_002D8AD8	level	140	2da58b80440ccf52	1	05:002D8AD8
func_L05_002D8B68	level	960	4150ff1c82ec8a76	1	05:002D8B68
func_L05_002DBF10	level	728	b988285e2d62c86b	1	05:002DBF10
func_L05_002DC1E8	level	188	c8493374b71c1217	1	05:002DC1E8
func_L05_002DC2A8	level	540	112c458b48923794	1	05:002DC2A8
func_L05_002DC4C8	level	764	3b9ffea9d2a84449	1	05:002DC4C8
func_L05_002F62E8	shared	244	942d2cbe2697e1b5	9	05:002F62E8,07:002F36F8,09:002EB378,10:002BBE88,12:002E5D48,13:002E5CF8,14:002DC468,15:002C8438,17:002C8E18
func_L05_002F63DC	shared	32	634b9ab80d6e5a49	9	05:002F63DC,07:002F37EC,09:002EB46C,10:002BBF7C,12:002E5E3C,13:002E5DEC,14:002DC55C,15:002C852C,17:002C8F0C
func_L05_002F63FC	shared	284	a5375a56751470a1	9	05:002F63FC,07:002F380C,09:002EB48C,10:002BBF9C,12:002E5E5C,13:002E5E0C,14:002DC57C,15:002C854C,17:002C8F2C
func_L05_002F6518	shared	112	3af62ddaf4a2c3eb	9	05:002F6518,07:002F3928,09:002EB5A8,10:002BC0B8,12:002E5F78,13:002E5F28,14:002DC698,15:002C8668,17:002C9048
func_L05_002F6588	shared	496	b2c6733974fed7e3	9	05:002F6588,07:002F3998,09:002EB618,10:002BC128,12:002E5FE8,13:002E5F98,14:002DC708,15:002C86D8,17:002C90B8
func_L05_002F9478	shared	308	dd2b8e92aaa4ce1a	5	05:002F9478,07:002F6888,11:002F4420,12:002ED7F8,18:002CFB90
func_L05_002F95B0	shared	360	b2cb1d8de49f8bb7	5	05:002F95B0,07:002F69C0,11:002F4558,12:002ED930,18:002CFCC8
func_L05_002F9B10	level	140	0b7066d3d7b25cb5	1	05:002F9B10
func_L05_002F9BA0	shared	920	e7576b19b03b069e	2	05:002F9BA0,16:002C8AF0
func_L05_003033A0	level	5188	490bd56069fbdf6a	1	05:003033A0
func_L05_003047E8	level	1908	7e0ac2f60d7c7b64	1	05:003047E8
func_L05_00304F60	level	840	9f52e41af1848a0b	1	05:00304F60
func_L05_003052A8	level	304	6fe31328c73475ea	1	05:003052A8
func_L05_003053D8	level	216	e92f202717fa531a	1	05:003053D8
func_L05_003054B0	level	712	80739d03381e260f	1	05:003054B0
func_L05_00305778	level	3672	8fe142890f614d5e	1	05:00305778
func_L05_003065D0	level	1824	8c661dd3b3b0f938	1	05:003065D0
func_L05_00306CF0	level	328	f2ab9ce809390d46	1	05:00306CF0
func_L05_00308188	level	224	84605374cba28f78	1	05:00308188
func_L05_00308268	level	512	7148723313c50382	1	05:00308268
func_L05_00308468	shared	836	025e2ba5344539d4	2	05:00308468,16:002D0FC8
func_L05_003087B0	level	276	a5aff5ba9e9362f1	1	05:003087B0
func_L05_003088C8	level	16	7edc7f305b659cf7	1	05:003088C8
func_L05_003088D8	level	236	ccd3c303dbca351b	1	05:003088D8
func_L05_003089C8	level	924	0f9874e5e09daf56	1	05:003089C8
func_L05_00308D68	level	2596	1522e2b4ce6f5852	1	05:00308D68
func_L05_0030D230	level	448	9b2cb0e99e6bbaf0	1	05:0030D230
func_L05_0030D3F0	level	272	db3ed2523633ec0a	1	05:0030D3F0
func_L05_0030D500	shared	372	aafcf96e58bff5e8	2	05:0030D500,07:00305B18
func_L05_0030D678	shared	908	e215b9e8eb92d590	2	05:0030D678,07:00305C90
func_L05_0030DA08	shared	888	0a789d79b124f5b2	5	05:0030DA08,11:00303EB0,15:002DF0F0,17:002DD550,18:002E28F8
func_L05_0030DED8	level	2988	5908a3c71e402202	1	05:0030DED8
func_L05_0030EA88	level	184	f85273c7394c3af8	1	05:0030EA88
func_L05_0030EB68	level	532	579e93af47a62daf	1	05:0030EB68
func_L05_0030F130	level	552	cb07a3aa2a75d1dc	1	05:0030F130
func_L05_0030F358	level	868	3d4efcfd60b9bd23	1	05:0030F358
func_L05_0030F6C0	level	784	eb3bebc056c86cd5	1	05:0030F6C0
func_L05_0030F9D0	level	748	055e90b82a68d70e	1	05:0030F9D0
func_L05_0030FCC0	level	2588	653b297bb2322484	1	05:0030FCC0
func_L05_003106E0	level	492	8101bde48e71a266	1	05:003106E0
func_L05_003108D0	level	444	209a115b4ac96220	1	05:003108D0
func_L05_00310A90	level	1156	5c0734977028b1c9	1	05:00310A90
func_L05_00316378	level	576	3dcd0e7eba75f10a	1	05:00316378
func_L05_003165B8	level	1500	40fa2141469a6759	1	05:003165B8
func_L05_00316B98	level	2060	31a611bfd587f85a	1	05:00316B98
func_L05_003173A8	level	144	fc3be27cdb5d1776	1	05:003173A8
func_L05_00317438	level	256	621914754b24bc29	1	05:00317438
func_L05_00317538	level	156	b3826d1c27d1029d	1	05:00317538
func_L05_003175D8	level	328	625df7c404f62378	1	05:003175D8
func_L05_00317720	level	1092	da20188bcd4f9137	1	05:00317720
func_L05_00317B68	level	368	f58e203194f27de6	1	05:00317B68
func_L05_00317CD8	level	384	74fcee83e5d2ce6c	1	05:00317CD8
func_L05_00317E58	level	292	7dd584016d77086e	1	05:00317E58
func_L05_00317F80	level	2344	27ff02d8bfc7f104	1	05:00317F80
func_L05_003188A8	shared	216	8cea8781744b47fd	2	05:003188A8,11:002D17F8
func_L05_00318980	level	1336	a4fbb9434eec74cb	1	05:00318980
func_L05_003195B0	level	1444	1df096ad5e9fd385	1	05:003195B0
func_L05_00319B58	shared	172	805b27617ed4b16a	2	05:00319B58,08:002DCD08
func_L05_00319C08	shared	880	eafbd394cc198ba7	2	05:00319C08,08:002DCDB8
func_L05_00319F78	level	300	a9163871f631ac75	1	05:00319F78
func_L05_0031A0A8	level	220	bfdec88443f1a428	1	05:0031A0A8
func_L05_0031A188	level	1420	9e8722a53049fc00	1	05:0031A188
func_L05_0031A718	level	416	3661fe1a88572c23	1	05:0031A718
func_L05_0031A8B8	level	356	365e045ddb97cf0f	1	05:0031A8B8
func_L05_0031AA20	shared	132	71a4c493ac9f72f7	3	05:0031AA20,14:002F26F0,16:002E5FC0
func_L05_0031AAA8	shared	88	22d1aaa23e1e2a67	2	05:0031AAA8,16:002E6048
func_L05_0031AB00	shared	8	2eaee14fdf09649c	3	05:0031AB00,14:002F27E0,16:002E60A0
func_L05_0031AB08	shared	152	a3bfc0e4f258cfa0	3	05:0031AB08,14:002F27E8,16:002E60A8
func_L05_0031ABA0	shared	176	2b40b5d100981902	2	05:0031ABA0,16:002E6140
func_L05_0031AC50	shared	420	4a5b4aa3fe7b1700	4	05:0031AC50,08:002DD818,14:002F2918,16:002E61F0
func_L05_0031ADF8	shared	220	0a4ace1bab228134	3	05:0031ADF8,14:002F2AC0,16:002E6398
func_L05_0031B138	level	36	575e6a98f236c0b9	1	05:0031B138
func_L05_0031B15C	level	20	ff883e0b22326a15	1	05:0031B15C
func_L05_0031C0F0	shared	264	7ddabceb11e9c5d1	2	05:0031C0F0,16:002E23E0
func_L05_0031D450	level	2460	15ea76decb22b8cd	1	05:0031D450
func_L05_0031DDF0	shared	1656	6488a8440b33f4b7	2	05:0031DDF0,14:00308F60
func_L05_0031E468	shared	508	001384e520d07b3c	2	05:0031E468,14:003095D8
func_L05_0031E670	shared	140	b280334ce89f9354	2	05:0031E670,14:003097E0
func_L05_0031EAD8	level	136	d781ed494d640bd6	1	05:0031EAD8
func_L05_0032A868	shared	360	51b67a63eb8bf03f	2	05:0032A868,16:002F52D8
func_L05_0032A9D0	shared	120	5d3b13e8fab14c1e	2	05:0032A9D0,16:002F5440
func_L05_0032AA48	shared	8	b2cb4f23aa0faf58	2	05:0032AA48,16:002F54B8
func_L05_0032AA50	shared	412	0d4374b4bbe8d82b	2	05:0032AA50,16:002F54C0
func_L05_0032ABF0	shared	500	f62ff5d6607b6b4e	2	05:0032ABF0,16:002F5660
func_L05_0032ADE8	shared	1036	ce7f24194ca432af	2	05:0032ADE8,16:002F5858
func_L05_0032B1F8	shared	2544	cb258e854b2aafee	2	05:0032B1F8,16:002F5C68
func_L05_0032BBF0	shared	116	25be6d4575951940	2	05:0032BBF0,16:002F6660
func_L06_00216B38	level	940	811e9e5bbef2f390	1	06:00216B38
func_L06_00216EE4	shared	4	1124cc07fd6404e8	4	06:00216EE4,08:002590B4,11:002749DC,14:0025713C
func_L06_002172B0	level	8	43e0ff5fb948697e	1	06:002172B0
func_L06_0021D6B8	shared	156	09f293a1fa297084	3	06:0021D6B8,15:001FED10,18:0020E380
func_L06_0021E7B8	shared	2252	5d955b146e37a3f0	2	06:0021E7B8,17:00203928
func_L06_00223630	level	612	95ff7e8262f40bc8	1	06:00223630
func_L06_00228390	shared	280	df579b7345a9813c	2	06:00228390,17:0020E1A0
func_L06_00228510	level	952	34bd76ec27c256a7	1	06:00228510
func_L06_002289F8	level	616	e9cab1b56b94bfd0	1	06:002289F8
func_L06_002291D8	level	112	3d0cb976b2378048	1	06:002291D8
func_L06_00229868	shared	896	a096777f66211fad	2	06:00229868,17:0020F860
func_L06_00229CE8	level	1992	514b954d82dd59d9	1	06:00229CE8
func_L06_0022A868	shared	956	0e9912784acc2b77	2	06:0022A868,14:00225448
func_L06_0022BB20	level	2040	6c181f56ee5c55b2	1	06:0022BB20
func_L06_0022E788	level	26100	9da91f10d347fd70	1	06:0022E788
func_L06_00235038	shared	1340	a7805579977c8d08	2	06:00235038,17:0021DF68
func_L06_00235E08	level	16072	9d04f2dc65ab74c1	1	06:00235E08
func_L06_00239CD0	shared	120	b6ecb1504b63628d	2	06:00239CD0,17:00223BC8
func_L06_0023BBE8	level	26376	82353162601fa218	1	06:0023BBE8
func_L06_0024A080	shared	940	28fb3f265be1dda4	4	06:0024A080,07:00262970,13:002465F0,18:0023D668
func_L06_00298F68	shared	12	1810ef1ecbb3a815	2	06:00298F68,07:002B2F58
func_L06_002B5990	level	672	d7ca53cd819e84e0	1	06:002B5990
func_L06_002D9548	shared	920	1dd2ed455077152d	2	06:002D9548,10:002BE020
func_L06_002D98E0	shared	144	b8a793e59e1f29cf	2	06:002D98E0,10:002BE3B8
func_L06_002D9970	shared	404	ce9fbbbfda49f09d	2	06:002D9970,10:002BE448
func_L06_002D9B08	shared	1116	f14e6b11af1256cd	2	06:002D9B08,10:002BE5E0
func_L06_002D9F68	shared	132	3e502f41f74f7ba4	2	06:002D9F68,10:002BEA40
func_L06_002D9FF0	shared	248	cfbfefcd10769b5d	2	06:002D9FF0,10:002BEAC8
func_L06_002DB0E0	level	248	220ee150f49b0c39	1	06:002DB0E0
func_L06_002DB1D8	level	108	c6a05e88b32b1509	1	06:002DB1D8
func_L06_002DB248	level	100	5b02c7901e58d7e8	1	06:002DB248
func_L06_002E7578	shared	48	8f6f8165f16314da	2	06:002E7578,07:003035E8
func_L06_002E9AA8	shared	3704	25521d580b80d45b	2	06:002E9AA8,10:002CDC78
func_L06_002EA920	shared	1192	0e4ec5ee7a927721	2	06:002EA920,10:002CEAF0
func_L06_002EADC8	shared	268	194943ff349a8a19	2	06:002EADC8,10:002CEF98
func_L06_002EAED8	shared	184	d613c607c779f353	2	06:002EAED8,10:002CF0A8
func_L06_002EAF90	shared	428	ee75bd5b98c9f399	2	06:002EAF90,10:002CF160
func_L06_002EB140	level	280	f82bcd8124cafb7a	1	06:002EB140
func_L06_002EB258	level	4	fb4d5ca472f2702f	1	06:002EB258
func_L06_002EB260	level	108	dbcc4cba6de10b03	1	06:002EB260
func_L06_002EB2D0	level	36	dd9534b3370687bd	1	06:002EB2D0
func_L06_002EB2F8	level	80	f7557b0faeb76b40	1	06:002EB2F8
func_L06_002EB348	level	20	5db5a8f54e1dcea5	1	06:002EB348
func_L06_002EB360	shared	616	7d920f9c0286a0c9	2	06:002EB360,10:002CF328
func_L06_002EB5C8	shared	768	58b283b7ab9a0b59	2	06:002EB5C8,10:002CF590
func_L06_002EB8C8	shared	324	deb27c4c6e57d593	2	06:002EB8C8,10:002CF890
func_L06_002EBA10	shared	196	362e2253c28be2ae	2	06:002EBA10,10:002CF9D8
func_L06_002EBAD8	shared	144	9c7bf20bb6d11068	2	06:002EBAD8,06:002EBB68,10:002CFAA0,10:002CFB30
func_L06_002EBBF8	shared	56	095dc30c9ad7339a	2	06:002EBBF8,10:002CFBC0
func_L06_002F1470	shared	8456	9bd838d156b6a4dc	2	06:002F1470,10:002D5438
func_L06_002F3578	shared	264	866e04740ebc5dab	2	06:002F3578,10:002D7540
func_L06_002F3680	shared	1724	500b8bf23b404130	2	06:002F3680,10:002D7648
func_L06_002F3D40	shared	788	b8e39d9608881dc5	2	06:002F3D40,10:002D7D08
func_L06_002F4058	shared	1732	05e4756af2c9a9ea	2	06:002F4058,10:002D8020
func_L06_002F4720	shared	244	1dd230b2c4cc7820	2	06:002F4720,10:002D86E8
func_L06_002F4818	shared	236	059d8c5be90b0deb	2	06:002F4818,10:002D87E0
func_L06_002F4908	shared	360	d817131f4c675fe0	2	06:002F4908,10:002D88D0
func_L06_002F4A70	shared	396	f55765cbe9da341e	2	06:002F4A70,10:002D8A38
func_L06_002F4C00	shared	248	50a5506e5345faf8	2	06:002F4C00,10:002D8BC8
func_L06_002F4CF8	shared	524	a74c1e6e58777e5b	2	06:002F4CF8,10:002D8CC0
func_L06_002F4F08	level	664	944f439a039e7ff6	1	06:002F4F08
func_L06_002F51A0	level	956	f3cdcab9c29c66ff	1	06:002F51A0
func_L06_002F5560	level	608	d1332d7335c7f079	1	06:002F5560
func_L06_002F57C0	level	524	86feb4f4caa1d6f3	1	06:002F57C0
func_L06_002F59D0	level	80	1714e9b952f130bb	1	06:002F59D0
func_L06_002F5A20	level	72	b8799ad304db5887	1	06:002F5A20
func_L06_002F6330	shared	1120	da8f9fe19babc94a	3	06:002F6330,17:002E4740,18:002ED7D8
func_L06_002F6790	level	136	bbb062b1dbec0365	1	06:002F6790
func_L06_002F6818	level	180	519abfeb1ef59f52	1	06:002F6818
func_L06_002F68D0	level	252	cd616758fd8be5c4	1	06:002F68D0
func_L06_002F69D0	level	2008	6ff875d4f59fb304	1	06:002F69D0
func_L06_002F71A8	level	1784	a074be3a58d43ebe	1	06:002F71A8
func_L06_002F78A0	level	2396	abddf36d0f7891d6	1	06:002F78A0
func_L06_002F8200	level	560	97188c12521442be	1	06:002F8200
func_L06_002F8430	level	648	19e7049388b2f463	1	06:002F8430
func_L06_002F86B8	shared	700	2e7ac667e3def65c	3	06:002F86B8,10:002DA910,17:002E5178
func_L06_002F8A58	shared	772	1abe9390e7417d16	3	06:002F8A58,10:002DACB0,17:002E5518
func_L06_002F8D60	shared	392	3bcb01fbf4d4c5f6	4	06:002F8D60,08:00303F38,13:00304B88,18:002EDC48
func_L06_002F8EE8	shared	432	8bbeb652c718c77a	3	06:002F8EE8,10:002DAFB8,17:002E5820
func_L06_002F9098	shared	268	3f539eb2f355aff7	3	06:002F9098,10:002DB168,17:002E59D0
func_L06_002F91A8	level	5228	489ba0797d42885b	1	06:002F91A8
func_L06_002FA618	level	1200	77f7f2b237c41dca	1	06:002FA618
func_L06_002FAAC8	level	96	9182e3e33c35db0b	1	06:002FAAC8
func_L06_002FAB28	level	588	87bac51efbf4a265	1	06:002FAB28
func_L06_002FAD78	level	100	68d359cb7b271b2f	1	06:002FAD78
func_L06_002FADE0	level	120	e09f8d96dc615633	1	06:002FADE0
func_L06_002FAE58	level	3992	892dfc7df92c9d2b	1	06:002FAE58
func_L06_002FBDF0	level	1744	28f9c46e149bf04f	1	06:002FBDF0
func_L06_002FC4C0	level	180	33a5cbc27465a248	1	06:002FC4C0
func_L06_002FC578	level	348	a4f355144dc5780b	1	06:002FC578,06:002FC938,06:002FCCF8
func_L06_002FC6D8	level	520	904229eb66767839	1	06:002FC6D8
func_L06_002FC8E0	level	84	0dd94a85001e978d	1	06:002FC8E0,06:002FCCA0,06:002FD060
func_L06_002FCA98	level	520	d5b30e75d7f0f022	1	06:002FCA98,06:002FCE58
func_L06_002FD0B8	level	804	07117ddcb4b03e75	1	06:002FD0B8
func_L06_002FD3E0	level	1664	ab7035197f92ce3f	1	06:002FD3E0
func_L06_002FDA70	level	2632	5dcfa934a5f9a15d	1	06:002FDA70
func_L06_002FE4B8	level	280	96c969c9ff33c300	1	06:002FE4B8
func_L06_002FE5D0	level	700	98c8ef02b1a5395c	1	06:002FE5D0
func_L06_002FE890	level	740	8637d80ef9c09fe9	1	06:002FE890
func_L06_002FEB78	level	740	b91d4b57b5f5c4f7	1	06:002FEB78
func_L06_002FEE60	level	416	8064e8bc6291931a	1	06:002FEE60
func_L06_002FF000	shared	3952	0e1752b8a05b6cc4	2	06:002FF000,10:002DBFA8
func_L06_002FFF70	shared	1472	c6f4d67655545297	2	06:002FFF70,10:002DCF18
func_L06_00300530	shared	452	c35833387e2afc9d	2	06:00300530,10:002DD4D8
func_L06_003006F8	shared	952	8fbea7ef00661426	2	06:003006F8,10:002DD6A0
func_L06_00300AB0	shared	760	be2846e7e25c4415	3	06:00300AB0,10:002DDA58,13:0030AD88
func_L06_00300DA8	shared	704	e67e4fbc145c9a14	3	06:00300DA8,10:002DDD50,13:0030B080
func_L06_00301068	level	116	a70aac96d9fa6929	1	06:00301068
func_L06_003010E0	level	1492	b4f6f6519a72ec67	1	06:003010E0
func_L06_003016B8	level	400	8253612f44c3f78f	1	06:003016B8
func_L06_00301848	level	408	849be0967514599c	1	06:00301848,06:003019E0
func_L06_00301B78	level	568	19c194ab1c54684f	1	06:00301B78,06:00301DB0
func_L06_00301FE8	shared	204	b435a8e96f6adffb	3	06:00301FE8,10:002DE3D0,13:00304D10
func_L06_003020B8	shared	396	f5e4d0371edb8ae2	2	06:003020B8,10:002DE4A0
func_L06_00302248	level	380	467e4c2d0c124799	1	06:00302248
func_L06_003023C8	level	40	bb346881075a30af	1	06:003023C8
func_L06_003024C8	level	2844	9f22e6ea18306fea	1	06:003024C8
func_L06_00302FE8	level	1604	bc41f7efde828531	1	06:00302FE8
func_L06_00303630	shared	552	44d0df855415ab33	2	06:00303630,18:002D9488
func_L06_00303858	level	348	46efc1edcf513e09	1	06:00303858
func_L06_003039B8	level	2652	4552c9a4fb7fe21e	1	06:003039B8
func_L06_00304418	level	376	2f593a10359ab92e	1	06:00304418
func_L06_003045A0	level	1512	2278fbc362da48ad	1	06:003045A0
func_L06_00304B88	level	1056	8ed4c18b85a37edf	1	06:00304B88
func_L06_00304FA8	level	1212	72f7d73e7389a7ed	1	06:00304FA8
func_L06_00305468	level	96	0d9a3d2ccaf401f3	1	06:00305468
func_L06_003054D8	level	1820	6186238e469aa0b6	1	06:003054D8
func_L06_00305BF8	level	60	fef38cbaa2afaf9d	1	06:00305BF8
func_L06_00305C38	level	24	124536b4d5414818	1	06:00305C38
func_L06_00305C58	level	480	50f2f651089adf14	1	06:00305C58
func_L06_00305E38	level	1544	48c49bb22c9f0ae2	1	06:00305E38
func_L06_00306440	level	364	1617355f63850329	1	06:00306440
func_L06_003065B0	level	564	e248381c3a0e3886	1	06:003065B0
func_L06_003089B8	shared	1740	a667a94a8638feb3	2	06:003089B8,10:002E88E0
func_L06_00309088	shared	232	121a66441b8200ca	2	06:00309088,10:002E8FB0
func_L06_00309170	shared	1664	e160476903ef92c6	2	06:00309170,10:002E9098
func_L06_003097F0	level	1208	5ad29dedf7eb5680	1	06:003097F0
func_L06_0030A0A8	level	1496	3b74e1f518cc28a1	1	06:0030A0A8
func_L06_0030A680	level	264	154ea7a877e1f693	1	06:0030A680
func_L06_0030A788	level	152	c034a8cdf3a53254	1	06:0030A788
func_L06_0030ACA0	shared	460	6db4449498c7c412	2	06:0030ACA0,07:003207A8,07:00320980
func_L06_0030B248	level	416	fa93317f915a5a00	1	06:0030B248,06:0030B3E8
func_L06_0030D2A0	shared	148	84e9da22764603ff	2	06:0030D2A0,18:002FC9A8
func_L06_0030D338	shared	172	b5d54e1e5a6b243c	2	06:0030D338,18:002FCA40
func_L06_0030D3E8	shared	472	0bcbd53b2492f12e	2	06:0030D3E8,18:002FCAF0
func_L06_00317770	shared	52	c18f14639af7d1df	2	06:00317770,18:003077F8
func_L07_002664F0	level	96	c3e48d75980be064	1	07:002664F0
func_L07_00270BE0	level	304	7250250e7193ef0b	1	07:00270BE0
func_L07_00282EB0	level	52	57ab9377ef44402f	1	07:00282EB0
func_L07_00289960	shared	184	a1a81f477e9b55fd	2	07:00289960,09:00280E00
func_L07_0029B070	shared	184	2147934d96d456cb	3	07:0029B070,13:0027E680,14:0027A8F0
func_L07_0029C6A8	shared	376	03a0051696d0245e	3	07:0029C6A8,15:00263B48,17:0026DDF8
func_L07_0029D2B8	level	272	ed1f955a8cc180bd	1	07:0029D2B8
func_L07_0029F4A8	level	872	444e10662081bde4	1	07:0029F4A8
func_L07_002B3050	shared	20	731739a3f343a006	2	07:002B3050,08:00294A70
func_L07_002CE470	level	1472	66265c3e29619e21	1	07:002CE470
func_L07_002CECE8	level	1576	bf09321b3519dfca	1	07:002CECE8
func_L07_002F6F20	level	1320	62e8a43b935bd05b	1	07:002F6F20
func_L07_002F9438	shared	112	61dbcb50aff7aef7	2	07:002F9438,09:002F0B48
func_L07_002FD198	level	52	b9c1b036ad454d40	1	07:002FD198
func_L07_0030C320	level	188	fd06629d62f78458	1	07:0030C320
func_L07_0030C3E0	level	1336	842658287debc7c7	1	07:0030C3E0
func_L07_0030C918	level	368	59f1f5a3b5fc34ec	1	07:0030C918
func_L07_0030CA88	level	996	5fc257ef5e3648b3	1	07:0030CA88
func_L07_0030CE70	level	312	aeeaf578a8276a0d	1	07:0030CE70
func_L07_0030CFA8	level	968	e32abeb0cf8c7d56	1	07:0030CFA8
func_L07_0030D370	shared	1396	521f87b1da1cc814	2	07:0030D370,12:00300C18
func_L07_0030D8E8	level	2068	c3e6fb0403eeda08	1	07:0030D8E8
func_L07_0030E128	level	580	e9994fd350ad6760	1	07:0030E128
func_L07_0030E370	level	1168	e4dc012e7816acf4	1	07:0030E370
func_L07_0030E820	level	148	1fb0964489cfb447	1	07:0030E820
func_L07_0030E8B8	level	1748	b3d02edde3e040b5	1	07:0030E8B8
func_L07_0030EF90	level	316	b02210ce7c3556e5	1	07:0030EF90
func_L07_0030F0D0	level	1008	db5bfb16ad9c32c2	1	07:0030F0D0
func_L07_0030F4C0	level	280	3d3858e6c68e48f9	1	07:0030F4C0
func_L07_0030F5D8	level	376	586b580e32300bb2	1	07:0030F5D8
func_L07_0030F750	level	232	29746460d7f21cd4	1	07:0030F750
func_L07_0030F838	level	712	1098316f077dfa64	1	07:0030F838
func_L07_0030FB00	level	308	6eed18193b48e404	1	07:0030FB00
func_L07_0030FC38	level	320	356ffbc5b79318eb	1	07:0030FC38
func_L07_0030FD78	level	412	bef5403309548d4a	1	07:0030FD78
func_L07_0030FF18	level	144	21e372325ff3c939	1	07:0030FF18
func_L07_0030FFA8	level	140	c1d8db6d0bfdfcab	1	07:0030FFA8
func_L07_00310038	level	212	704d85a79f52c43d	1	07:00310038
func_L07_00310110	level	436	016ce8735a9c7b03	1	07:00310110
func_L07_003102C8	level	524	18138cdba394340a	1	07:003102C8
func_L07_003104D8	level	232	10345f42255f2e84	1	07:003104D8
func_L07_003105C0	level	292	154d6c15f4cf0685	1	07:003105C0
func_L07_003106E8	level	452	b850a321b48512bb	1	07:003106E8
func_L07_003108B0	level	112	e66bcfb3d2cf06ae	1	07:003108B0
func_L07_00310920	level	172	6d9738e040fa3801	1	07:00310920
func_L07_003109D0	level	6140	6e8a405acc5d735b	1	07:003109D0
func_L07_003121D0	shared	1236	59d5e1ba68ae9c9f	2	07:003121D0,13:002C9660
func_L07_003126A8	level	2212	4eee9fec51b76dd7	1	07:003126A8
func_L07_00312FA8	level	740	2de86678627580b3	1	07:00312FA8
func_L07_00313298	level	544	2a0e1895086f7815	1	07:00313298
func_L07_003134B8	level	116	1c1d6b937a0b57f0	1	07:003134B8
func_L07_00313530	level	348	968bbe4e52828013	1	07:00313530
func_L07_00313690	level	368	04e502bfabcd37e4	1	07:00313690
func_L07_00313800	level	1312	f30eaf976f7afd3a	1	07:00313800
func_L07_00313D28	level	1148	43d246edd6ea7175	1	07:00313D28
func_L07_003141A8	level	168	528c112d121db078	1	07:003141A8
func_L07_00314250	level	832	160ad7a985df8f25	1	07:00314250
func_L07_00314590	level	416	e4b60956f52c6501	1	07:00314590
func_L07_00314730	level	208	030e34e75732ac4a	1	07:00314730
func_L07_00314800	level	1280	0cc497b5d69cd293	1	07:00314800
func_L07_00314D00	level	104	06e2f62899a51795	1	07:00314D00
func_L07_00314D68	level	360	bf178a5d12c5a8be	1	07:00314D68
func_L07_00314ED0	level	568	24278ee960384ffa	1	07:00314ED0
func_L07_00315108	level	184	abf50a740cfc73bd	1	07:00315108
func_L07_003151C0	level	376	d89b6b97ddea0f4f	1	07:003151C0
func_L07_00315338	level	244	04e7f93d98a14d03	1	07:00315338
func_L07_00315430	level	244	17e2a8b92cf8dbd9	1	07:00315430
func_L07_00315528	level	14260	7201ac3f5e875b6f	1	07:00315528
func_L07_00318CE0	level	904	b3f2e8930fb96257	1	07:00318CE0
func_L07_00319080	level	428	c58a49258b10f690	1	07:00319080
func_L07_00319230	level	4044	3d85975ea95f28dd	1	07:00319230
func_L07_0031A268	level	424	c56d68688c07b222	1	07:0031A268
func_L07_0031A410	level	1624	d4be47273f6a15db	1	07:0031A410
func_L07_0031AA68	level	68	7eb076ef5f9aedf0	1	07:0031AA68
func_L07_0031AAB0	level	2148	f31fe22eac2f426c	1	07:0031AAB0
func_L07_0031B318	level	772	6e9295b5797e8bee	1	07:0031B318
func_L07_0031B620	level	1940	33b6ab5d2914a786	1	07:0031B620
func_L07_0031BDB8	level	1268	b1a2182fe2cce2fe	1	07:0031BDB8
func_L07_0031C2B0	shared	1296	edab655737c26a03	2	07:0031C2B0,13:002C4558
func_L07_0031C7C0	level	508	cde08f39fc5f7311	1	07:0031C7C0
func_L07_0031E6B0	level	1196	db3a7f0e2d5d5b28	1	07:0031E6B0
func_L07_0031FF78	level	564	23ccfbc2545f3319	1	07:0031FF78
func_L07_00320CD0	level	476	316b176bca731fe2	1	07:00320CD0
func_L08_00211A38	shared	48	ae2d04937e7d8116	5	08:00211A38,12:00221DF8,14:00212548,15:001F8660,17:001FC090
func_L08_00211A68	shared	16	8f815e6e51d9e3ee	5	08:00211A68,12:00221E28,14:00212578,15:001F8690,17:001FC0C0
func_L08_0021DFB8	level	860	316a3d92920f75bd	1	08:0021DFB8
func_L08_00222E18	shared	1100	010fd8c167f4b877	2	08:00222E18,16:0020ECA8
func_L08_00228BD0	level	30204	a0f7a6d5dbd7752d	1	08:00228BD0
func_L08_00231228	level	16688	4f911f5f86b3d872	1	08:00231228
func_L08_00237818	level	24428	975686ebe8e6b70d	1	08:00237818
func_L08_00259040	shared	116	d04647adf6f892f4	3	08:00259040,11:00274968,12:0026788C
func_L08_0026B0E8	level	408	f91891a244f28b81	1	08:0026B0E8
func_L08_00273A80	shared	512	20f7440a2be00e2d	3	08:00273A80,12:002821F0,14:00271500
func_L08_0027ACC8	level	232	91b5b2a1423c969f	1	08:0027ACC8
func_L08_0027C218	level	304	2533b01d4f4c89ac	1	08:0027C218
func_L08_002803B8	shared	368	27e3ee32771096ab	3	08:002803B8,12:0028E908,14:0027DE00
func_L08_00280BC8	level	232	047f89d9c381ccfe	1	08:00280BC8
func_L08_002949A0	shared	20	29ec99c4032906d8	2	08:002949A0,09:002A8F28
func_L08_002B9438	level	116	8b68f295f712e064	1	08:002B9438
func_L08_002B94B0	level	1344	e19b3ccc8fce4777	1	08:002B94B0
func_L08_002D35E8	level	268	327b33c1882bb9fc	1	08:002D35E8
func_L08_002D36F8	level	1792	17ad612a07816dc2	1	08:002D36F8
func_L08_002D3DF8	shared	3052	87b7f6e4cd9f8cb1	2	08:002D3DF8,14:002DAC80
func_L08_002D49E8	shared	408	a2e760a3e8c759da	2	08:002D49E8,14:002DB870
func_L08_002D4B80	shared	1276	8b6030b2ea1dfa6f	2	08:002D4B80,14:002DBA08
func_L08_002D5080	shared	484	933fcbd6522abd1b	2	08:002D5080,14:002DBF08
func_L08_002D5358	shared	132	8e8eb0f4a1538940	2	08:002D5358,14:002DC1E0
func_L08_002D5410	shared	464	f4352296bc4711c1	2	08:002D5410,14:002DC298
func_L08_002D55E0	level	2504	045467704e42a439	1	08:002D55E0
func_L08_002D5FA8	level	2340	b244ab64b08433fe	1	08:002D5FA8
func_L08_002D68D0	level	900	5ebaf3d83ec29854	1	08:002D68D0
func_L08_002D6C58	level	952	de1024f5031713c4	1	08:002D6C58
func_L08_002D7010	level	1860	0ab5b801fd12b563	1	08:002D7010
func_L08_002D7758	level	248	e5f5cccb1fa0e7c0	1	08:002D7758
func_L08_002DB438	level	16	375552645e17b893	1	08:002DB438
func_L08_002DB468	level	720	be67acc886b8de1e	1	08:002DB468
func_L08_002DB768	level	972	851069da7a2a02cb	1	08:002DB768
func_L08_002DBD88	level	476	0e6269c987763d50	1	08:002DBD88
func_L08_002DBF68	level	3480	de851d7af35b14bc	1	08:002DBF68
func_L08_002DD128	level	788	ea131fb731003000	1	08:002DD128
func_L08_002DD440	level	184	b1d739b3ba71fc3d	1	08:002DD440
func_L08_002DD4F8	level	796	10ed5aa506115121	1	08:002DD4F8
func_L08_002DD9C0	level	420	86e9ae77119b6cb2	1	08:002DD9C0
func_L08_002DDB68	level	172	e45b7d5f3005e0d3	1	08:002DDB68
func_L08_002DDC18	level	264	bffb1e0b436e2c5b	1	08:002DDC18
func_L08_002DDD20	level	1568	55741205b87430f9	1	08:002DDD20
func_L08_002DE738	level	4120	3d6fe7fc79f7ea0e	1	08:002DE738
func_L08_002DF750	level	4	c1cc95d0cf402f94	1	08:002DF750
func_L08_002DF758	level	324	da150fc44ea21947	1	08:002DF758
func_L08_002DF8A0	level	800	95aed3b502c56530	1	08:002DF8A0
func_L08_002DFBC0	level	1096	9b409e7c12e635f9	1	08:002DFBC0
func_L08_002E0008	level	588	a8fedf7ea2079786	1	08:002E0008
func_L08_002E0258	level	4932	95e4ef926eda5dc4	1	08:002E0258
func_L08_002E15A0	level	256	a987b67ea34d723d	1	08:002E15A0
func_L08_002E16A0	level	4976	7d0dfc4ba8f72627	1	08:002E16A0
func_L08_002E2A10	level	40	80bb2787756df05a	1	08:002E2A10
func_L08_002E2A38	level	1492	7a1fec33ce5d0c5b	1	08:002E2A38
func_L08_002E3010	level	212	f0384d087323f71c	1	08:002E3010
func_L08_002E30E8	level	776	1e52626afe5e77a4	1	08:002E30E8
func_L08_002E33F0	level	472	577228bdb15c81d0	1	08:002E33F0
func_L08_002E35C8	level	664	ed9ae2ddf6c5be0d	1	08:002E35C8
func_L08_002E3860	level	2228	ef5b1153621c6ac2	1	08:002E3860
func_L08_002E4118	level	80	7ae96c6f23cee153	1	08:002E4118
func_L08_002E4168	level	2684	99ba1111b00a4f8d	1	08:002E4168
func_L08_002E4BE8	level	5448	616997b103493d07	1	08:002E4BE8
func_L08_002E6130	level	216	7e1a0c32677f1ad4	1	08:002E6130
func_L08_002E6208	level	748	64178c204c769d6e	1	08:002E6208
func_L08_002E6500	level	1108	864fb7cb371aca02	1	08:002E6500
func_L08_002E9288	shared	860	482227d35dd54696	2	08:002E9288,12:002F06C8
func_L08_002E95E8	shared	1396	bdd5443c699de4d4	2	08:002E95E8,12:002F0A28
func_L08_002E9B60	level	332	097c295160749fba	1	08:002E9B60
func_L08_002E9CB0	level	708	d7e5fcfabfeb7b8e	1	08:002E9CB0
func_L08_002E9F78	level	304	7dd08c06b820e2ec	1	08:002E9F78
func_L08_002EA0A8	level	2180	a9e9a44954ee632d	1	08:002EA0A8
func_L08_002EA930	level	508	ec799d781f6676bb	1	08:002EA930
func_L08_002EAB30	level	700	bd8320816e7d42de	1	08:002EAB30
func_L08_002EADF0	level	344	917f55477fd71c93	1	08:002EADF0
func_L08_002EAF48	level	2084	3ff0cc241cea933d	1	08:002EAF48
func_L08_002EB770	level	524	f19820334a66d28c	1	08:002EB770
func_L08_002EB980	level	800	e07437afbb46c04a	1	08:002EB980
func_L08_002F2000	shared	216	565c7b337f266dec	2	08:002F2000,08:0030A278,11:0031FB18
func_L08_002F20D8	shared	216	728b25813d6d5fba	3	08:002F20D8,08:002F21B0,08:0030A350,11:0031EE10,11:0031EEE8,11:0031FBF0,11:0031FCC8,12:0030D170
func_L08_002F2288	level	412	128d0a7dc57618a6	1	08:002F2288,08:0030A4F0
func_L08_002F2428	shared	492	e511bfb5a47aeddb	3	08:002F2428,08:0030A690,11:0031F180,11:0031FFE0,12:0030CF80
func_L08_002F2618	shared	328	6198c86cd750cb13	2	08:002F2618,08:0030A880,11:0031F370,11:003201D0
func_L08_002F2760	shared	216	7047aa29ef92330b	2	08:002F2760,08:0030A9C8,11:0031F4B8,11:00320318
func_L08_002F2838	shared	228	997347d3f8b6793c	2	08:002F2838,08:002F2920,08:0030AAA0,08:0030AB88,11:0031F590,11:0031F678,11:003203F0,11:003204D8
func_L08_002F2A08	level	876	5c0be1699f738384	1	08:002F2A08
func_L08_002F5980	level	1420	9e11433e2fd3c62d	1	08:002F5980
func_L08_002F6CF0	shared	1380	34a9146585f8b4ea	2	08:002F6CF0,10:002C8878
func_L08_002F7258	level	192	0d72d3d4c2767565	1	08:002F7258
func_L08_002F7318	level	4676	597daf0bcc38d60b	1	08:002F7318
func_L08_002F8560	level	1052	28b019361b9e45dc	1	08:002F8560
func_L08_00302618	shared	4988	eb9105e0529a8b83	2	08:00302618,09:00301D80
func_L08_00303998	shared	1440	7b2dbbe5be629235	2	08:00303998,09:00303100
func_L08_003041A8	level	1672	e520bece19dc328b	1	08:003041A8
func_L08_003065F8	level	312	eef073416d227d56	1	08:003065F8
func_L08_00306730	level	1524	025c010d4d8b6eb4	1	08:00306730
func_L08_003078B0	level	484	47eaae578fd5f2b5	1	08:003078B0
func_L08_00307A98	level	1364	f4e45174b89cf583	1	08:00307A98
func_L08_00307FF0	level	112	1f4c1b8abaeabc77	1	08:00307FF0
func_L08_00308650	shared	260	17c67248dc23616a	2	08:00308650,09:0030A1B0
func_L08_00308758	shared	676	c3cd40cdfdd49696	2	08:00308758,09:0030A2B8
func_L08_00308A00	level	1612	f836ab5567d49f64	1	08:00308A00
func_L08_00309050	shared	348	49d4b08625efc2b9	3	08:00309050,12:00309E60,14:003076B8
func_L08_003091B0	shared	2020	b531569c895beeb5	3	08:003091B0,12:00309FC0,14:00307818
func_L08_00309998	level	280	23de8860ac760b74	1	08:00309998
func_L08_00309AB0	shared	540	392eb01bb2208b49	2	08:00309AB0,14:00309D38
func_L08_0030A150	level	296	dbf1e2179c3e10f7	1	08:0030A150
func_L08_0030A428	level	200	1641644a51cb576c	1	08:0030A428
func_L08_0030AC70	level	868	8cc771be5f1a23d5	1	08:0030AC70
func_L08_00315068	shared	20	35a78afcbb21508d	3	08:00315068,09:00313CC8,12:00314338
func_L08_00318468	shared	648	bf283e4fdb8cbbae	2	08:00318468,14:00318318
func_L09_0021E3E8	level	36	75f79177bf848ef1	1	09:0021E3E8
func_L09_0021E410	level	860	a037f4662171b12d	1	09:0021E410
func_L09_0021E770	level	656	dfc05ed606a698e7	1	09:0021E770
func_L09_002785C0	shared	88	ea7221687fce40fb	2	09:002785C0,13:00264940
func_L09_00278690	shared	112	cfc44c17ab8b7be3	2	09:00278690,13:00264A10
func_00217AD0	exe	20	4c0deb3c1f86bf3b	2	09:00286060,18:00269650
func_L09_00295880	shared	464	219ad7923d9f9e51	2	09:00295880,13:00282BF0
func_L09_00295BF0	shared	68	32e06707e9d10fe1	3	09:00295BF0,13:00282F60,15:00266AB8
func_L09_002A9018	shared	12	830bf8df1c709dd5	5	09:002A9018,10:0027D1F8,11:002AF650,12:002A2F80,13:00296730
func_L09_002C2B08	level	1224	cbce7ee6a8467b49	1	09:002C2B08
func_L09_002C3690	level	272	4d79f20609a5b3ce	1	09:002C3690
func_L09_002C37A0	level	184	d516323e39f47dde	1	09:002C37A0
func_L09_002C3858	level	2952	698a99d291b2349a	1	09:002C3858
func_L09_002C6B30	shared	2208	95d27ee862207ebe	2	09:002C6B30,16:002A2240
func_L09_002C73D0	shared	1400	17278e5511192200	2	09:002C73D0,16:002A2AE0
func_L09_002E39E0	shared	6056	55e092e41d84b08a	2	09:002E39E0,15:002BD850
func_L09_002EB808	level	588	705fcfd59d21c34c	1	09:002EB808
func_L09_002EBA58	level	724	2e1d04811ce19e91	1	09:002EBA58
func_L09_002EBD30	level	732	75d25d675a0b9329	1	09:002EBD30
func_L09_002EC010	level	376	f66cc634d39a3401	1	09:002EC010
func_L09_002EC188	level	2760	ff025e09f71e7e5b	1	09:002EC188
func_L09_002ECC50	level	1368	c03707b060791c89	1	09:002ECC50
func_L09_002EEEB0	level	208	5d15ef69769dd417	1	09:002EEEB0
func_L09_002EEF80	level	1236	771e2ac55cdddb3d	1	09:002EEF80
func_L09_002EF460	level	620	44f8cd42d1d9a882	1	09:002EF460
func_L09_002EF6D0	level	164	2fccd91557700211	1	09:002EF6D0
func_L09_002F0780	level	800	1f6bfc60f53a3670	1	09:002F0780
func_L09_002F0AA0	level	168	a594cea0ef1f85bc	1	09:002F0AA0
func_L09_002F0BB8	level	324	6d336c2018491e83	1	09:002F0BB8
func_L09_002F0D00	level	1016	5ac33df37d6916fa	1	09:002F0D00
func_L09_002F10F8	level	148	cf09d3badd90d6e3	1	09:002F10F8
func_L09_002F1198	level	500	e637ed5d4680a801	1	09:002F1198
func_L09_002F1390	level	132	2cffcecf68a2aa6f	1	09:002F1390
func_L09_002F9A50	level	1236	cac80f61c1c2c56f	1	09:002F9A50
func_L09_00301C38	level	328	b4be2a13ba73cc72	1	09:00301C38
func_L09_00304750	level	1936	5a78f1bc29951feb	1	09:00304750
func_L09_00304EE0	level	476	9068ba13e0672505	1	09:00304EE0
func_L09_003050C0	level	696	afff2d39e099a6de	1	09:003050C0
func_L09_00305378	level	516	65a0035919b20505	1	09:00305378
func_L09_00305580	level	400	6b7c570214a5dafa	1	09:00305580
func_L09_00305710	level	1932	456fcf2b84a2c0d6	1	09:00305710
func_L09_00306030	level	3492	9151c02b92058ef6	1	09:00306030
func_L09_00306DD8	level	488	bcad909b814020a4	1	09:00306DD8
func_L09_00308F58	shared	448	d26f951a5cec2110	2	09:00308F58,10:002E7C78
func_L09_00309118	shared	1204	7dbdbb27668173b3	2	09:00309118,10:002E7E38
func_L09_003095D0	level	180	aa858d4a4471c080	1	09:003095D0
func_L09_00309688	level	1332	572c3f555a79687e	1	09:00309688
func_L09_0030A560	level	1656	6e5ab38672aa0194	1	09:0030A560
func_L09_0030AFB8	level	1580	c6bc2a7c0bf2d30f	1	09:0030AFB8
func_L09_0030B5E8	level	92	89bc672290f507a8	1	09:0030B5E8
func_L09_0030B648	level	992	1c4c9caf39edc12a	1	09:0030B648
func_L09_0030BB28	shared	620	c60efaadb83dbedf	2	09:0030BB28,13:0030E610
func_L09_0030BD98	shared	332	660307a88469dcbc	2	09:0030BD98,13:0030E880
func_L09_0030BEE8	shared	160	55981aee1e589e05	2	09:0030BEE8,13:0030E9D0
func_L09_0030BF88	shared	1744	114f3ebbe38a8ee3	2	09:0030BF88,13:0030EA70
func_L09_0030C658	shared	308	28a7db53b2f3108a	2	09:0030C658,13:0030F140
func_L09_0030C790	shared	92	74cf6986236008f7	2	09:0030C790,13:0030F278
func_L09_0030C7F0	shared	2268	9e1edb180c66f5e7	2	09:0030C7F0,13:0030F2D8
func_L10_0027D038	shared	28	6343c995d4e23bcd	5	10:0027D038,11:002AF4B0,12:002A2DE0,13:00296698,14:00292948
func_L10_00296BD8	level	396	f1beb2bc3abfac0c	1	10:00296BD8
func_L10_00296DC0	level	772	5e9a4cccbdd8d373	1	10:00296DC0
func_L10_00299818	level	504	14af84b3a710d52e	1	10:00299818
func_L10_00299AF0	shared	548	a98bc669f06eab92	2	10:00299AF0,15:002EBDA0
func_L10_00299D18	level	1232	d9417044c056d4fd	1	10:00299D18
func_L10_002BFBB8	level	1936	8f1200e9879a5fe3	1	10:002BFBB8
func_L10_002C0378	level	16	c11b890c228836ee	1	10:002C0378
func_L10_002C0388	level	100	414104c9054eeafd	1	10:002C0388
func_L10_002C03EC	level	216	bccafe9aef8e6185	1	10:002C03EC
func_L10_002C8DE0	level	480	3056807253638072	1	10:002C8DE0
func_L10_002CAD18	level	788	f2bc628725b04b31	1	10:002CAD18
func_L10_002CB030	level	1036	f746327484506c58	1	10:002CB030
func_L10_002CD578	shared	304	d2b51db92fc87c9f	2	10:002CD578,15:002DE9F0
func_L10_002CD6A8	shared	1488	cd7cf14cb93745dc	4	10:002CD6A8,11:003038E0,15:002DEB20,17:002DCF80
func_L10_002CF310	level	20	10ac7d5faf243499	1	10:002CF310
func_L10_002D8ED8	level	48	317b174841610148	1	10:002D8ED8
func_L10_002D8F08	level	44	b6a371436c55531a	1	10:002D8F08
func_L10_002D8F34	level	8	4f0dcddc6027690c	1	10:002D8F34
func_L10_002D8F40	level	1128	cb5b6257a5f8b7b4	1	10:002D8F40
func_L10_002D9418	level	276	d60f2b58d0348b90	1	10:002D9418
func_L10_002D9530	level	1108	43a2ac70a7a17ce0	1	10:002D9530
func_L10_002D9988	level	1588	76dca809113fbaf9	1	10:002D9988
func_L10_002D9FC0	level	300	98702ef5facd22d9	1	10:002D9FC0
func_L10_002DA0F0	level	716	a7283be1c314592e	1	10:002DA0F0
func_L10_002DA3C0	level	164	cd33762ca6514c51	1	10:002DA3C0
func_L10_002DA468	level	528	68f36db95d81863a	1	10:002DA468
func_L10_002DA678	level	664	7d74b2dbae70e3af	1	10:002DA678
func_L10_002DB278	level	1040	1d44244695d0e358	1	10:002DB278
func_L10_002DB688	level	964	002c6a6d5471d276	1	10:002DB688
func_L10_002DBA50	level	1368	cfec9e4087bf5bd1	1	10:002DBA50
func_L10_002DE018	level	948	9d2ddeedac8d2899	1	10:002DE018
func_L10_002DE630	level	360	c94f6e529898d8ad	1	10:002DE630
func_L10_002DE798	level	632	da4f48995226d5e1	1	10:002DE798
func_L10_002DEA10	level	504	7de44760d8dcd4f4	1	10:002DEA10
func_L10_002DEC08	level	144	b04de5bf2b1b745c	1	10:002DEC08,10:002ECC80
func_L10_002E0630	level	2504	a3c9fdff0bf2c137	1	10:002E0630
func_L10_002E0FF8	level	1276	847d23858d34059e	1	10:002E0FF8
func_L10_002E14F8	level	104	e1b524fdb1c81d19	1	10:002E14F8,10:002E5B98
func_L10_002E1568	level	5652	0b4cf4ce956cb008	1	10:002E1568
func_L10_002E2B80	level	1264	b130eaa13fe0ff85	1	10:002E2B80
func_L10_002E3070	level	132	9f3e3ab02ec1262f	1	10:002E3070
func_L10_002E30F8	level	7508	66aab2c7275f69a2	1	10:002E30F8
func_L10_002E4E50	level	856	b04bf42edd57ddbb	1	10:002E4E50
func_L10_002E51A8	shared	260	38d92b43315ca19d	3	10:002E51A8,12:002E4730,13:00308758,13:0030D778
func_L10_002E52B0	level	2280	b5828cbb89746ccb	1	10:002E52B0
func_L10_002E5C00	level	580	7727be6b12f29645	1	10:002E5C00
func_L10_002E5E48	level	3804	99c1c645be311946	1	10:002E5E48
func_L10_002E6D28	level	628	c0d4dfb975128391	1	10:002E6D28
func_L10_002E6FA0	level	732	5a9ad9fd3906d618	1	10:002E6FA0
func_L10_002E9718	level	608	e973a85ab717ecc6	1	10:002E9718
func_L10_002E9978	level	1268	2190a8a17f255b83	1	10:002E9978
func_L10_002E9E70	level	1400	e0d0af6dceb54188	1	10:002E9E70
func_L10_002EA3E8	shared	396	e1f4792e1a484553	2	10:002EA3E8,17:002EB0F8
func_L10_002EA578	shared	1164	39fcb2b19e3027e2	2	10:002EA578,17:002EB288
func_L10_002EAA08	level	836	d30684626624e291	1	10:002EAA08
func_L10_002EAD50	level	1156	26a6e81293b05c0d	1	10:002EAD50
func_L10_002EB5B0	level	756	f4a7b32fdb3a1520	1	10:002EB5B0
func_L10_002EB8A8	level	708	c910d3444c6e344f	1	10:002EB8A8
func_L10_002EBB70	level	600	f5495b6bc045f6b6	1	10:002EBB70
func_L10_002EBDC8	level	720	c8c29fef531510f8	1	10:002EBDC8
func_L10_002EC098	level	208	3a510d2ba272a575	1	10:002EC098
func_L10_002ECAB0	level	236	89174b969951980c	1	10:002ECAB0
func_L10_002ECBA0	level	216	b6e6fc408331fee3	1	10:002ECBA0
func_L10_002F6E10	shared	36	6c38ae1f00f2f8cc	4	10:002F6E10,13:00318478,14:003155F0,15:002F8D08
func_L10_002F6E38	shared	220	1144b4808e7ffd3d	4	10:002F6E38,13:003184D8,14:00315650,14:003162A8,15:002F8DA8
func_L10_002F6F18	shared	960	fb2e09bb30c16a5f	4	10:002F6F18,13:003185B8,14:00315730,15:002F8E88
func_L10_002F72D8	shared	1756	d04c2a325d6c6d8e	4	10:002F72D8,13:00318978,14:00315AF0,15:002F9248
func_L10_002F79B8	shared	196	2cb2dc522558fda5	4	10:002F79B8,13:00319058,14:003161D0,15:002F9928
func_L11_0023CD98	level	756	c6f09706bb25349a	1	11:0023CD98
func_L11_00247260	level	24456	844548696e8dee62	1	11:00247260
func_L11_0024E240	level	14936	c7141e2ca4f4a6df	1	11:0024E240
func_L11_00254158	level	19940	bbfbc9e371cae498	1	11:00254158
func_L11_002C99E0	shared	76	eaeeab9913801fa7	3	11:002C99E0,12:002BD380,13:002B1180
func_L11_002CC828	level	284	352d01a0fb6d9627	1	11:002CC828
func_L11_002CC950	shared	128	fcc31d829b1a9ffa	2	11:002CC950,12:002C0B88
func_L11_002CC9D0	level	380	fb5b9dd8abceb800	1	11:002CC9D0
func_L11_002CCB50	level	64	72491a378a6a0207	1	11:002CCB50
func_L11_002D18D0	level	1232	0177459c93b2e2d0	1	11:002D18D0
func_L11_002D2168	level	136	1d12845e08b33586	1	11:002D2168
func_L11_002D21F0	level	780	5038ef13a0ea61a5	1	11:002D21F0
func_L11_002D2500	level	364	103b9efda059b3f6	1	11:002D2500
func_L11_002D2670	level	3028	365352c151857df7	1	11:002D2670
func_L11_002D3248	level	692	a34569a18311bfec	1	11:002D3248
func_L11_002D3500	level	288	47a1226ae037fdb0	1	11:002D3500
func_L11_002D3620	level	392	6f17b3b4592cf7ff	1	11:002D3620
func_L11_002D37A8	level	452	eb3b6f78d5d5e85b	1	11:002D37A8
func_L11_002D3970	level	552	19b94f6b85e11032	1	11:002D3970
func_L11_002F21B0	level	1756	8551b4f7a0718b7e	1	11:002F21B0
func_L11_002F3888	level	1620	0d412210fc179433	1	11:002F3888
func_L11_002F4040	level	136	1137c58dba70a33f	1	11:002F4040
func_L11_002F40C8	level	740	2e101a34b8840409	1	11:002F40C8
func_L11_002F43B0	level	112	749fce3b72b7c190	1	11:002F43B0
func_L11_002F46C0	level	160	9894154a7574cf7d	1	11:002F46C0
func_L11_00309A40	shared	468	ce0e56f63860f713	3	11:00309A40,13:003038B8,17:002E3A38
func_L11_00309C18	shared	388	afda8e2dc38a34ca	3	11:00309C18,13:00303A90,17:002E3C10
func_L11_00309DA0	shared	1396	26183828e713c049	3	11:00309DA0,13:00303C18,17:002E3D98
func_L11_0030A318	shared	336	2c6b7937eabd9e9a	3	11:0030A318,13:00304190,17:002E4310
func_L11_0030A468	shared	736	8d80389cc3b095bb	3	11:0030A468,13:003042E0,17:002E4460
func_L11_0030A748	level	384	56068799ca4f971a	1	11:0030A748
func_L11_0030A8C8	shared	1480	5fbfa1a50de8b0ae	3	11:0030A8C8,13:003045C0,17:002E4BB0
func_L11_0030AE90	level	2492	4f4c33101438c819	1	11:0030AE90
func_L11_0030B850	level	124	570ef281ca6138aa	1	11:0030B850
func_L11_0030B8D0	level	812	d265112807e274d9	1	11:0030B8D0
func_L11_0030BC00	level	16	e61081b3c5d9a42b	1	11:0030BC00,11:0030F4E8
func_L11_0030BC10	level	16	5b9fe39874eb6594	1	11:0030BC10
func_L11_0030BC20	level	180	71b2e12a9cc06638	1	11:0030BC20
func_L11_0030BCD8	shared	2640	db7bd7e4026a63c9	2	11:0030BCD8,16:002DF788
func_L11_0030C728	shared	1144	10b5e68766d27401	2	11:0030C728,16:002E01D8
func_L11_0030DBF8	level	2600	84dc733850aad348	1	11:0030DBF8
func_L11_0030E620	level	1612	2b2082fcb8410b8b	1	11:0030E620
func_L11_0030EC70	level	1300	be56852427974c87	1	11:0030EC70
func_L11_0030F188	level	864	5b0b6c3e4a5afe4d	1	11:0030F188
func_L11_0030F4F8	level	1628	235543dd8c879b5e	1	11:0030F4F8
func_L11_0030FB58	shared	116	9aac3412d8243227	2	11:0030FB58,12:002C08A0
func_L11_0030FBF8	level	580	456ddd20f39cbbbb	1	11:0030FBF8
func_L11_0030FE40	level	532	e2254a9c6b2dfff7	1	11:0030FE40
func_L11_00310058	level	624	27ac55ac4afcd140	1	11:00310058
func_L11_003102C8	shared	1136	eb4fcbb1595fa3c3	2	11:003102C8,15:002DA4F0
func_L11_00310770	level	364	17fe57c658b337d0	1	11:00310770
func_L11_00310A70	level	180	553f2a2a76840c65	1	11:00310A70
func_L11_00310B28	level	200	85e389f450fe3399	1	11:00310B28
func_L11_00310BF0	level	1648	925a9203838ae01b	1	11:00310BF0
func_L11_00311260	level	180	6cd2d54de1e084d2	1	11:00311260
func_L11_00311318	level	472	f1ba4cd371e32aad	1	11:00311318
func_L11_003114F0	level	340	1589dbf688f5826b	1	11:003114F0
func_L11_00311648	level	1304	820a9a9fe717c5f5	1	11:00311648
func_L11_00311B60	level	1080	f0e4aa6a4b14cfe3	1	11:00311B60
func_L11_00311F98	shared	540	3f3d541778d963f3	3	11:00311F98,13:002B8DA0,17:002EB718
func_L11_003121C0	shared	848	3b1801228e29f6d3	3	11:003121C0,13:002B9240,17:002EBBB8
func_L11_00312510	shared	452	22b0bd99486ff5f2	3	11:00312510,13:002B9590,17:002EBF08
func_L11_003126D8	shared	160	e06066e9e8634d22	3	11:003126D8,13:002B9758,17:002EC0D0
func_L11_00312780	shared	1108	da74e92a63462b26	2	11:00312780,17:002EC178
func_L11_00312BD8	level	564	81246301de71a79a	1	11:00312BD8
func_L11_00312E10	level	316	b54a8642c01d8ae4	1	11:00312E10
func_L11_00312F50	level	348	41a633c8245c3cd4	1	11:00312F50
func_L11_003130B0	level	152	21e3b9adfad8c691	1	11:003130B0
func_L11_00313148	level	208	4405bc27917cfbfa	1	11:00313148
func_L11_00313218	level	2132	6ee6180ba962b1a1	1	11:00313218
func_L11_00313A70	level	336	56fab8bc19e9b23b	1	11:00313A70
func_L11_00313BC0	level	316	2f795f1aaca923f2	1	11:00313BC0
func_L11_00313D00	level	2524	7c9cbde1e63d5ed5	1	11:00313D00
func_L11_003146E0	level	3312	dd91c0c0aa46f51a	1	11:003146E0
func_L11_003153D0	level	948	cf59bc6fc5790cc8	1	11:003153D0
func_L11_00315788	level	5712	c7823a55d7a96700	1	11:00315788
func_L11_00316DD8	level	1520	e188011ee654d647	1	11:00316DD8
func_L11_003173C8	level	308	1c27061f47343613	1	11:003173C8
func_L11_00317500	level	24	ec937e38393ed4d9	1	11:00317500
func_L11_00317518	level	124	6c5feb1205b328bd	1	11:00317518
func_L11_00317598	level	48	1313e0e52b6a458c	1	11:00317598
func_L11_003175D0	level	176	b9cfae582acef5bc	1	11:003175D0
func_L11_00317680	level	96	b64190a2bb1922fc	1	11:00317680,11:003176E0
func_L11_00317790	level	1444	bdb840c1d4f06fce	1	11:00317790
func_L11_00318730	level	948	f05339bfbbfb5116	1	11:00318730
func_L11_00318AE8	level	420	dc4af2cb023f636c	1	11:00318AE8
func_L11_00318C90	level	1144	ddec5a8ee452cde4	1	11:00318C90
func_L11_00319108	level	952	66c689bcf96d5ee3	1	11:00319108
func_L11_003194C0	level	80	90485bf876d93c59	1	11:003194C0
func_L11_00319510	level	324	ac8f283ea2d8d491	1	11:00319510
func_L11_00319660	level	664	4610357e7a30d6c3	1	11:00319660
func_L11_003198F8	level	180	7b3c0c4e0d058274	1	11:003198F8
func_L11_00319FA0	level	480	d8161578dbfa85b5	1	11:00319FA0
func_L11_0031A180	level	360	205730b812720815	1	11:0031A180
func_L11_0031A2E8	level	28	33105661394785bd	1	11:0031A2E8
func_L11_0031A308	level	60	3d74ea284a96d8a4	1	11:0031A308
func_L11_0031A348	level	332	a4cdeb7508172fd9	1	11:0031A348
func_L11_0031A498	level	376	e799189615b81495	1	11:0031A498
func_L11_0031A630	level	264	155d084a0febb4d6	1	11:0031A630
func_L11_0031A738	shared	932	deb3e6791bd6d78c	2	11:0031A738,17:002F56A8
func_L11_0031AAE0	shared	456	220bab0aefa109e4	2	11:0031AAE0,17:002F5A50
func_L11_0031ACA8	level	2440	c7f2b33a11eaa3e9	1	11:0031ACA8
func_L11_0031B630	shared	628	66e0ec2199d80230	2	11:0031B630,17:002F6558
func_L11_0031B8A8	shared	796	7947f8069f58153b	2	11:0031B8A8,17:002F67D0
func_L11_0031BBC8	level	124	543271985b8c055d	1	11:0031BBC8
func_L11_0031BC48	level	680	a6a5d863a6f7623f	1	11:0031BC48
func_L11_0031BEF0	level	136	b934c9c8017fbb2d	1	11:0031BEF0
func_L11_0031BF78	level	660	15acb526fb0ed6a0	1	11:0031BF78
func_L11_0031C210	level	200	aec3e4349fb8e49b	1	11:0031C210
func_L11_0031C2D8	level	556	6b0424c3ec8a3d73	1	11:0031C2D8
func_L11_0031C508	level	468	a9d39026c137eb96	1	11:0031C508
func_L11_0031ED48	level	200	853fad08ba8f93e0	1	11:0031ED48
func_L11_0031EFC0	level	444	6ccb34bfa8ce8135	1	11:0031EFC0
func_L11_0031F760	level	952	25fa9cd5ef697d0b	1	11:0031F760
func_L11_0031FDA0	level	576	68739a091c28eb8c	1	11:0031FDA0
func_L11_003205C0	level	960	b670193077f5e48f	1	11:003205C0
func_L12_002284A8	shared	156	64669c37f58da323	2	12:002284A8,14:00218C28
func_L12_0022E428	level	660	712a0954f8843909	1	12:0022E428
func_L12_00233130	level	632	8e0d11c126135158	1	12:00233130
func_L12_00234498	level	1968	ff298c69e948da96	1	12:00234498
func_L12_00236270	shared	2116	a42338a77dd18568	2	12:00236270,14:00226708
func_L12_00238FF0	level	26488	84c64d85e6448a83	1	12:00238FF0
func_L12_002407C0	level	15492	fc9c5c89ae48b1b3	1	12:002407C0
func_L12_00246938	level	21588	f2cd1be97b325e13	1	12:00246938
func_L12_002677B4	shared	216	eab238c7ba391226	2	12:002677B4,14:00257064
func_L12_00272D90	level	148	45c430a29e1e4ca4	1	12:00272D90
func_L12_0027C260	shared	264	785861f45e88b484	2	12:0027C260,18:00266258
func_L12_0027C368	shared	260	c3f98c98136bd383	2	12:0027C368,18:00266360
func_L12_0027C8D8	level	224	fd998f6bb8dbffd8	1	12:0027C8D8
func_L12_0027C9B8	level	172	926a53f3d98a6ad9	1	12:0027C9B8
func_L12_0027CA68	level	172	e431de4cc6631d2c	1	12:0027CA68
func_L12_002BD3D0	shared	328	2656ed155cd0f545	2	12:002BD3D0,14:002AC628
func_L12_002C0310	level	1420	bceac9a48f16c80d	1	12:002C0310
func_L12_002C0940	level	580	2b2b1c1e4464fe79	1	12:002C0940
func_L12_002E29C8	level	156	ead4ce7b080faa83	1	12:002E29C8
func_L12_002E2B08	level	80	2f4a99d3237bf76f	1	12:002E2B08
func_L12_002E2B88	level	108	2de99926e21b6c0a	1	12:002E2B88
func_L12_002E2BF8	level	192	525a1c79cf70d104	1	12:002E2BF8
func_L12_002E2CB8	level	564	53cac74d3ded305c	1	12:002E2CB8
func_L12_002E2EF0	level	4824	d9d1ef8f28901190	1	12:002E2EF0
func_L12_002E41C8	level	476	82d1fe64077632a2	1	12:002E41C8
func_L12_002E43A8	level	900	58e231efca6fabad	1	12:002E43A8
func_L12_002E4838	level	968	b5edcbbe1481babe	1	12:002E4838
func_L12_002E4C58	level	700	bea100597aa3c1c0	1	12:002E4C58
func_L12_002E4F18	level	540	3d12501342f697d2	1	12:002E4F18
func_L12_002E5138	level	176	142873f2ab50105c	1	12:002E5138
func_L12_002E51E8	level	2912	d5bd48d49315f4dc	1	12:002E51E8
func_L12_002E7EE0	shared	232	d39f6e22322f1da6	3	12:002E7EE0,15:002EDA68,16:002E4510
func_L12_002E7FC8	level	1384	5fd25997aba3a329	1	12:002E7FC8
func_L12_002E8530	shared	84	de9570ffe226522e	2	12:002E8530,14:00308EB0
func_L12_002E8588	level	136	5ff917e0a64fcde9	1	12:002E8588
func_L12_002E8610	level	44	79c8cc4c97ca0b50	1	12:002E8610
func_L12_002E8640	level	3872	7f27ccb3c367bf21	1	12:002E8640
func_L12_002E9560	level	1064	8882aa57b68587b6	1	12:002E9560
func_L12_002E9988	level	196	c1685ae674bde5ce	1	12:002E9988
func_L12_002E9A50	level	80	d59852860344e33f	1	12:002E9A50
func_L12_002E9AA0	level	140	2a454290ad2796ce	1	12:002E9AA0
func_L12_002E9B30	level	84	e10ea3460361e505	1	12:002E9B30
func_L12_002E9B88	level	1032	3478cc33c614a348	1	12:002E9B88
func_L12_002EB2E8	level	3732	707dd91f50648fa3	1	12:002EB2E8
func_L12_002EC180	level	356	7ee03573e16db839	1	12:002EC180
func_L12_002EC2E8	level	692	f17fa7bb91299e9f	1	12:002EC2E8
func_L12_002EC5A0	level	632	c528e6284e86fffb	1	12:002EC5A0
func_L12_002EC8F0	level	1848	26d29573063b6dc2	1	12:002EC8F0
func_L12_002ED028	level	508	59114d42ddfcb4d0	1	12:002ED028
func_L12_002ED228	level	804	9517ffba40e833e2	1	12:002ED228
func_L12_002ED550	level	680	b7ea00a768ad97da	1	12:002ED550
func_L12_002EDAA0	level	924	1672e9b69f8b9a9f	1	12:002EDAA0
func_L12_002EDE40	level	548	526cb5a825f3e1d3	1	12:002EDE40
func_L12_002EE068	level	276	3d60770f9d39affd	1	12:002EE068
func_L12_002EE180	level	1152	7fb0a33ee1c37561	1	12:002EE180
func_L12_002EE600	level	784	8a3b928cb159739b	1	12:002EE600
func_L12_00303CA8	level	908	d2fcc2b5113a128a	1	12:00303CA8
func_L12_00304038	level	724	99b283ac7aae6d66	1	12:00304038
func_L12_00304310	level	948	d50aa1a0ac4ebb48	1	12:00304310
func_L12_003046C8	level	136	0fa77ca9014b3eeb	1	12:003046C8
func_L12_00304750	level	464	8a1389d9039022aa	1	12:00304750
func_L12_00304920	level	3284	23d4e9a2fe1e74ba	1	12:00304920
func_L12_003055F8	level	2940	c005597f0d77d36d	1	12:003055F8
func_L12_00306178	level	100	9894d07c2c440c78	1	12:00306178
func_L12_003061E0	level	1708	2eff6d6bb2a10164	1	12:003061E0
func_L12_00306890	level	3740	c5dbb4f4d29bba6e	1	12:00306890
func_L12_00307730	level	404	9e94c67dedc7438d	1	12:00307730
func_L12_003078C8	level	832	636f650cec86630c	1	12:003078C8
func_L12_00307C08	level	420	bcdbf5145a098553	1	12:00307C08
func_L12_00307DB0	level	3328	d01c9d4a750f0cbe	1	12:00307DB0
func_L12_00308AC0	level	348	b507c1e4378d843e	1	12:00308AC0
func_L12_00308C20	level	628	f0fd4bb2af5f6f92	1	12:00308C20
func_L12_00308E98	level	256	89854fa45190b9fa	1	12:00308E98
func_L12_00309590	level	416	a3883b817809aa00	1	12:00309590
func_L12_00309730	level	800	05a0e838ba22a671	1	12:00309730
func_L12_00309A50	shared	148	99fda4a5ec0d787a	2	12:00309A50,15:002EB728
func_L12_00309AE8	shared	524	c53c363292030969	2	12:00309AE8,15:002EB7C0
func_L12_00309CF8	shared	356	7b97c1df709d0675	2	12:00309CF8,15:002EB9D0
func_L12_0030A7A8	level	212	c5e53531c3b14acb	1	12:0030A7A8
func_L12_0030A880	level	152	c4b6e5476c8c3d2f	1	12:0030A880
func_L12_0030D248	level	392	e49c18131a7a22d0	1	12:0030D248
func_L12_0030D3D0	level	748	f61bdb4eefa8798d	1	12:0030D3D0
func_L13_00266060	shared	196	b1afe9a60d6bb919	3	13:00266060,16:002559D0,17:00254A78
func_L13_00266128	level	84	54d45f768a474010	1	13:00266128
func_L13_00266180	level	268	ce26fe028ae1a428	1	13:00266180
func_L13_002811B0	level	300	a1164ab503ced2e5	1	13:002811B0
func_L13_002994D0	level	56	c346709a00c671a2	1	13:002994D0
func_L13_002B2020	level	1052	88b008e17eb44d7a	1	13:002B2020
func_L13_002B4B90	level	1660	4007c178cea499d9	1	13:002B4B90
func_L13_002B5210	level	340	808d6e8e15b6d596	1	13:002B5210
func_L13_002B5368	level	1512	4ed10a73e88165fd	1	13:002B5368
func_L13_002B5950	level	312	4b62abdc5bcac041	1	13:002B5950
func_L13_002B5A88	level	124	b4f2969fab581d77	1	13:002B5A88
func_L13_002B5B08	level	252	225e16db150f2968	1	13:002B5B08
func_L13_002B5C08	level	552	3d0ea37f37e8c447	1	13:002B5C08
func_L13_002B5E30	level	572	c2baa2f9bde78614	1	13:002B5E30
func_L13_002B60D8	level	140	432b49cadc124792	1	13:002B60D8
func_L13_002B6168	level	56	b08b635ae3f84273	1	13:002B6168
func_L13_002B61A0	level	228	27265d9572bb955e	1	13:002B61A0
func_L13_002B6288	level	10596	2d34fbb33f5c16f0	1	13:002B6288
func_L13_002B8FC0	shared	636	0c25a372b7b5a3bc	2	13:002B8FC0,17:002EB938
func_L13_002B9800	level	1128	475222d4349cb347	1	13:002B9800
func_L13_002B9C68	level	488	7be52aa6ab55720e	1	13:002B9C68
func_L13_002B9E50	level	2520	a56827d384adac5d	1	13:002B9E50
func_L13_002BA828	level	572	93fca52f37803f33	1	13:002BA828
func_L13_002BAA68	level	1536	42265cfd7ec22690	1	13:002BAA68
func_L13_002BB068	level	348	9a59ef5374e2dee2	1	13:002BB068
func_L13_002BB1C8	level	300	d503dfb04af78365	1	13:002BB1C8
func_L13_002BB2F8	shared	232	e532c0a66bbc794f	2	13:002BB2F8,17:002EDD60
func_L13_002BB3E8	level	3820	6b2cac2cb496179c	1	13:002BB3E8
func_L13_002BC2D8	level	4560	c99308469cfed907	1	13:002BC2D8
func_L13_002C2638	level	376	44b54a6248ef97b0	1	13:002C2638
func_L13_002C27B0	level	2560	21001d8a32010b35	1	13:002C27B0
func_L13_002C31B0	level	284	9aa5a2fae953caa3	1	13:002C31B0
func_L13_002C32D0	level	1392	5f831080ee441bee	1	13:002C32D0
func_L13_002C3840	level	1912	112ab3b15f14c7cc	1	13:002C3840
func_L13_002C3FB8	level	1436	074467d4646f8a00	1	13:002C3FB8
func_L13_002C4A68	level	420	ad732c495a4d1eb9	1	13:002C4A68
func_L13_002C4C10	level	316	a3860280fc8f98b5	1	13:002C4C10
func_L13_002C4D50	level	444	9fe723db6e22c890	1	13:002C4D50
func_L13_002C4F10	level	640	e502305725b026da	1	13:002C4F10
func_L13_002C5190	level	184	838888d74c22d9cb	1	13:002C5190
func_L13_002C5248	level	1128	7adaef19b3c76bd0	1	13:002C5248
func_L13_002C56B0	level	2928	ce6ecd473ef20d9c	1	13:002C56B0
func_L13_002C9208	level	1108	d08711ca6bbd49f8	1	13:002C9208
func_L13_002CF960	level	1580	76a830c45dbddb11	1	13:002CF960
func_L13_002CFF90	level	776	8f7b163f44f780a6	1	13:002CFF90
func_L13_002D0298	level	1328	893c5b26501522c2	1	13:002D0298
func_L13_002E2488	level	516	f5eabff164c80bca	1	13:002E2488
func_L13_002E2690	level	748	564857b0e4604c90	1	13:002E2690
func_L13_002E2980	level	1560	81834eba121a5148	1	13:002E2980
func_L13_002E2F98	shared	120	da7be12b2f43f920	2	13:002E2F98,17:002C66E8
func_L13_002E3010	shared	1664	4b38047ae57884b5	2	13:002E3010,17:002C6760
func_L13_002E56C8	level	328	8e39417a84b8fd69	1	13:002E56C8
func_L13_002E5810	level	1252	307dc73122c56828	1	13:002E5810
func_L13_002E7E90	shared	428	73381db90980c56e	2	13:002E7E90,17:002CAFB0
func_L13_002E8040	shared	1584	8a3050b635a21c85	2	13:002E8040,17:002CB160
func_L13_002E9870	level	160	6dc8869221bdcb2f	1	13:002E9870
func_L13_002E9910	level	544	65889ecf7994770d	1	13:002E9910
func_L13_002E9B30	level	548	cc4bc9e6bbb10d70	1	13:002E9B30
func_L13_002E9D58	level	568	7827f4718150afe5	1	13:002E9D58
func_L13_002E9F90	level	460	784069ad3fa0f0c8	1	13:002E9F90
func_L13_002EA160	level	752	476207e38e1287a4	1	13:002EA160
func_L13_002EA450	level	328	d30b2bc32cbadecf	1	13:002EA450
func_L13_002EA598	level	676	4a79051c93114a42	1	13:002EA598
func_L13_002EA840	level	628	b02db45d2d353b95	1	13:002EA840
func_L13_002EAAB8	level	348	3b4003446b5da185	1	13:002EAAB8
func_L13_002EAC18	level	616	68f011c7fb642db2	1	13:002EAC18
func_L13_002EAE80	level	2280	92f8662fa13a8370	1	13:002EAE80
func_L13_002EB768	level	208	2df47c931dcfe0e7	1	13:002EB768
func_L13_002EB838	level	320	96e5add02f888d7c	1	13:002EB838
func_L13_002EB978	level	372	63851623e7dca883	1	13:002EB978
func_L13_002EBAF0	level	528	0ee28024bf0e4427	1	13:002EBAF0
func_L13_002EBD00	level	824	e37c7b60c578ccbc	1	13:002EBD00
func_L13_002EC038	level	1172	47e3d793ef6f56c1	1	13:002EC038
func_L13_002EC4D0	level	7288	32d6eb5ab0c66d52	1	13:002EC4D0
func_L13_002EE148	level	236	629416a6e67baf8d	1	13:002EE148
func_L13_002EE238	level	856	cfd647ab616e98bc	1	13:002EE238
func_L13_002EE590	level	848	6d08d35cac3be10d	1	13:002EE590
func_L13_002EE8E0	level	588	10ee4f21461b0437	1	13:002EE8E0
func_L13_002F4BE8	level	40	4fa3fb04d27fcf27	1	13:002F4BE8
func_L13_002F4C10	level	472	eda57fe4ced7b002	1	13:002F4C10
func_L13_002F9D18	level	504	eac627a3ae0b6083	1	13:002F9D18
func_L13_002F9F10	level	764	e7cdc048828f7ed2	1	13:002F9F10
func_L13_00306D40	level	224	a59a1424c2076ffc	1	13:00306D40
func_L13_00306E20	level	204	854069f95b9f844b	1	13:00306E20
func_L13_00306EF0	level	1628	e478bfcb34ad0b3c	1	13:00306EF0
func_L13_00307550	level	144	453b52f9051b04fc	1	13:00307550
func_L13_003075E0	level	128	4dd52fe9dc1dae46	1	13:003075E0
func_L13_00307660	level	312	a1b26ea42d2416d3	1	13:00307660
func_L13_00307798	level	1480	921a94458fbb3f66	1	13:00307798
func_L13_00308860	level	1860	58fcd8a2cca5c9ea	1	13:00308860
func_L13_00308FA8	level	904	718d58835a2139d0	1	13:00308FA8
func_L13_00309330	level	3732	6c87cb3f964462aa	1	13:00309330
func_L13_0030A1C8	level	1632	7af076ac359f8ad1	1	13:0030A1C8
func_L13_0030A828	level	392	a8f772345235070c	1	13:0030A828
func_L13_0030A9B0	level	980	4e38129ef96f10d5	1	13:0030A9B0
func_L13_0030B340	level	1492	694e3b25e202193f	1	13:0030B340
func_L13_0030B940	level	580	caa8a2dfc1a083fd	1	13:0030B940
func_L13_0030BB90	level	1632	cd04fb98afecfcec	1	13:0030BB90
func_L13_0030C1F0	level	300	89a57cc21c7e6bc2	1	13:0030C1F0
func_L13_0030C320	level	232	de1245b9503bad0c	1	13:0030C320
func_L13_0030C408	level	232	b0d9f7efc3ecb86f	1	13:0030C408
func_L13_0030CAE0	level	1348	edeee29aea7dc302	1	13:0030CAE0
func_L13_0030D028	level	636	f37bddf6984c1be4	1	13:0030D028
func_L13_0030D2A8	level	112	babea3c46916a7c4	1	13:0030D2A8
func_L13_0030D318	level	332	fbecab77c75c79b9	1	13:0030D318
func_L13_0030D468	level	188	2f8f1091f49a4e4d	1	13:0030D468
func_L13_0030D528	level	216	57a64b52e131bfa5	1	13:0030D528
func_L13_0030D600	level	376	ad86895da353b200	1	13:0030D600
func_L13_0030D880	level	1572	2ded5e21becf1876	1	13:0030D880
func_L13_0030E280	level	908	923b337eba7d52b5	1	13:0030E280
func_L13_003184A0	shared	56	5bd78d919024b131	2	13:003184A0,14:00315618
func_L14_0021E3A8	level	660	8d25c0552c1927e5	1	14:0021E3A8
func_L14_00223140	level	864	4339b26733cd1490	1	14:00223140
func_L14_002235D0	level	608	345396cdc1e8edfd	1	14:002235D0
func_L14_00229440	level	25132	239f5225ec533d01	1	14:00229440
func_L14_002306C8	level	14292	a00b3b7453181ed2	1	14:002306C8
func_L14_00235DC8	level	23252	237003dabdecdc3a	1	14:00235DC8
func_L14_00246A90	level	120	4b2f046edeab423d	1	14:00246A90
func_L14_002ACCC0	level	2100	bb9acb09981e856e	1	14:002ACCC0
func_L14_002AD4F8	level	252	4319da8a80341866	1	14:002AD4F8
func_L14_002AD858	level	4768	06a163e9d86893c7	1	14:002AD858
func_L14_002AEAF8	level	352	b1e6ddb739bfcea7	1	14:002AEAF8
func_L14_002AEC58	level	816	31f182ca95cba39e	1	14:002AEC58
func_L14_002AEF88	level	864	618ec2e0582b696e	1	14:002AEF88
func_L14_002AF2E8	level	440	690389866f2634c4	1	14:002AF2E8
func_L14_002AF4A0	level	488	af54f9dfd11669b2	1	14:002AF4A0
func_L14_002AF688	level	656	be78a2f01bb95645	1	14:002AF688
func_L14_002AF918	level	252	f1d9d2ccff5c4ad6	1	14:002AF918
func_L14_002AFA18	level	292	10e497d976c1339a	1	14:002AFA18
func_L14_002AFB40	level	264	774e02b8ca881f4c	1	14:002AFB40
func_L14_002AFC48	level	208	5cdcd037e51f9cb0	1	14:002AFC48
func_L14_002AFD18	level	200	449ca1cec64b8b96	1	14:002AFD18
func_L14_002AFDE0	level	432	7cf77a2f733d1ae0	1	14:002AFDE0
func_L14_002AFF90	level	212	8ccc3a54d5372fc1	1	14:002AFF90
func_L14_002B0068	level	252	73d67e56b5676b11	1	14:002B0068
func_L14_002B0168	level	288	f59879c734767e87	1	14:002B0168
func_L14_002B0288	level	40	6317ca1281cfec4c	1	14:002B0288
func_L14_002B02B0	level	36	f414ab0991574dcf	1	14:002B02B0
func_L14_002B2A28	shared	3620	4680576ee7522459	2	14:002B2A28,15:002967A0
func_L14_002B3850	shared	804	10fc91e6f65c9b45	2	14:002B3850,15:002975C8
func_L14_002B3B78	shared	1452	4ef4647cb1f9940d	2	14:002B3B78,15:002978F0
func_L14_002B4128	shared	132	ede320b420b47443	2	14:002B4128,15:00297EA0
func_L14_002B41B0	shared	772	dde1f8bd85e5e4a7	2	14:002B41B0,15:00297F28
func_L14_002B44B8	shared	176	7bc53cbc1c3a8011	2	14:002B44B8,15:00298230
func_L14_002B4568	shared	24	608c94dbecbee8f4	2	14:002B4568,15:002982E0
func_L14_002B4580	shared	36	7263ae99053030ac	2	14:002B4580,15:002982F8
func_L14_002B45A8	shared	192	e2ff58c1674d83bd	2	14:002B45A8,15:00298320
func_L14_002B4668	shared	352	582cc02e1be1ba3a	2	14:002B4668,15:002983E0
func_L14_002B47C8	shared	92	5090ee91aff04604	2	14:002B47C8,15:00298540
func_L14_002B4828	shared	472	5e26c43c6692e613	2	14:002B4828,15:002985A0
func_L14_002B4A00	shared	224	564685817dc4063a	2	14:002B4A00,15:00298778
func_L14_002B4AE0	shared	140	b78bb0a66d31ec28	2	14:002B4AE0,15:00298858
func_L14_002B4B70	shared	20	127657e8c89b40f7	2	14:002B4B70,15:002988E8
func_L14_002B4B84	shared	108	150495cfcc7281ca	2	14:002B4B84,15:002988FC
func_L14_002B4BF0	shared	52	cf6020fdf9c3c300	2	14:002B4BF0,15:00298968
func_L14_002B4C2C	shared	68	4948272bc61cf646	2	14:002B4C2C,15:002989A4
func_L14_002B4C70	shared	460	8bfd54e8fe9d9dc0	2	14:002B4C70,15:002989E8
func_L14_002B4E40	level	1872	71c4e40b69b731fe	1	14:002B4E40
func_L14_002B5590	level	356	a44eebc8e908e87d	1	14:002B5590
func_L14_002B56F8	level	88	3bd3ae60cdd7778c	1	14:002B56F8
func_L14_002B5750	level	368	46afe83e8c8f3e2e	1	14:002B5750
func_L14_002B58C0	level	36	5aa8d4f15e7c5fb5	1	14:002B58C0
func_L14_002B58E4	level	84	7e6fcf18b590f678	1	14:002B58E4
func_L14_002B5938	level	2980	e28a1fc2a15ecf49	1	14:002B5938
func_L14_002B64E0	level	408	7fe0170ce87c6ec1	1	14:002B64E0
func_L14_002B6678	level	260	0c0352a2dc885a67	1	14:002B6678
func_L14_002B6780	level	128	ea0de452d9858b10	1	14:002B6780
func_L14_002B6800	level	380	f8445b9bd260bc80	1	14:002B6800
func_L14_002B6980	level	284	f2995d64baade448	1	14:002B6980
func_L14_002B6AA0	level	280	85e9a244d2ee383e	1	14:002B6AA0
func_L14_002B6BB8	level	712	aef2892397f34b8e	1	14:002B6BB8
func_L14_002B6E80	level	100	8dd783773d040a3e	1	14:002B6E80
func_L14_002B6EE8	level	124	8e97b8ef0fb54dce	1	14:002B6EE8
func_L14_002B6F68	level	188	0209a2b5ed14e792	1	14:002B6F68
func_L14_002B7028	level	568	c9e399b3bf2c66ee	1	14:002B7028
func_L14_002BBEC8	level	1684	1ff67e36981b4e05	1	14:002BBEC8
func_L14_002BC560	level	456	7a92586e79cb86f2	1	14:002BC560
func_L14_002BC728	level	88	4bf39b6bd210f943	1	14:002BC728
func_L14_002D7250	level	1044	2654ea964e793dff	1	14:002D7250
func_L14_002D7668	level	376	493603d0bb1ecb48	1	14:002D7668
func_L14_002D77E0	level	156	7b3edef3e545dbcc	1	14:002D77E0
func_L14_002D7880	level	632	97a46c69522db919	1	14:002D7880
func_L14_002D7AF8	level	2476	67827d04baf46a8e	1	14:002D7AF8
func_L14_002D84A8	level	84	300e9b8b0efe2cf9	1	14:002D84A8
func_L14_002D8500	level	668	b018da0314a57437	1	14:002D8500
func_L14_002D87A0	level	664	778d47d45f79d44d	1	14:002D87A0
func_L14_002DAA70	shared	396	37bce894e8f29560	2	14:002DAA70,15:002C8228
func_L14_002DAC00	shared	124	5d28cf94a06f0f26	2	14:002DAC00,15:002C83B8
func_L14_002DF5F8	level	192	b54a8384cab09f3b	1	14:002DF5F8
func_L14_002DF6B8	level	948	99523d67f3db6034	1	14:002DF6B8
func_L14_002DFA70	shared	1064	1fb603e589a88dd6	2	14:002DFA70,15:002CB5D0
func_L14_002DFE98	shared	420	eec31d21acd44a67	2	14:002DFE98,15:002CB9F8
func_L14_002E0228	level	596	44a210fe4af30c12	1	14:002E0228
func_L14_002E0480	level	180	af1605aef0018359	1	14:002E0480
func_L14_002E0538	level	796	9b29d6671c75544d	1	14:002E0538
func_L14_002E0858	level	184	bb8a40f8e237d313	1	14:002E0858
func_L14_002E0910	level	1860	8680045bbb41fff2	1	14:002E0910
func_L14_002E1058	level	184	fe903ef2ef69e388	1	14:002E1058
func_L14_002E1110	shared	1120	65f03bd277a873f0	2	14:002E1110,15:002CBD88
func_L14_002E1570	shared	584	188e972ebb408e7d	2	14:002E1570,15:002CC1E8
func_L14_002E17B8	shared	1060	d05121e3fef00b44	2	14:002E17B8,15:002CC430
func_L14_002E9038	level	1180	4764ec264fbcf510	1	14:002E9038
func_L14_002EC3E8	level	1024	8ac3e0bc7d85d782	1	14:002EC3E8
func_L14_002EC7E8	level	476	99dcbe5a57c5486c	1	14:002EC7E8
func_L14_002EC9C8	level	680	e205928aa879e7dc	1	14:002EC9C8
func_L14_002ECC70	level	540	d88ff0cbd19327e8	1	14:002ECC70
func_L14_002EDC70	level	1244	be2d6525d953bdcb	1	14:002EDC70
func_L14_002EE150	level	272	898533963106c99e	1	14:002EE150
func_L14_002EE260	level	1152	e4be90690a9b3556	1	14:002EE260
func_L14_002EE6E0	level	684	abf11ba8b41b1f19	1	14:002EE6E0
func_L14_002EE990	level	1768	fa6288d98d16d2ab	1	14:002EE990
func_L14_002EF078	level	2712	4f4a61b8b7b31531	1	14:002EF078
func_L14_002EFB10	level	552	bb8c8760524dc672	1	14:002EFB10
func_L14_002EFD38	level	1708	08d800cc47888db3	1	14:002EFD38
func_L14_002F03E8	level	496	abb39593edcf20c4	1	14:002F03E8
func_L14_002F05D8	level	656	7bb4425649bbad55	1	14:002F05D8
func_L14_002F0868	level	404	9302dcf9b0dedf36	1	14:002F0868
func_L14_002F0A00	level	48	7c096bbf12fe5f50	1	14:002F0A00
func_L14_002F0A30	level	132	8188f2fdafd3880d	1	14:002F0A30
func_L14_002F0AB8	level	192	cc3a2ddb65d44317	1	14:002F0AB8
func_L14_002F0B78	level	332	1e97aae46e5d6eb2	1	14:002F0B78
func_L14_002F19C0	level	2820	3382a991acbb20d1	1	14:002F19C0
func_L14_002F24C8	level	252	b441c6f0da70dbb6	1	14:002F24C8
func_L14_002F25C8	level	292	55c2349d133e5845	1	14:002F25C8
func_L14_002F2778	level	104	a797f98f0e4c330e	1	14:002F2778
func_L14_002F2880	level	152	2cb35e625d50193b	1	14:002F2880
func_L14_002FCEA8	level	1740	6181de7531f359d3	1	14:002FCEA8
func_L14_002FD578	level	756	b20b8a7a2ac74a08	1	14:002FD578
func_L14_002FD870	level	1192	da44f260d0e90635	1	14:002FD870
func_L14_002FDD18	level	268	7d1dc60282db3999	1	14:002FDD18,14:002FEC90
func_L14_002FDE28	level	520	4163fb52f818c2e7	1	14:002FDE28
func_L14_002FE038	level	1888	8fea49213314c06e	1	14:002FE038
func_L14_002FE798	level	1272	fd17ca3ff3550f33	1	14:002FE798
func_L14_002FEDA0	level	668	deb65113713af7c4	1	14:002FEDA0
func_L14_002FF040	level	788	f989fc52dd5a8e10	1	14:002FF040
func_L14_002FF358	level	852	7f26f888cd11f9f9	1	14:002FF358
func_L14_002FF6C0	level	104	789c00dd1eac6b5a	1	14:002FF6C0
func_L14_002FF728	level	1632	109edadebb9e8b96	1	14:002FF728
func_L14_002FFD88	shared	380	38972924f072e393	2	14:002FFD88,16:002E5288
func_L14_002FFF08	level	424	8c11e2f31ddbc9b6	1	14:002FFF08
func_L14_003000B0	shared	124	40e5e6f5ce3a3535	2	14:003000B0,16:002E5578
func_L14_00300130	shared	588	37285af61cc4ac7c	2	14:00300130,16:002E55F8
func_L14_00300468	level	1628	36f6662b2e3aedf0	1	14:00300468
func_L14_00300AC8	shared	1208	22c1e58610ae3dd4	2	14:00300AC8,16:002DF1A8
func_L14_00300F80	shared	268	1cc4512ae6bf6cb1	2	14:00300F80,16:002DF660
func_L14_00302288	level	1756	0ce749aa253be225	1	14:00302288
func_L14_00302968	level	236	1f8e0a340655298b	1	14:00302968
func_L14_00302A58	shared	552	5d3ab8ea9d1498ad	3	14:00302A58,15:002E7428,17:002E7F50
func_L14_00302C80	shared	1516	9292ad19da5882da	3	14:00302C80,15:002E7650,17:002E8178
func_L14_00303270	shared	444	30009de2f17a9aac	3	14:00303270,15:002E7C40,17:002E8768
func_L14_00303430	shared	1424	33003230132cd263	3	14:00303430,15:002E7E00,17:002E8928
func_L14_003039C0	shared	1056	13bbf9c6dc7f909d	3	14:003039C0,15:002E8390,17:002E8EB8
func_L14_00304E68	shared	336	bd55df2b69ab49c9	2	14:00304E68,15:002E9D00
func_L14_00306890	level	504	845a4cbd83a0d3b8	1	14:00306890
func_L14_00306A88	level	128	bfa284479d89402f	1	14:00306A88
func_L14_00306B08	level	216	1adfb3e41472963f	1	14:00306B08
func_L14_00306BE0	level	736	6d6fac467946a5a9	1	14:00306BE0
func_L14_00306FA0	level	528	fad6a3bf86ed00a5	1	14:00306FA0
func_L14_003071B0	level	1064	a2abb5a31d4410dd	1	14:003071B0
func_L14_003075E0	level	128	bcfbef5667ed2408	1	14:003075E0
func_L14_00307660	level	32	f5be156af8a45ead	1	14:00307660
func_L14_00307680	level	36	56084856f8ec288f	1	14:00307680
func_L14_003076A4	level	20	6cf2d8bf766a05f5	1	14:003076A4
func_L14_00308000	level	872	eeab01c6db0a0eb4	1	14:00308000
func_L14_00308368	level	1580	0999e109101225ea	1	14:00308368
func_L14_00308998	level	268	ee8b248557c73113	1	14:00308998
func_L14_00308AA8	level	1028	e749ea40343eef18	1	14:00308AA8
func_L14_00308F08	level	84	f3a6c38046eaab91	1	14:00308F08
func_L14_00309C48	level	240	4c2e5579301363f2	1	14:00309C48
func_L14_00314A40	level	80	b3f65da121900579	1	14:00314A40
func_L14_003162A0	level	4	d837053d14e737f2	1	14:003162A0
func_L14_00316388	level	908	6eaac5931d69fca3	1	14:00316388
func_L14_00316718	level	1676	8281c92057fe95eb	1	14:00316718
func_L14_00316DA8	level	172	d2afe708ffbd0ce6	1	14:00316DA8
func_L14_00316E60	level	880	fe8beaf93d9e40ef	1	14:00316E60
func_L14_003171D0	level	2556	1cafa4133bd50c5b	1	14:003171D0
func_L14_00317BD0	level	112	c88bc16b12377503	1	14:00317BD0
func_L14_00317C4C	level	28	3011e5ddf7ca82f0	1	14:00317C4C
func_L14_00317C68	level	36	4ce1c14c6ac7a02f	1	14:00317C68
func_L15_001FFED0	shared	1060	713e75ceebc6b081	2	15:001FFED0,18:0020F540
func_L15_00200D20	shared	80	3746b8d14609d73f	2	15:00200D20,18:00210398
func_L15_00200D70	shared	248	ec3013fae1c36322	2	15:00200D70,18:002103E8
func_L15_00204AC0	level	1056	c90d01508316d92f	1	15:00204AC0
func_L15_002092E0	shared	256	97ad9dd424610c0d	2	15:002092E0,18:00218F60
func_L15_00209448	level	1296	65971b1a40fe123f	1	15:00209448
func_L15_00209A88	shared	632	213f9f20dfe1af63	2	15:00209A88,18:00219728
func_L15_0020A960	shared	888	5c2f30228de0bd3a	2	15:0020A960,18:0021A648
func_L15_0020F460	level	28236	5ddf548ad250ba38	1	15:0020F460
func_L15_00216568	shared	1360	30733f20794a2fdc	2	15:00216568,18:00227700
func_L15_00217348	level	16252	463ab72e8cc8f79e	1	15:00217348
func_L15_0021B2C8	shared	120	01f81641c9b4e150	2	15:0021B2C8,18:0022CB78
func_L15_0021D7A8	level	22912	ca0d275341a87b6c	1	15:0021D7A8
func_L15_0022E478	level	140	be8c8cce0063e6b8	1	15:0022E478
func_L15_00248E58	level	352	51fe47b0adc3b620	1	15:00248E58
func_L15_0025F0A0	shared	260	0253de6b13905c73	2	15:0025F0A0,18:002718D0
func_L15_002655D0	shared	356	8b283a5a60e1f68c	2	15:002655D0,17:0026F840
func_L15_00266900	level	20	5e5a395248bea10b	1	15:00266900
func_L15_0027A1F0	shared	36	3df36a2eaa1065ac	3	15:0027A1F0,16:00285418,17:002842E0
func_L15_00298BB8	shared	7844	4c727476d8117ced	2	15:00298BB8,17:002A0BA0
func_L15_0029AA60	shared	488	26eaa6a3e3a0da71	2	15:0029AA60,17:002A2A48
func_L15_0029AC48	shared	120	abbfc189528fe3dd	2	15:0029AC48,17:002A2C30
func_L15_0029ACC0	shared	444	48362ae33937dfdf	2	15:0029ACC0,17:002A2CA8
func_L15_0029AE80	shared	312	9a174fe65ff42966	2	15:0029AE80,17:002A2E68
func_L15_0029AFB8	shared	544	0845352e380c3d08	2	15:0029AFB8,17:002A2FA0
func_L15_0029B1D8	shared	48	9616a66f3fc7ee1a	2	15:0029B1D8,17:002A31C0
func_L15_0029B210	shared	160	5334a885fe4e08bf	2	15:0029B210,17:002A31F8
func_L15_0029B2B0	shared	376	2558a697184c23be	2	15:0029B2B0,17:002A3298
func_L15_0029B428	shared	92	f39b9ec78bf1a7e2	2	15:0029B428,17:002A3410
func_L15_0029B488	shared	708	5b14d8bfbb671e15	2	15:0029B488,17:002A3470
func_L15_0029B750	shared	1588	7fac405faf345523	2	15:0029B750,17:002A3738
func_L15_0029BD88	shared	136	d40a40e6311edc2d	2	15:0029BD88,17:002A3D70,17:002F1F58
func_L15_0029BE10	shared	484	5cc5ec6fcaac12a3	4	15:0029BE10,16:002A17A0,17:002A3DF8,18:002A88C0
func_L15_0029BFF8	shared	364	3e11e4b9826741ae	4	15:0029BFF8,16:002A1988,16:002A20D0,17:002A3FE0,18:002A8AA8,18:002A91F0
func_L15_0029C168	shared	96	8ca8b5d7f38b9b7f	4	15:0029C168,16:002A1AF8,17:002A4150,18:002A8C18
func_L15_0029C1D0	level	1184	6da694fc7e4c1176	1	15:0029C1D0
func_L15_0029E8A0	shared	4920	897d052e730aaf8c	2	15:0029E8A0,18:002AB590
func_L15_0029FCB0	shared	284	d4ded868cd787c5a	2	15:0029FCB0,18:002AC9A0
func_L15_0029FF90	shared	2584	9a812f493526205e	2	15:0029FF90,18:002ACC80
func_L15_002A3668	shared	992	ca3268ad7786ab8d	2	15:002A3668,17:002A8E20
func_L15_002A3A48	shared	332	9b02ec5307d803b1	2	15:002A3A48,17:002A9200
func_L15_002A3B98	shared	568	36fdcb1a3638df83	2	15:002A3B98,17:002A9350
func_L15_002A3DD0	shared	1352	255d6dd87dd49959	2	15:002A3DD0,17:002A9588
func_L15_002A4318	shared	1184	02c5300bfd765e21	2	15:002A4318,17:002A9AD0
func_L15_002A47B8	shared	244	098b541cff0b966a	2	15:002A47B8,17:002A9F70
func_L15_002A48B0	level	1240	b38754df6058f255	1	15:002A48B0
func_L15_002A4D88	level	796	f550d242651299d5	1	15:002A4D88
func_L15_002A8090	shared	1980	683fbb8e525bf2fc	2	15:002A8090,17:002ADA50
func_L15_002A8850	shared	596	f09e02f91105110b	2	15:002A8850,17:002AE210
func_L15_002A8AA8	level	1980	cc99d9edded89ad7	1	15:002A8AA8
func_L15_002AB4A8	level	1736	5ac1b0d7ff1cc95a	1	15:002AB4A8
func_L15_002BEFF8	shared	768	1bc5a44228d4abe6	2	15:002BEFF8,17:002C2230
func_L15_002C3BD8	level	1684	38030c5c0b84608b	1	15:002C3BD8
func_L15_002C62A8	level	816	34ab86b6c6c4c103	1	15:002C62A8
func_L15_002C65D8	level	888	0937d39b3573af04	1	15:002C65D8
func_L15_002C6950	level	4816	ced0b2a58aa310c3	1	15:002C6950
func_L15_002C7C20	level	556	04714cc1c2f5e5e1	1	15:002C7C20
func_L15_002CC858	shared	1520	f5a7c06c1f293d26	2	15:002CC858,17:002CD2F8
func_L15_002CCE50	shared	220	50d24d0bbfef3456	2	15:002CCE50,17:002CD8F0
func_L15_002CCF30	shared	140	1f37d8d89ddb530d	2	15:002CCF30,17:002CD9D0
func_L15_002CCFC0	shared	344	0de86b70607d60a7	2	15:002CCFC0,17:002CDA60
func_L15_002CD118	shared	208	d49d4df45b897722	2	15:002CD118,17:002CDBB8
func_L15_002D0500	level	664	5b53265f25ac586e	1	15:002D0500
func_L15_002D0798	level	7168	2d01ab5d08042968	1	15:002D0798
func_L15_002D2398	level	1172	a4e7308724ce1af0	1	15:002D2398
func_L15_002D7B60	shared	160	d18965dcef2e8a88	2	15:002D7B60,17:002D62C0
func_L15_002D7C00	shared	4012	22062772670bd18b	2	15:002D7C00,17:002D6360
func_L15_002D8BB0	shared	552	06f9ccb8b7650da6	2	15:002D8BB0,17:002D7310
func_L15_002D8DD8	shared	452	bda443c8c0d05f0e	2	15:002D8DD8,17:002D7538
func_L15_002D8FA0	shared	2912	53deea334c7922e3	2	15:002D8FA0,17:002D7700
func_L15_002D9B00	shared	360	208fbc8527a4de8b	3	15:002D9B00,17:002D8260,18:002ECDE8
func_L15_002DA238	shared	696	7dbb0304aa96ec19	2	15:002DA238,17:002D8998
func_L15_002DA990	shared	68	3dded645494aad4f	2	15:002DA990,17:002D8C80
func_L15_002E5770	shared	508	324925e7c791a60d	2	15:002E5770,17:002E3708
func_L15_002E5970	shared	300	c2cfc16e0d41b0ed	2	15:002E5970,17:002E3908
func_L15_002E5AA0	level	192	2d7efbb3911adf69	1	15:002E5AA0
func_L15_002E6D48	shared	1300	d0cb19dc09f92a3f	2	15:002E6D48,17:002E7A38
func_L15_002E87B0	level	284	39e18448bba542a1	1	15:002E87B0
func_L15_002E92C8	level	140	0888c62e0c9730c5	1	15:002E92C8
func_L15_002E9358	level	948	21b195908c24c046	1	15:002E9358
func_L15_002EBB38	level	392	4d023b2cc4af1345	1	15:002EBB38
func_L15_002EBFC8	level	180	ecf081ccb5a41e8e	1	15:002EBFC8
func_L15_002EC080	level	1040	28e6271da2cef560	1	15:002EC080
func_L15_002EC490	shared	100	423404ec5d0aed19	2	15:002EC490,15:002EC848,15:002EF3A8,15:002EF788,17:002F23F0,17:002F27B0,17:002F2B70,17:002F2F28
func_L15_002EC4F8	level	848	64ebe315c9047c56	1	15:002EC4F8
func_L15_002EC8B0	level	500	f76a80b4a08d9390	1	15:002EC8B0
func_L15_002ECAA8	level	620	ebb531f6e7ddb412	1	15:002ECAA8
func_L15_002ECD18	level	184	9408d149d9b7817f	1	15:002ECD18
func_L15_002ECDD0	level	140	cda85ba9cedd1c0c	1	15:002ECDD0
func_L15_002ED168	shared	432	305c4ae7bad5d623	2	15:002ED168,17:002F32A0
func_L15_002ED318	level	132	0d345c48cce8117c	1	15:002ED318
func_L15_002ED3A0	level	36	318720e8fc24ab46	1	15:002ED3A0
func_L15_002ED3C4	level	92	96989aca4d2d1299	1	15:002ED3C4
func_L15_002ED420	level	1608	cbaf153bb97a2575	1	15:002ED420
func_L15_002EDB50	level	2312	42c9f0c3279cec4d	1	15:002EDB50
func_L15_002EE458	shared	912	3b6274907f386170	2	15:002EE458,18:002FCCC8
func_L15_002EE7E8	level	1924	a33194d41a4638a3	1	15:002EE7E8
func_L15_002EEF70	level	188	602bb3b1798550d7	1	15:002EEF70
func_L15_002EF030	level	888	f5e5840ce24a3b5b	1	15:002EF030
func_L15_002EF410	level	888	6f59136a75e6b65a	1	15:002EF410
func_L15_002F8D30	level	108	286da486cf23716b	1	15:002F8D30
func_L15_002F8D9C	level	12	16e07e04a28f8324	1	15:002F8D9C
func_L15_002F99F8	level	236	80542a73a7a5d4e4	1	15:002F99F8
func_L15_002F9AE8	level	592	7239660ac3d4fcd0	1	15:002F9AE8
func_L15_002F9D38	level	700	125eb12f6b03693e	1	15:002F9D38
func_L15_002F9FF8	level	104	78bc4842a080ff71	1	15:002F9FF8
func_L16_00209D98	level	908	a6f0de238ea7be5d	1	16:00209D98
func_L16_0020FEC8	level	120	61dd9dcd74c5c9e4	1	16:0020FEC8
func_L16_002105C8	level	2040	d5880cab69cd0250	1	16:002105C8
func_L16_00211178	level	1116	4e46889d598d02f5	1	16:00211178
func_L16_002116B0	level	1672	3f5a95ce5c0ca1a3	1	16:002116B0
func_L16_00214C88	level	36052	a6d95259afcc38f0	1	16:00214C88
func_L16_0021EA88	level	18092	d50f62714d048bf6	1	16:0021EA88
func_L16_00227818	level	26480	ba642954b4e7c03c	1	16:00227818
func_L16_002A1B58	shared	244	f5fc14b336d92856	2	16:002A1B58,18:002A8C78
func_L16_002A1C50	shared	808	ab686dd9e36d95ef	2	16:002A1C50,18:002A8D70
func_L16_002A1F78	shared	344	9b7da0111fa0c2d3	2	16:002A1F78,18:002A9098
func_L16_002A50F0	level	1552	d6971e7496ca3cd1	1	16:002A50F0
func_L16_002C5030	level	696	1123500fe8345fd8	1	16:002C5030
func_L16_002C57E8	level	540	61882b7caa5a501f	1	16:002C57E8
func_L16_002C5A08	level	16	99669a21a86b0aba	1	16:002C5A08
func_L16_002C7218	level	948	3d8786d8824069e1	1	16:002C7218
func_L16_002C75D0	level	296	4cb75a8ada3e8d2c	1	16:002C75D0
func_L16_002CA848	level	232	89358a0855bae30f	1	16:002CA848
func_L16_002CA930	level	228	98dfa5f216072f6e	1	16:002CA930
func_L16_002CAA18	level	548	e85420aa539d339d	1	16:002CAA18
func_L16_002CAC40	level	472	ad81bc06df6a1c11	1	16:002CAC40
func_L16_002CAE18	level	484	da7dbd0b303262f4	1	16:002CAE18
func_L16_002CB000	level	152	fdb7d5e2e84e364e	1	16:002CB000
func_L16_002CB098	level	984	8e632f4a62280ac5	1	16:002CB098
func_L16_002CF180	level	3124	780a5d0dc60a8bda	1	16:002CF180
func_L16_002CFDB8	level	696	ed1ab11990ba2403	1	16:002CFDB8
func_L16_002D0070	level	116	81023328b07cab83	1	16:002D0070
func_L16_002D00E8	level	336	50211b1a2aa77753	1	16:002D00E8
func_L16_002D0238	level	236	8ff4c71682033616	1	16:002D0238
func_L16_002D0328	level	568	054429e161c8410d	1	16:002D0328
func_L16_002D0560	level	784	4644e9db8dcd65f1	1	16:002D0560
func_L16_002D0870	level	284	add038781689c5bb	1	16:002D0870
func_L16_002D0990	level	176	98581863c37eb0be	1	16:002D0990
func_L16_002D0A40	level	192	71a544a3b5d4bfe5	1	16:002D0A40
func_L16_002D0B00	level	40	3db1092528e70c75	1	16:002D0B00
func_L16_002D0B28	level	56	55d3f26851c1dcaf	1	16:002D0B28
func_L16_002D0B60	level	16	42939b1f0aafc1ac	1	16:002D0B60
func_L16_002D0B70	level	168	c8ea6cc58203dcf6	1	16:002D0B70
func_L16_002D0C18	level	380	5708bd14df3427e8	1	16:002D0C18
func_L16_002D0D98	level	36	acdb032220b77114	1	16:002D0D98
func_L16_002D0DC0	level	520	309bd440cdfa53f7	1	16:002D0DC0
func_L16_002D1310	level	236	55b28336de8e06bd	1	16:002D1310
func_L16_002D1420	level	1092	33326c50125f5a34	1	16:002D1420
func_L16_002D1868	level	3388	ac4e86342f8ffdb7	1	16:002D1868
func_L16_002D40B8	shared	3008	f06b3410a90dbb62	2	16:002D40B8,18:002DDD08
func_L16_002D4C78	shared	1296	d0029cd379da5b80	2	16:002D4C78,18:002DE8C8
func_L16_002D5188	shared	32	8937464e89ad33ff	2	16:002D5188,18:002DEDD8
func_L16_002D51A8	shared	216	5954636de572ae2f	2	16:002D51A8,18:002DEDF8
func_L16_002D5280	shared	192	4320d8030e2cfe3f	2	16:002D5280,18:002DEED0
func_L16_002D5340	shared	248	0dcc8cb00ef90e33	2	16:002D5340,18:002DEF90
func_L16_002D5438	shared	392	d75dfb9dc2941557	2	16:002D5438,18:002DF088
func_L16_002D55C0	shared	916	be8877b45a3db3ba	2	16:002D55C0,18:002DF210
func_L16_002D5958	shared	884	d99c4be589b67a72	2	16:002D5958,18:002DF5A8
func_L16_002D5CD0	shared	768	55d48739f60b024c	2	16:002D5CD0,18:002DF920
func_L16_002D6DA8	level	240	11226bedbe3a2303	1	16:002D6DA8
func_L16_002D6E98	level	244	6579bb3a2fc9df7d	1	16:002D6E98
func_L16_002D6F90	level	240	c1f5b2fc4204d281	1	16:002D6F90
func_L16_002D7080	level	248	05c66ccb801e4f4a	1	16:002D7080
func_L16_002D7178	level	204	96b8bbc68dd9faba	1	16:002D7178
func_L16_002D7248	level	116	f6564f072d964223	1	16:002D7248
func_L16_002D72C0	level	872	1891ab1b4911a417	1	16:002D72C0
func_L16_002D7628	level	276	4b7cb3f2846492c4	1	16:002D7628
func_L16_002D7B08	level	252	dd09ab02aefa8b7e	1	16:002D7B08
func_L16_002DF780	level	8	0e6e57995656f65f	1	16:002DF780
func_L16_002E2248	level	72	66c322174314019b	1	16:002E2248
func_L16_002E2290	level	76	7fa5ca53aa78fcfe	1	16:002E2290
func_L16_002E22DC	level	12	7c77309f2e1779e8	1	16:002E22DC
func_L16_002E3740	shared	2184	5329a2fa108f4fb3	2	16:002E3740,18:002F1D10
func_L16_002E3FC8	shared	804	a105aaf6876a2552	2	16:002E3FC8,18:002F2598
func_L16_002E42F0	shared	280	d089e0a9ce78b3b3	2	16:002E42F0,18:002F28C0
func_L16_002E4408	shared	172	46c2ad77a46021b6	2	16:002E4408,18:002F29D8
func_L16_002E44B8	shared	84	45a28477191f841e	2	16:002E44B8,18:002F2A88
func_L16_002E45F8	level	1364	50d7b6c5d80ab876	1	16:002E45F8
func_L16_002E4B50	level	136	4104befd697b5ff9	1	16:002E4B50
func_L16_002E4BD8	level	40	b672591c00d73e43	1	16:002E4BD8
func_L16_002E4C08	level	1664	686b1f6976031eb2	1	16:002E4C08
func_L16_002E5408	level	368	b9df1d1d1024ac81	1	16:002E5408
func_L16_002E5848	level	1312	18ebd8670d21eda1	1	16:002E5848
func_L16_002E5D68	level	340	edad9763d32f498e	1	16:002E5D68
func_L16_002E5EC0	level	256	98f966353a3cb579	1	16:002E5EC0
func_L16_002E6478	level	584	253b9e7152a4e8cd	1	16:002E6478
func_L16_002E66C0	level	584	e8d910d23ddd4fe4	1	16:002E66C0
func_L16_002E6908	level	572	faeffe6c28635fac	1	16:002E6908
func_L16_002E6B48	level	40	bae19d18d4c66442	1	16:002E6B48
func_L16_002E6B70	shared	460	2a920e002a6850f2	2	16:002E6B70,18:002FC2A8
func_L16_002E6D40	shared	1012	337886f45358f83c	2	16:002E6D40,18:002FC478
func_L16_002E7138	shared	36	292616b2a92f4735	2	16:002E7138,18:002FC870
func_L16_002E7160	shared	44	b017f064314c4873	2	16:002E7160,18:002FC898
func_L16_002E7198	shared	216	b87de208c5f7379f	2	16:002E7198,18:002FC8D0
func_L16_002E7270	level	1020	f72242bcd02138c7	1	16:002E7270
func_L16_002E7670	level	544	4594eb31f1b3f7e7	1	16:002E7670
func_L16_002E7890	level	420	391ab52b9b32514e	1	16:002E7890
func_L16_002E7C70	level	2248	60cae3d4400beeba	1	16:002E7C70
func_L16_002E8538	level	164	1b1ed646cb130e7b	1	16:002E8538
func_L16_002E85E0	level	156	ef8008012863085f	1	16:002E85E0
func_L16_002E8680	level	216	5fb4d071844ef785	1	16:002E8680
func_L16_002E8B30	level	884	408d48b61e1ef4c3	1	16:002E8B30
func_L16_002E8EA8	level	368	7c2de06a09297f22	1	16:002E8EA8
func_L16_002E9018	level	608	3133b2abcc5dbe1f	1	16:002E9018
func_L16_002E9278	level	380	ac5ae7913e6c02eb	1	16:002E9278
func_L16_002E93F8	level	1380	0814805ca28f72bd	1	16:002E93F8
func_L16_002E9960	level	1000	34eea740db8b870e	1	16:002E9960
func_L16_002E9D48	level	156	e0acaaf1fb56610a	1	16:002E9D48
func_L16_002E9DE8	level	408	7f20377876c77a2a	1	16:002E9DE8
func_L16_002E9F80	level	140	c98e4a7c6c4f147f	1	16:002E9F80
func_L16_002EA010	level	420	e778cf6353c0ae68	1	16:002EA010,16:002EA540,16:002EAA70,16:002EAFB0,16:002EB2B8
func_L16_002EA1B8	level	316	20edf9f41baf1b70	1	16:002EA1B8,16:002EAC18,16:002EB460
func_L16_002EA2F8	level	584	ce042e6c45994d0a	1	16:002EA2F8
func_L16_002EA6E8	level	316	f83d7cceaed863f4	1	16:002EA6E8
func_L16_002EA828	level	584	844685064606dbc0	1	16:002EA828
func_L16_002EAD58	level	596	c05457469327cb42	1	16:002EAD58
func_L16_002EB158	level	268	518408ddf31529f5	1	16:002EB158
func_L16_002EB268	shared	76	3dd7a9f4c5b2b301	2	16:002EB268,17:002F72E0,17:002F75F8,17:002F7910,17:002F7C28,17:002F7F40,17:002F8258
func_L16_002EB5A0	level	596	12f5d91a54b94731	1	16:002EB5A0
func_L17_00202740	level	172	b6e6592ced1c5a32	1	17:00202740
func_L17_0020E320	level	1192	f49faba5e51a5fe5	1	17:0020E320
func_L17_0020E8F8	level	704	002d53b88d25add2	1	17:0020E8F8
func_L17_00214F68	level	36168	086a5961a2756154	1	17:00214F68
func_L17_0021ED38	level	20112	ba5e39ce1e4dceff	1	17:0021ED38
func_L17_002260F0	level	30672	c90f3503a021acaf	1	17:002260F0
func_L17_00254B40	level	192	08e78d892d8b5c45	1	17:00254B40
func_L17_00270A28	level	296	479d0fef3b49fb1f	1	17:00270A28
func_L17_00270C98	level	400	3d04eb3d0fedfc5a	1	17:00270C98
func_L17_002AA068	level	2068	81acbb2d0722fc8e	1	17:002AA068
func_L17_002AA880	level	484	a3a165e263d53493	1	17:002AA880
func_L17_002CC788	level	2300	4f4ffdda8b43a55a	1	17:002CC788
func_L17_002CD088	level	292	9fa85ebce79cbf26	1	17:002CD088
func_L17_002CD1B0	level	328	43b3f73c6f0a44b9	1	17:002CD1B0
func_L17_002D8CC8	level	1280	816947e4387fcf5f	1	17:002D8CC8
func_L17_002D91C8	level	792	4a1fde89933c30a1	1	17:002D91C8
func_L17_002DD8D0	level	968	8acb09aa8dff2132	1	17:002DD8D0
func_L17_002E4BA0	shared	12	057bfee8c782a0fe	2	17:002E4BA0,18:002EDC38
func_L17_002EA2C8	level	1580	9b7e83a81019b6fd	1	17:002EA2C8
func_L17_002EA8F8	level	1740	86c230012b6c3fd5	1	17:002EA8F8
func_L17_002EAFC8	level	300	72daf8391399c3bf	1	17:002EAFC8
func_L17_002EC5D0	level	520	1d6bdd95c3a58822	1	17:002EC5D0
func_L17_002EC7D8	level	2684	389a297b01b4654a	1	17:002EC7D8
func_L17_002ED258	level	572	3f2be25ed60d3bf0	1	17:002ED258
func_L17_002ED498	level	1620	541f9938efa7ee11	1	17:002ED498
func_L17_002EDAF0	level	336	8252170c3135666e	1	17:002EDAF0
func_L17_002EDC40	level	288	0fa2baece81d5ff0	1	17:002EDC40
func_L17_002EDE50	level	3252	f68af6b6198fffdf	1	17:002EDE50
func_L17_002EEB08	level	3860	24915f35505ee33b	1	17:002EEB08
func_L17_002EFA20	level	924	b343a971a15b3ede	1	17:002EFA20
func_L17_002EFDC0	level	1808	ae2842943b2139f5	1	17:002EFDC0
func_L17_002F04D0	level	176	21635582e0393925	1	17:002F04D0
func_L17_002F0580	level	244	aee285dbcd9e3826	1	17:002F0580
func_L17_002F0678	level	3808	199242e6bea22761	1	17:002F0678
func_L17_002F1558	level	764	7d97c24c012bce4c	1	17:002F1558
func_L17_002F1858	level	348	94433ed3400400a7	1	17:002F1858
func_L17_002F19B8	level	132	a6a9a8eeb1057ae0	1	17:002F19B8,17:002F1A40,17:002F1AC8
func_L17_002F1BB0	level	364	a144d4a8ad150874	1	17:002F1BB0
func_L17_002F1D20	level	564	2634f94bd72c41c1	1	17:002F1D20
func_L17_002F1FE0	level	1040	140e76b22ecfb9f8	1	17:002F1FE0
func_L17_002F2458	level	856	a8dd939ee405e61a	1	17:002F2458,17:002F2818
func_L17_002F2BD8	level	848	bbeffb0b04333e5a	1	17:002F2BD8
func_L17_002F3450	level	1988	6afa3eaa0b1e3742	1	17:002F3450
func_L17_002F3C18	level	168	abce1134ee59d135	1	17:002F3C18
func_L17_002F3CC0	level	1352	fc266e723065c354	1	17:002F3CC0
func_L17_002F4208	level	4	923c4d659087e13b	1	17:002F4208
func_L17_002F4210	level	1956	1d067b9f6ef34974	1	17:002F4210
func_L17_002F49B8	level	160	d3feead6ce58aa0f	1	17:002F49B8
func_L17_002F4E30	level	1368	3b741fba14affa89	1	17:002F4E30
func_L17_002F5388	level	796	505b72d0702fdb86	1	17:002F5388
func_L17_002F5C18	level	2368	0721b4eed9e95e35	1	17:002F5C18
func_L17_002F6AF0	level	4	16128f548a38b512	1	17:002F6AF0
func_L17_002F6AF8	level	676	2bc6304432d10d46	1	17:002F6AF8
func_L17_002F6DA0	level	296	a38f71048b470bd4	1	17:002F6DA0
func_L17_002F6ED0	level	316	2903a37d72d390c9	1	17:002F6ED0
func_L17_002F7018	level	440	73441e98f7b0c6c2	1	17:002F7018,17:002F7330,17:002F7648,17:002F7960,17:002F7F90
func_L17_002F71D0	level	268	6e8d65fd21ff6e5b	1	17:002F71D0,17:002F7800,17:002F7E30
func_L17_002F74E8	level	268	c3b0bb947b74e0a6	1	17:002F74E8,17:002F7B18,17:002F8148
func_L17_002F7C78	level	440	56e03df4fc3310b2	1	17:002F7C78
func_L18_00214138	level	1080	e437160bcbcc56e7	1	18:00214138
func_L18_002190C8	level	1328	ff657c0a19caabb8	1	18:002190C8
func_L18_0021F1D8	level	33392	bdcddb4a999d39e3	1	18:0021F1D8
func_L18_002284E0	level	18072	a550d3e07a90a535	1	18:002284E0
func_L18_0022F058	level	27320	f95574be7635e211	1	18:0022F058
func_L18_00267000	level	148	8f6f48c9ef5b4b5e	1	18:00267000
func_L18_00282F48	level	48	7dfa102f80e56c7a	1	18:00282F48
func_L18_002A8400	level	972	c4f35e7822ac159b	1	18:002A8400
func_L18_002A87D0	level	240	35a133d578b57791	1	18:002A87D0
func_L18_002D6440	level	756	c41911e94c053332	1	18:002D6440
func_L18_002D6738	level	320	44855fb0781f314c	1	18:002D6738
func_L18_002D6878	level	388	97ded8d0d4cdcfb0	1	18:002D6878
func_L18_002D6A00	level	340	b2f946279f839d3b	1	18:002D6A00
func_L18_002D6B58	level	432	5d6eb676f4423362	1	18:002D6B58
func_L18_002D6D08	level	992	5669c94ec5a3e872	1	18:002D6D08
func_L18_002D70E8	level	552	a84d396b1c22436e	1	18:002D70E8
func_L18_002D7310	level	484	a13e0e45ce3acb3f	1	18:002D7310
func_L18_002D74F8	level	136	31f3fa32f31ac987	1	18:002D74F8
func_L18_002D7580	level	76	11dbc1a11738fad4	1	18:002D7580,18:002D75D0
func_L18_002D7670	level	104	75a939f64e4c38cc	1	18:002D7670,18:002FE1C0
func_L18_002D76D8	level	788	5a4f92974045ac2e	1	18:002D76D8
func_L18_002D79F0	level	1368	8f8d998d90014420	1	18:002D79F0
func_L18_002D7F48	level	292	344ff9752a03bb46	1	18:002D7F48
func_L18_002D8070	level	204	c1c2ffd112df7a70	1	18:002D8070
func_L18_002D8140	level	108	88bbf824b7a4c268	1	18:002D8140
func_L18_002D81B0	level	28	172b5b4cbee3d3c0	1	18:002D81B0
func_L18_002D8F10	level	1092	190fae48cbb0ba3d	1	18:002D8F10
func_L18_002D9358	level	104	369e24a5b46f49b9	1	18:002D9358
func_L18_002D93C0	level	128	c4d6cefad7cd8ad6	1	18:002D93C0
func_L18_002D9440	level	32	92207e0efd2fe920	1	18:002D9440
func_L18_002D9460	level	36	5790e61b2546d618	1	18:002D9460
func_L18_002D96B0	level	1104	f0c6dec9cb3d10ba	1	18:002D96B0
func_L18_002D9B00	level	328	1128f8d3a365b2a8	1	18:002D9B00
func_L18_002D9C48	level	48	b63b5f2e46bf7780	1	18:002D9C48
func_L18_002D9C78	level	24	c14ec60d7906920f	1	18:002D9C78
func_L18_002D9C90	level	24	822a2f36d4141dfc	1	18:002D9C90
func_L18_002D9CA8	level	752	29f465a83ab344ec	1	18:002D9CA8
func_L18_002DC850	level	1236	9ffead50431dc720	1	18:002DC850
func_L18_002DCD28	level	232	33d88c849a65fbe5	1	18:002DCD28
func_L18_002DCE10	level	1116	512527a4f21c87a7	1	18:002DCE10
func_L18_002DD270	level	584	be49b8554f9572aa	1	18:002DD270
func_L18_002DD4B8	level	408	ddcfbc3d2c27e99f	1	18:002DD4B8
func_L18_002DD650	level	380	3199f478c63a4d87	1	18:002DD650
func_L18_002DD7D0	level	116	5367eb5740430ff1	1	18:002DD7D0
func_L18_002DD848	level	96	e875489830a1a15c	1	18:002DD848
func_L18_002DD8A8	level	1116	57a04773dd630c99	1	18:002DD8A8
func_L18_002E09F8	level	1176	ae4c05061abd1ae2	1	18:002E09F8
func_L18_002E0E90	level	236	30bce841f0569612	1	18:002E0E90
func_L18_002E0F80	level	12	c2100782edc4d040	1	18:002E0F80
func_L18_002E0F90	level	24	19fe8477b48e6d20	1	18:002E0F90
func_L18_002E36B0	level	132	41cc9a5478925cd2	1	18:002E36B0
func_L18_002EAB58	level	1764	9d7b3ceca18bce07	1	18:002EAB58
func_L18_002EB260	level	640	12d0505339aef5d8	1	18:002EB260
func_L18_002EB4E0	level	120	5311f2d7e0c095da	1	18:002EB4E0
func_L18_002EB558	level	144	e25df6f03aa344d6	1	18:002EB558
func_L18_002EB5E8	level	924	63495200ed0e1daf	1	18:002EB5E8
func_L18_002EB988	level	612	00f737dcb4a978e0	1	18:002EB988
func_L18_002EBBF0	level	1236	8bf18408e9e09636	1	18:002EBBF0
func_L18_002EC0C8	level	452	36d1a416420cf119	1	18:002EC0C8
func_L18_002EC290	level	2904	5a24e8e73b661e14	1	18:002EC290
func_L18_002ED520	level	696	276604c29e564b3e	1	18:002ED520
func_L18_002F0F78	level	1192	5227d4e1a329daec	1	18:002F0F78
func_L18_002F1420	level	36	1c51b59bea5dba88	1	18:002F1420
func_L18_002F1444	level	204	d29dafc250cdb565	1	18:002F1444
func_L18_002F1510	level	452	25371c5e6180e1ec	1	18:002F1510
func_L18_002F16D8	level	164	24cc73aa86e0677f	1	18:002F16D8
func_L18_002F1780	level	816	e9de5122788f326e	1	18:002F1780
func_L18_002F1AB0	level	388	8475812672388d69	1	18:002F1AB0
func_L18_002F1C38	level	212	11428c90121cb78c	1	18:002F1C38
func_L18_002F2AE0	level	1368	21c618884684e839	1	18:002F2AE0
func_L18_002F3038	level	140	2f126d5f216f2238	1	18:002F3038
func_L18_002F30C8	level	64	aa2dabdaf08c5d14	1	18:002F30C8
func_L18_002F3108	level	352	9185a2b55a82fb3c	1	18:002F3108
func_L18_002F3268	level	368	fe739b9930b7a1bd	1	18:002F3268
func_L18_002F33D8	level	824	6e5f6302195bbea9	1	18:002F33D8
func_L18_002F3710	level	744	96e47f09b9ca44ba	1	18:002F3710
func_L18_002F39F8	level	132	2b79de7ede63806e	1	18:002F39F8
func_L18_002F3A80	level	420	5b419c74c4eac65d	1	18:002F3A80
func_L18_002F3C28	level	420	420dd035d4d9bb25	1	18:002F3C28
func_L18_002F3DD0	level	420	7751ca7486e72345	1	18:002F3DD0
func_L18_002F3F78	level	212	ffe58df2f8f7e9d1	1	18:002F3F78
func_L18_002F4050	level	12840	5d2e5a9c18eb31ff	1	18:002F4050
func_L18_002F7278	level	100	eb8cd15863869243	1	18:002F7278
func_L18_002F72E0	level	2548	7237d3a2cbbc56b1	1	18:002F72E0
func_L18_002F7CD8	level	232	482d7f1632ec475a	1	18:002F7CD8
func_L18_002F7DC0	level	316	ebd4ff0e3bfcb2f5	1	18:002F7DC0
func_L18_002F7F00	level	876	e1aa057b7a108ea7	1	18:002F7F00
func_L18_002F8270	level	404	88cc8cab971acfaf	1	18:002F8270
func_L18_002F8408	level	124	afb31ea0cb7795da	1	18:002F8408
func_L18_002F8488	level	140	cf8e1483d95097b8	1	18:002F8488
func_L18_002F8518	level	360	46d2b569b13c6d0a	1	18:002F8518
func_L18_002F8680	level	104	272b7ce694ce6bce	1	18:002F8680
func_L18_002F86E8	level	1048	7d9e62f850f4a5c4	1	18:002F86E8
func_L18_002F8B00	level	480	1894f5fb7f92ee75	1	18:002F8B00
func_L18_002F8CE0	level	556	56a72f8041064d5c	1	18:002F8CE0
func_L18_002F8F10	level	40	384d362efa4d10d2	1	18:002F8F10
func_L18_002F8F38	level	356	d73cd3d6f21cafbf	1	18:002F8F38
func_L18_002F90A0	level	1040	62e4736f4b2a94f2	1	18:002F90A0
func_L18_002F94B0	level	1544	7e189ec947e613b6	1	18:002F94B0
func_L18_002F9AB8	level	656	a9adaab4e0e1b7a7	1	18:002F9AB8
func_L18_002F9D48	level	3732	b9346ac68c0e7112	1	18:002F9D48
func_L18_002FABE0	level	792	93e64f80b0688c84	1	18:002FABE0
func_L18_002FAEF8	level	392	70d5e94c2b74f7ad	1	18:002FAEF8
func_L18_002FB080	level	660	972a77043d06db61	1	18:002FB080
func_L18_002FB318	level	920	ac8345cb7c870dc9	1	18:002FB318
func_L18_002FB6B0	level	464	5b0d79258b030a73	1	18:002FB6B0
func_L18_002FBAA0	level	228	64fc918c2c8018b9	1	18:002FBAA0
func_L18_002FBB88	level	352	9272ffae35079631	1	18:002FBB88
func_L18_002FBCE8	level	88	e865be857a8164e6	1	18:002FBCE8
func_L18_002FBD40	level	80	3b3866a92ce352b6	1	18:002FBD40
func_L18_002FC188	level	288	2e725bdffa5d0322	1	18:002FC188
func_L18_002FD058	level	1384	2b0874ecdcf525dc	1	18:002FD058
func_L18_002FD5C0	level	988	5dea6efc5605dd0d	1	18:002FD5C0
func_L18_002FD9A0	level	388	93f0148ce5bcee1e	1	18:002FD9A0
func_L18_002FDB28	level	372	3343554a7de99003	1	18:002FDB28
func_L18_002FDCA0	level	36	a0e219c5f8399ac0	1	18:002FDCA0
func_L18_002FDCC4	level	92	23dc724c53370109	1	18:002FDCC4
func_L18_002FDD20	level	564	eeaea8e56ca3e631	1	18:002FDD20
func_L18_002FDF58	level	276	393ceff96fce0bc5	1	18:002FDF58
